run,env,epoch,fold,in_development,in_heldout,in_heldout_dataset,in_heldout_method,in_calibration_fit,sr_development,sr_heldout,sr_heldout_method,method,vis,veracity,influence,sobriety,m_emp,probe_r2,straightness,d_tol_grade,sigma_roll,tr_sigma_z,sr_heldout_dataset,in_cube_reference
ext_intact_full_cube_s0,cube,0,heldout-method,0,0,0,1,0,nan,nan,76.0,INTACT,0.0242197285292274,0.3100125251741107,1.0,0.078125,110.14382312103183,0.9761882937420623,nan,6.182428962134887,7.749889664303549,143.17768670030057,nan,0
ext_intact_full_cube_s3072,cube,0,heldout-method,0,0,0,1,0,nan,nan,74.0,INTACT,0.05261931745777431,0.3367636317297556,1.0,0.15625,122.93138852964042,0.9733525601082444,nan,6.306634419421562,7.241526324084424,142.13199428482045,nan,0
ext_intact_full_cube_s42,cube,0,heldout-method,0,0,0,1,0,nan,nan,80.0,INTACT,0.1338164327698941,0.38928416805787375,1.0,0.34375,136.72308190384055,0.9697809089198208,nan,6.860755017669881,6.738757631416412,181.59645097539797,nan,0
ext_qantara_cube_s11,cube,0,heldout-method,0,0,0,1,0,nan,nan,90.0,Qantara,0.8904335719874786,0.9997850632841865,1.0,0.890625,159.8953007854166,0.9001008613652958,0.5117089109694329,10.324472206194164,1.3949044188743835,207.79412571228036,nan,0
ext_qantara_cube_s22,cube,0,heldout-method,0,0,0,1,0,nan,nan,87.33333333333333,Qantara,0.9062486471969331,0.9999985072517883,1.0,0.90625,197.03408817753282,0.9012775064209192,0.5281157703968233,11.1356909988887,1.1570260594689699,208.75416138090574,nan,0
ext_qantara_cube_s33,cube,0,heldout-method,0,0,0,1,0,nan,nan,90.66666666666667,Qantara,0.9218739558943434,0.9999988674108132,1.0,0.921875,194.82712280878573,0.9029285996499624,0.523993109498665,11.390681633989594,1.1701760113661492,206.72591962913907,nan,0
ext_rcaux_cube,cube,0,heldout-method,0,0,0,1,0,nan,nan,74.66666666666667,RC-aux,0.36486209650160034,0.8648583028186082,1.0,0.421875,187.29853444095895,0.9884379446565332,0.42338738508251494,8.338512125438477,2.790424279506973,192.12731598523865,nan,0
visreg_ogb_lambd4p5_102702,cube,1,unsplit,0,0,0,0,0,64.0,nan,nan,,0.11829474942723385,0.5047242642228644,1.0,0.234375,105.86349327720197,0.8884015091476711,0.04637073405331141,5.405592814423872,3.9633826526058384,187.1604727791339,nan,1
visreg_ogb_lambd4p5_102702,cube,2,unsplit,0,0,0,0,0,74.0,nan,nan,,0.4978529452285356,0.7586330593958638,1.0,0.65625,162.50108551490086,0.9357375398120192,0.0689523317816275,5.626627872038847,2.401305265567727,179.40799491077536,nan,1
visreg_ogb_lambd4p5_102702,cube,3,unsplit,0,0,0,0,0,70.0,74.0,nan,,0.5420126322797444,0.788382010588719,1.0,0.6875,183.03633552315097,0.9549738643124724,0.08590505620148343,5.657058584651188,2.264401735332491,174.6380039178237,nan,1
visreg_ogb_lambd4p5_102702,cube,4,unsplit,0,0,0,0,0,72.0,75.0,nan,,0.5876704464228941,0.8357979682458939,1.0,0.703125,199.71822710352842,0.9652623458651313,0.10048293860896398,5.875028410463546,2.111683162992759,177.27643642601987,nan,1
visreg_ogb_lambd4p5_102702,cube,5,unsplit,0,0,0,0,0,72.0,nan,nan,,0.7715820308479086,0.8978409086230209,1.0,0.859375,222.63059494612713,0.9710692030243723,0.10283691003880321,5.8195205509446986,1.7802412187182077,176.93342796365587,nan,1
visreg_ogb_lambd4p5_102702,cube,6,unsplit,0,0,0,0,0,72.0,nan,nan,,0.6951743160488427,0.9268990880651237,1.0,0.75,231.67445113452123,0.9756069047123671,0.12290579447950603,6.092291281234169,1.6996682285993585,177.00524121136306,nan,1
visreg_ogb_lambd4p5_102702,cube,7,unsplit,0,0,0,0,0,72.0,nan,nan,,0.7105972784917354,0.9474630379889805,1.0,0.75,241.04922055449563,0.9790058014159774,0.13661376625949243,6.145786691812553,1.5850216231026377,177.5344101542795,nan,1
visreg_ogb_lambd4p5_102702,cube,8,unsplit,0,0,0,0,0,70.0,nan,nan,,0.8469945122682727,0.9679937283065974,1.0,0.875,249.413654930531,0.9804650389079942,0.14893521076485558,6.417785566907055,1.496453140886047,177.61881866252324,nan,1
visreg_ogb_lambd4p5_102702,cube,9,unsplit,0,0,0,0,0,70.0,nan,nan,,0.8559895310037404,0.9782737497185605,1.0,0.875,254.85272097559016,0.9812265030958134,0.15615983509390852,6.581336132050987,1.4337673489613039,177.68343120302697,nan,1
visreg_ogb_lambd4p5_102702,cube,10,unsplit,0,0,0,0,0,68.0,nan,nan,,0.8420556383914874,0.9798465610373672,1.0,0.859375,256.0012627456147,0.9811953290673511,0.15569254705211788,6.599283220728762,1.4201297830651591,177.72010627070728,nan,1
visreg_ogb_lambd4p5_lr1e-4_103030,cube,1,unsplit,0,0,0,0,0,80.0,nan,nan,,0.16655783641907168,0.5610369226747678,1.0,0.296875,125.07014186486836,0.9350000161944588,0.08996382489958756,5.7673942100422595,3.7259696701399925,176.97198853610308,nan,1
visreg_ogb_lambd4p5_lr1e-4_103030,cube,2,unsplit,0,0,0,0,0,76.0,nan,nan,,0.5147254699759526,0.7843435732966896,1.0,0.65625,190.15067166689948,0.9654748699903463,0.10238221334469429,5.5123423761396415,2.226020310129199,174.3525223763932,nan,1
visreg_ogb_lambd4p5_lr1e-4_103030,cube,3,unsplit,0,0,0,0,0,76.0,nan,nan,,0.5197888826483846,0.8529868843460672,1.0,0.609375,202.04327124171067,0.9774805675339566,0.1319752779325849,6.292434557345338,2.169561374954501,178.84659317637767,nan,1
visreg_ogb_lambd4p5_lr1e-4_103030,cube,4,unsplit,0,0,0,0,0,74.0,nan,nan,,0.6410593918817843,0.9324500245553227,1.0,0.6875,222.18510548038424,0.9840210055647919,0.18393702253824684,7.149907987003538,1.9556671312432612,177.82997635480058,nan,1
visreg_ogb_lambd4p5_lr1e-4_103030,cube,5,unsplit,0,0,0,0,0,74.0,nan,nan,,0.6849695197600834,0.9741788725476741,1.0,0.703125,247.6594275741062,0.9863189468447006,0.22022017296271626,7.378641663792681,1.6552267786325063,178.40816464374052,nan,1
visreg_ogb_lambd4p5_lr1e-4_103030,cube,6,unsplit,0,0,0,0,0,74.0,nan,nan,,0.7360881851351249,0.9814509135134999,1.0,0.75,249.91099876163872,0.9875435275726798,0.24417380910661918,7.854948495410654,1.6680919393601628,178.91235019950327,nan,1
visreg_ogb_lambd4p5_lr1e-4_103030,cube,7,unsplit,0,0,0,0,0,74.0,nan,nan,,0.7873337618183387,0.988026681497523,1.0,0.796875,266.70686822469776,0.9882513644153778,0.2553997377466699,7.591755985901172,1.51053885953593,178.07138279469103,nan,1
visreg_ogb_lambd4p5_lr1e-4_103030,cube,8,unsplit,0,0,0,0,0,72.0,nan,nan,,0.8862641211513229,0.9951035746260468,1.0,0.890625,278.0949829204428,0.9882764323879973,0.27268508459268537,7.890165236759402,1.4020629527192996,178.85244144278658,nan,1
visreg_ogb_lambd4p5_lr1e-4_103030,cube,9,unsplit,0,0,0,0,0,70.0,nan,nan,,0.7947397595388865,0.9973204825586027,1.0,0.796875,284.0956267005053,0.9883831862562055,0.27677712065086746,8.10483187177,1.3497724128915716,178.93235890205528,nan,1
visreg_ogb_lambd4p5_lr1e-4_103030,cube,10,unsplit,0,0,0,0,0,70.0,73.0,nan,,0.8261347986369567,0.9975967379767025,1.0,0.828125,285.6217939485236,0.9883616483954788,0.2773107734288215,8.091318057366188,1.3328859258767232,178.9653372027778,nan,1
visreg_ogb_lambd4p5_lr1e-4_seed403_151589,cube,1,unsplit,0,0,0,0,0,70.0,nan,nan,,0.24576938881604493,0.629169635369075,1.0,0.390625,131.50345255918944,0.9279400477099751,0.06649787774613491,5.6741960808513205,3.1702286961816974,172.68998056917465,nan,1
visreg_ogb_lambd4p5_lr1e-4_seed403_151589,cube,2,unsplit,0,0,0,0,0,72.0,nan,nan,,0.6114587633687087,0.8152783511582784,1.0,0.75,183.8576659408277,0.9639922657278092,0.09265994104518636,5.9623583551673836,2.2476455129427504,171.87301709813784,nan,1
visreg_ogb_lambd4p5_lr1e-4_seed403_151589,cube,3,unsplit,0,0,0,0,0,74.0,nan,nan,,0.6554024899814102,0.8738699866418802,1.0,0.75,208.66010075643447,0.9738722757265194,0.10311127342622459,6.221490421510727,2.0337749528714433,178.1381324739669,nan,1
visreg_ogb_lambd4p5_lr1e-4_seed403_151589,cube,4,unsplit,0,0,0,0,0,76.0,77.0,nan,,0.652682269923284,0.9493560289793223,1.0,0.6875,229.44454434302722,0.981441329754734,0.1542718040625065,7.028820013463308,1.7981265059604798,177.5058528829253,nan,1
visreg_ogb_lambd4p5_lr1e-4_seed403_151589,cube,5,unsplit,0,0,0,0,0,76.0,75.0,nan,,0.6943697818046315,0.9660796964238352,1.0,0.71875,230.5483610236113,0.985190607622806,0.20439164360043172,7.912898570781941,1.865354107113065,177.7789020887554,nan,1
visreg_ogb_lambd4p5_lr1e-4_seed403_151589,cube,6,unsplit,0,0,0,0,0,70.28571428571429,nan,nan,,0.7436988780849434,0.9915985041132578,1.0,0.75,256.3118079485322,0.9858255829724017,0.23266610357970374,8.177549406673636,1.5514264128956778,178.4092309243637,nan,1
visreg_ogb_lambd4p5_lr1e-4_seed403_151589,cube,7,unsplit,0,0,0,0,0,74.0,nan,nan,,0.7928693613663123,0.9949733162243919,1.0,0.796875,268.8999944063582,0.9863452249343779,0.24235303817519682,8.142776302341087,1.451310337179702,178.87154254741344,nan,1
visreg_ogb_lambd4p5_lr1e-4_seed403_151589,cube,8,unsplit,0,0,0,0,0,74.0,nan,nan,,0.7630772869525684,0.9966723747951913,1.0,0.765625,277.767549297746,0.9864108687463662,0.2457829163065533,8.08725717313612,1.3773837910644884,178.38518999207628,nan,1
visreg_ogb_lambd4p5_lr1e-4_seed403_151589,cube,9,unsplit,0,0,0,0,0,74.0,nan,nan,,0.733187883371523,0.9983835007612227,1.0,0.734375,285.3830332953049,0.9863485837900513,0.25380507601905156,8.302903948232512,1.3167035849389148,179.02228168127883,nan,1
visreg_ogb_lambd4p5_lr1e-4_seed403_151589,cube,10,unsplit,0,0,0,0,0,74.0,nan,nan,,0.795805515148282,0.99865790136255,1.0,0.796875,287.48901126833437,0.9864131367851665,0.2550444117260248,8.303148283058775,1.2946068515372495,178.61596929637665,nan,1
visreg_ogb_lambd4p5_lr1e-4_seed46_151591,cube,1,unsplit,0,0,0,0,0,74.0,nan,nan,,0.22538515551728097,0.6271586936133036,1.0,0.359375,127.45738178953138,0.937311807982463,0.12827768843143986,5.968701623612412,3.348824134050219,173.27469640501957,nan,1
visreg_ogb_lambd4p5_lr1e-4_seed46_151591,cube,2,unsplit,0,0,0,0,0,74.0,nan,nan,,0.43235698771202286,0.768634644821374,1.0,0.5625,176.1890145876548,0.9651774266790013,0.13339138962639985,5.787010475160759,2.41760227359384,172.28370684477582,nan,1
visreg_ogb_lambd4p5_lr1e-4_seed46_151591,cube,3,unsplit,0,0,0,0,0,74.0,nan,nan,,0.5786709286103823,0.8417031688878288,1.0,0.6875,199.71400310020755,0.9787840121636074,0.14915292866621574,6.050735771576992,2.144399426953398,176.76798253604926,nan,1
visreg_ogb_lambd4p5_lr1e-4_seed46_151591,cube,4,unsplit,0,0,0,0,0,74.0,nan,nan,,0.5609016472206484,0.9204539851826025,1.0,0.609375,213.52901774456876,0.9841414600311685,0.2046771006981522,6.989366497472816,1.993173354512617,176.71826451197353,nan,1
visreg_ogb_lambd4p5_lr1e-4_seed46_151591,cube,5,unsplit,0,0,0,0,0,72.0,nan,nan,,0.5914509298588687,0.94632148777419,1.0,0.625,231.38664635857018,0.9871284511859209,0.2353871567567733,7.046005553695539,1.8259370084037152,178.2315551970164,nan,1
visreg_ogb_lambd4p5_lr1e-4_seed46_151591,cube,6,unsplit,0,0,0,0,0,74.0,nan,nan,,0.6160609440315676,0.9856975104505082,1.0,0.625,251.82209073116945,0.9879560635859624,0.26696571914142936,7.807402078110207,1.5936237676358795,178.11571787608338,nan,1
visreg_ogb_lambd4p5_lr1e-4_seed46_151591,cube,7,unsplit,0,0,0,0,0,76.0,nan,nan,,0.7570859233619813,0.9888469203095266,1.0,0.765625,260.80719804925883,0.9882738792572975,0.27725548209003686,7.711795010655247,1.5193465948950469,178.66138493588142,nan,1
visreg_ogb_lambd4p5_lr1e-4_seed46_151591,cube,8,unsplit,0,0,0,0,0,70.85714285714286,74.0,nan,,0.6815720724731572,0.9913775599609559,1.0,0.6875,270.48975484474164,0.9885642883265708,0.28157850780654525,7.558100132973773,1.4387217172366071,178.6191847491416,nan,1
visreg_ogb_lambd4p5_lr1e-4_seed46_151591,cube,9,unsplit,0,0,0,0,0,72.0,nan,nan,,0.7167138798234645,0.9971671371456896,1.0,0.71875,281.72424264818494,0.9883241401237792,0.29138551050535066,7.93634458055142,1.3292306084610048,179.0055631630678,nan,1
visreg_ogb_lambd4p5_lr1e-4_seed46_151591,cube,10,unsplit,0,0,0,0,0,74.0,nan,nan,,0.8101764744852825,0.9971402762895785,1.0,0.8125,282.9545537947119,0.9883000805721324,0.29304216534536126,7.874601183533188,1.320166405311381,178.6572334605782,nan,1
visreg_ogb_lambd4p5_lr1e-4_seed729_150690,cube,1,unsplit,0,0,0,0,0,74.0,nan,nan,,0.17080463519853464,0.5753419290898009,1.0,0.296875,126.68936401214074,0.9287166883247474,0.086980573554373,5.852846897663515,3.6655156776565483,171.32998167857446,nan,1
visreg_ogb_lambd4p5_lr1e-4_seed729_150690,cube,2,unsplit,0,0,0,0,0,76.0,nan,nan,,0.45303861322548294,0.7836343580116462,1.0,0.578125,181.0177564069097,0.9615726059346649,0.11862791419102019,5.957744957583325,2.4096035790652963,172.46609178254343,nan,1
visreg_ogb_lambd4p5_lr1e-4_seed729_150690,cube,3,unsplit,0,0,0,0,0,76.0,nan,nan,,0.41455080397949917,0.855846821118966,1.0,0.484375,198.2692032397829,0.9766377446665905,0.14449032010011895,6.453288954186514,2.2092764592659297,175.92645283762124,nan,1
visreg_ogb_lambd4p5_lr1e-4_seed729_150690,cube,4,unsplit,0,0,0,0,0,71.14285714285714,nan,nan,,0.5343591957675644,0.8999733823453717,1.0,0.59375,207.24880700990545,0.9833939747073206,0.20032400605614667,6.930632422806738,2.1069279405307926,176.45546469274151,nan,1
visreg_ogb_lambd4p5_lr1e-4_seed729_150690,cube,5,unsplit,0,0,0,0,0,74.0,nan,nan,,0.5901718838205522,0.9684871939619317,1.0,0.609375,231.97965382649247,0.985125408104157,0.2405546375966583,7.695096234093055,1.789110860119057,178.17161691152438,nan,1
visreg_ogb_lambd4p5_lr1e-4_seed729_150690,cube,6,unsplit,0,0,0,0,0,74.0,nan,nan,,0.7830524806456792,0.9826540933592838,1.0,0.796875,246.03318310721258,0.9861402305072916,0.2655397897663217,7.896723169621487,1.6594687768230232,178.02431831424116,nan,1
visreg_ogb_lambd4p5_lr1e-4_seed729_150690,cube,7,unsplit,0,0,0,0,0,74.0,73.0,nan,,0.7442381714543109,0.9923175619390812,1.0,0.75,261.0171839510652,0.9868386332476442,0.27503843120015886,8.107095904528375,1.5206221315118245,178.52308171939467,nan,1
visreg_ogb_lambd4p5_lr1e-4_seed729_150690,cube,8,unsplit,0,0,0,0,0,74.0,nan,nan,,0.7301983180410673,0.994312603289964,1.0,0.734375,266.81476153272047,0.9873069720298502,0.28802327170083547,8.187077105319833,1.4803342383777303,178.76496019744852,nan,1
visreg_ogb_lambd4p5_lr1e-4_seed729_150690,cube,9,unsplit,0,0,0,0,0,74.0,73.0,nan,,0.778815873009481,0.9968843174521357,1.0,0.78125,279.365097729279,0.9874525080159212,0.2888659858446543,8.059124256833615,1.3631401457641472,178.6039155057676,nan,1
visreg_ogb_lambd4p5_lr1e-4_seed729_150690,cube,10,unsplit,0,0,0,0,0,72.0,nan,nan,,0.7633270619835496,0.9969986115703505,1.0,0.765625,279.4889868534576,0.9873802318033736,0.28995146750659034,8.05311926002311,1.3568423907976241,178.82884225184222,nan,1
dinocls_reacher_s0,dmc,1,heldout-method,0,0,0,1,0,nan,nan,71.77777777777777,DINO-CLS-WM (ours),0.21750268416326696,0.4490377995628737,1.0,0.484375,156.2247451818932,0.24653964385289162,-0.33015245006945076,4.716196496440616,3.9544247338005327,124.10094803962735,nan,0
ext_intact_full_reacher_s0,dmc,0,heldout-method,0,0,0,1,0,nan,nan,79.77777777777777,INTACT,0.040649205678315314,0.15303230373012824,1.0,0.265625,84.93700787603518,0.5590012205484931,nan,3.28764301746271,8.517701744522892,432.8791494228352,nan,0
ext_intact_full_reacher_s3072,dmc,0,heldout-method,0,0,0,1,0,nan,nan,82.44444444444444,INTACT,0.04039761006567876,0.15208512024726123,1.0,0.265625,86.00137426554396,0.5599427180153564,nan,3.3192740272803976,8.653878354205883,436.11808806649464,nan,0
ext_intact_full_reacher_s42,dmc,0,heldout-method,0,0,0,1,0,nan,nan,80.22222222222223,INTACT,0.04049930719914016,0.15246798004382178,1.0,0.265625,97.23663304290068,0.5570698625664846,nan,3.0452192480112092,7.919190734644734,386.1904894387858,nan,0
ext_qantara_reacher_s11,dmc,0,heldout-method,0,0,0,1,0,nan,nan,80.88888888888889,Qantara,0.14488843800830437,0.618190668835432,1.0,0.234375,120.01969691281269,0.5699935988228946,0.08598613153166904,1.1847711905917244,0.6773469877345755,178.86211085705574,nan,0
ext_qantara_reacher_s22,dmc,0,heldout-method,0,0,0,1,0,nan,nan,80.66666666666667,Qantara,0.128525322126664,0.5875443297218926,1.0,0.21875,116.0626999281855,0.5685678714709055,0.08394951340062635,1.189474497593396,0.7256611496405054,179.25912516032315,nan,0
ext_qantara_reacher_s33,dmc,0,heldout-method,0,0,0,1,0,nan,nan,80.44444444444444,Qantara,0.19239934689690902,0.6480820106001146,1.0,0.296875,123.43084891870899,0.5705995849693499,0.08576449952882663,1.1827225247008502,0.6352743059099961,177.83040006262758,nan,0
ext_rcaux_reacher,dmc,0,heldout-method,0,0,0,1,0,nan,nan,82.0,RC-aux,0.06998711030805801,0.2986116706477142,1.0,0.234375,176.83838371555836,0.5554511206317885,-0.05175508844113474,1.939069042615194,2.528470467390215,188.44153842043897,nan,0
sigreg_dmc_lambd0p09_103709,dmc,1,heldout,0,0,0,0,1,36.0,nan,nan,,0.0034183790612004614,0.056819511396358234,0.4278191192902477,0.140625,35.08116778180031,0.42037181710114846,0.0376438098924728,1.7989359788982564,12.620039443231194,237.429244460477,nan,0
sigreg_dmc_lambd0p09_103709,dmc,2,heldout,0,0,0,0,1,72.0,nan,nan,,0.011875212135041004,0.11608753741488076,0.935271524485676,0.109375,76.69226500782543,0.43997926828751094,0.00021855226964390982,1.8393679181684066,6.298717404058651,195.3117069279693,nan,0
sigreg_dmc_lambd0p09_103709,dmc,3,heldout,0,1,0,0,1,50.0,58.0,nan,,0.03636285448533421,0.15514817913742596,1.0,0.234375,96.94520417331,0.46087192748099237,-0.011169465094938692,1.8984642634221167,4.850661710596951,193.02261018952726,nan,0
sigreg_dmc_lambd0p09_103709,dmc,4,heldout,0,1,0,0,1,68.0,79.33333333333333,nan,,0.0537812608319412,0.22946671288294912,1.0,0.234375,130.7830249020054,0.5296107867071178,-0.01973397716687891,1.9405242105551892,3.3264904687153,191.04154859684712,nan,0
sigreg_dmc_lambd0p09_103709,dmc,5,heldout,0,0,0,0,1,72.0,nan,nan,,0.044020051168334906,0.20123451962667385,1.0,0.21875,125.67411743816113,0.5577578508782621,-0.024201945309696854,1.9462343425244655,3.8169671187708634,193.40989356822197,nan,0
sigreg_dmc_lambd0p09_103709,dmc,6,heldout,0,1,0,0,1,60.0,65.33333333333333,nan,,0.024349205080065425,0.1558349125124187,1.0,0.15625,111.02318423269243,0.559633329199102,-0.027621735787146853,1.9596935195461134,4.984755424689931,196.79311253187745,nan,0
sigreg_dmc_lambd0p09_103709,dmc,7,heldout,0,0,0,0,1,68.0,nan,nan,,0.05985878469667932,0.29468940158365203,1.0,0.203125,163.62408576421083,0.5575737003961786,-0.03502975367675807,1.9706285471906837,2.605538067080086,192.28030279802152,nan,0
sigreg_dmc_lambd0p09_103709,dmc,8,heldout,0,1,0,0,1,76.0,82.66666666666667,nan,,0.14010599707190735,0.5274578713295336,1.0,0.265625,210.47267705774672,0.5553434457957123,-0.038050360887732816,1.949028282596407,1.3566026412521524,189.12658053731786,nan,0
sigreg_dmc_lambd0p09_103709,dmc,9,heldout,0,1,0,0,1,84.0,82.0,nan,,0.16709820601601605,0.5941269547236127,1.0,0.28125,223.7770829326206,0.5540853564474131,-0.03879284853713651,1.942633087415575,1.1686022363195538,188.62135683213484,nan,0
sigreg_dmc_lambd0p09_103709,dmc,10,heldout,0,1,0,0,1,76.0,82.0,nan,,0.1396465651397212,0.6383842977815827,1.0,0.21875,231.0431994619859,0.5537270865528657,-0.03879503954220997,1.948854297787237,1.068110346577167,188.52542381573696,nan,0
sigreg_dmc_lambd0p09_seed100_104652,dmc,1,heldout,0,1,0,0,1,60.0,54.666666666666664,nan,,0.0008197765785492273,0.05583491997700735,0.46982874739281233,0.03125,38.52595728621061,0.47570884407930514,0.022174841909875787,1.7680312887358296,12.622320183811635,211.20614406428922,nan,0
sigreg_dmc_lambd0p09_seed100_104652,dmc,2,heldout,0,0,0,0,1,72.0,nan,nan,,0.011162222327732455,0.11906370482914619,1.0,0.09375,85.17895028180253,0.4353312623726241,-0.0020764513424704092,1.7536648787665134,5.85404184471823,174.9127934299292,nan,0
sigreg_dmc_lambd0p09_seed100_104652,dmc,3,heldout,0,0,0,0,1,78.0,nan,nan,,0.026560137254426762,0.16998487842833127,1.0,0.15625,107.18241396337089,0.46855849900750196,-0.015110303235876121,1.9206457764096294,4.473230683183301,192.26989486835507,nan,0
sigreg_dmc_lambd0p09_seed100_104652,dmc,4,heldout,0,1,0,0,1,66.0,77.33333333333333,nan,,0.04405507998680235,0.18796834127702336,1.0,0.234375,115.625455144306,0.5276345278001262,-0.02118289931573732,1.9346371164320695,4.067681432044549,193.74062899640046,nan,0
sigreg_dmc_lambd0p09_seed100_104652,dmc,5,heldout,0,0,0,0,1,78.0,nan,nan,,0.04055109261975464,0.2595269927664297,1.0,0.15625,144.31894440438552,0.5606413539361226,-0.02652689661567772,1.9486104708359464,2.9415028297488988,189.56136715410742,nan,0
sigreg_dmc_lambd0p09_seed100_104652,dmc,6,heldout,0,0,0,0,1,74.0,nan,nan,,0.051820802252861675,0.3015028494711952,1.0,0.171875,159.79248683128378,0.5651928702954788,-0.03253270090518572,1.9613888019146766,2.5318046336480036,190.62592022748726,nan,0
sigreg_dmc_lambd0p09_seed100_104652,dmc,7,heldout,0,0,0,0,1,64.0,nan,nan,,0.03457966356862141,0.3161569240559672,1.0,0.109375,172.30196250684617,0.5619661064382094,-0.035880447712137234,1.9308592968585265,2.370755056016746,186.99601379266085,nan,0
sigreg_dmc_lambd0p09_seed100_104652,dmc,8,heldout,0,0,0,0,1,68.0,nan,nan,,0.09259907899392401,0.4233100754007955,1.0,0.21875,193.9310407461522,0.5567335580903263,-0.03898913331482398,1.9466502149660279,1.7436033780568714,187.44851675253557,nan,0
sigreg_dmc_lambd0p09_seed100_104652,dmc,9,heldout,0,1,0,0,1,80.0,84.66666666666667,nan,,0.15783515119871921,0.6313406047948769,1.0,0.25,230.5085983110858,0.5551937775443465,-0.04015735143511429,1.9550393745284826,1.0873564351224063,190.1227292564589,nan,0
sigreg_dmc_lambd0p09_seed100_104652,dmc,10,heldout,0,0,0,0,1,76.0,nan,nan,,0.14402290399234058,0.6583904182506998,1.0,0.21875,234.05628266678286,0.5543782042409613,-0.04018535561773273,1.9473529013886688,1.023855889007685,187.870927023915,nan,0
sigreg_dmc_lambd0p09_seed1_104646,dmc,1,heldout,0,0,0,0,1,30.0,nan,nan,,0.0010919175998564644,0.054079987161024,0.43073682804162416,0.046875,35.32041989941318,0.4112919378539975,0.027168700757545374,1.7017240115872896,12.543816100809549,207.59719923962538,nan,0
sigreg_dmc_lambd0p09_seed1_104646,dmc,2,heldout,0,0,0,0,1,50.0,nan,nan,,0.0017357043726739664,0.05657412362804759,0.49088290161361653,0.0625,40.252397932316555,0.453636657916929,0.030666859151613362,1.7786683998297863,12.532070394755985,218.78019488061045,nan,0
sigreg_dmc_lambd0p09_seed1_104646,dmc,3,heldout,0,0,0,0,1,76.0,nan,nan,,0.014023048715517437,0.14957918629885267,1.0,0.09375,98.8960195837675,0.4839028284197726,-0.009745776614025236,1.8921404117403762,5.016770357327709,197.19296391793088,nan,0
sigreg_dmc_lambd0p09_seed1_104646,dmc,4,heldout,0,1,0,0,1,66.0,62.666666666666664,nan,,0.022759722225837737,0.13242020204123775,1.0,0.171875,97.9425671992597,0.5400930577138126,-0.01551305436974528,1.9452373972812422,5.833375350794914,206.7217403017479,nan,0
sigreg_dmc_lambd0p09_seed1_104646,dmc,5,heldout,0,0,0,0,1,70.0,nan,nan,,0.030682714040261322,0.2181881887307472,1.0,0.140625,132.28212835019198,0.558446515556404,-0.024998182280971018,1.9489707565860077,3.518522235570058,197.24955314679642,nan,0
sigreg_dmc_lambd0p09_seed1_104646,dmc,6,heldout,0,1,0,0,1,70.0,84.0,nan,,0.039096448521125204,0.278019189483557,1.0,0.140625,156.2138569009652,0.5567295567841856,-0.03120109598039999,1.963972621779947,2.759840251617702,192.48415978125428,nan,0
sigreg_dmc_lambd0p09_seed1_104646,dmc,7,heldout,0,0,0,0,1,76.0,nan,nan,,0.07243839442479379,0.42145974938061836,1.0,0.171875,193.6829802853521,0.5541749414276236,-0.0363922542726041,1.947770326292157,1.753111106829991,192.6865543897617,nan,0
sigreg_dmc_lambd0p09_seed1_104646,dmc,8,heldout,0,1,0,0,1,82.0,84.66666666666667,nan,,0.15762589361541154,0.5934151289050787,1.0,0.265625,227.04766542844112,0.5529279593986831,-0.03921701550296644,1.9491129844778183,1.1742797709784198,190.9492532780568,nan,0
sigreg_dmc_lambd0p09_seed1_104646,dmc,9,heldout,0,1,0,0,1,80.0,86.66666666666667,nan,,0.09847912411693857,0.6302663943484068,1.0,0.15625,231.88108055378243,0.5522370373680652,-0.03962255582185915,1.9428750713509837,1.083018224759721,188.13649739493198,nan,0
sigreg_dmc_lambd0p09_seed1_104646,dmc,10,heldout,0,1,0,0,1,72.0,82.66666666666667,nan,,0.14652134796326893,0.6698118764035151,1.0,0.21875,239.1389009857185,0.5519267685459369,-0.03985009836874429,1.94471231116881,0.9985839413029401,188.8758849076408,nan,0
sigreg_dmc_lambd0p09_seed42_104648,dmc,1,heldout,0,0,0,0,1,40.0,nan,nan,,0.0,0.054227363252494123,0.48768637105282486,0.0,39.99028242633164,0.4325240965392452,0.020596640045281892,1.6284778959184185,11.971227723221277,173.1468232606243,nan,0
sigreg_dmc_lambd0p09_seed42_104648,dmc,2,heldout,0,1,0,0,1,44.0,42.666666666666664,nan,,0.0,0.05349653511376831,0.5257150133867394,0.0,43.10863109771263,0.44201163360745727,0.0223223811902293,1.7009970524735527,12.675415130209513,190.74944288142464,nan,0
sigreg_dmc_lambd0p09_seed42_104648,dmc,3,heldout,0,0,0,0,1,74.0,nan,nan,,0.007991809519886194,0.08452625158401256,0.8644411811000666,0.109375,70.88417685020546,0.45275789504220415,0.00029185444135175405,1.809285304639094,8.523358055999378,190.4897180401989,nan,0
sigreg_dmc_lambd0p09_seed42_104648,dmc,4,heldout,0,1,0,0,1,66.0,64.66666666666667,nan,,0.025748365176492566,0.13732461427462703,1.0,0.1875,94.20447129959182,0.5393538039218463,-0.017830305196165554,1.9412589195832144,5.611563574452754,204.89940514071588,nan,0
sigreg_dmc_lambd0p09_seed42_104648,dmc,5,heldout,0,0,0,0,1,76.0,nan,nan,,0.030639832674513638,0.19609492911688728,1.0,0.15625,123.8475072815803,0.5645233211340626,-0.02351558434943474,1.9272932596735486,3.881033164605457,192.3496840891647,nan,0
sigreg_dmc_lambd0p09_seed42_104648,dmc,6,heldout,0,1,0,0,1,62.0,74.66666666666667,nan,,0.05987581305168548,0.23950325220674193,1.0,0.25,144.49498541179221,0.5620044692007049,-0.03135050509085491,1.979745898268899,3.247310658963332,195.26870752842834,nan,0
sigreg_dmc_lambd0p09_seed42_104648,dmc,7,heldout,0,1,0,0,1,78.0,81.33333333333333,nan,,0.08483379165389855,0.3193742744617357,1.0,0.265625,171.02082219496978,0.559406186535113,-0.03619123128638308,1.9505357239167058,2.3694012164675096,189.31051135865863,nan,0
sigreg_dmc_lambd0p09_seed42_104648,dmc,8,heldout,0,1,0,0,1,74.0,80.0,nan,,0.13313244092605356,0.5325297637042142,1.0,0.25,215.28918865121912,0.5563478569762019,-0.03936293892860409,1.9453926958201773,1.3386933908299277,188.8483920975611,nan,0
sigreg_dmc_lambd0p09_seed42_104648,dmc,9,heldout,0,1,0,0,1,66.0,78.0,nan,,0.13887182745149448,0.5925197971263765,1.0,0.234375,226.8747749228601,0.5543693888787409,-0.03972929172796429,1.9523398259962377,1.178470855790526,188.3313313207296,nan,0
sigreg_dmc_lambd0p09_seed42_104648,dmc,10,heldout,0,1,0,0,1,70.0,80.0,nan,,0.1703530895677386,0.6814123582709544,1.0,0.25,240.90961796719625,0.5540696778979242,-0.0402014152226718,1.9522193181345187,0.9786890454480124,188.80008644962467,nan,0
sigreg_dmc_lambd0p09_seed7_104650,dmc,1,heldout,0,1,0,0,1,44.0,58.0,nan,,0.0010813796652155312,0.06245227873983236,0.5540894581453648,0.03125,45.435335567919914,0.45560022494578245,0.012240024347669664,1.7082633164057495,10.901152372857894,179.65065363186415,nan,0
sigreg_dmc_lambd0p09_seed7_104650,dmc,2,heldout,0,0,0,0,1,52.0,nan,nan,,0.002484487429292788,0.06665929825145475,0.5963428945611061,0.0625,48.9001173540107,0.42078518169913365,0.013162778458885511,1.7828923254664908,10.657817720209222,204.01968888543684,nan,0
sigreg_dmc_lambd0p09_seed7_104650,dmc,3,heldout,0,0,0,0,1,64.0,nan,nan,,0.01035885612057179,0.10364973469018814,0.9137461080521683,0.109375,74.9271808602778,0.4739238072105334,-0.004780652740340539,1.8630358269730203,7.150494166804257,198.13946920038313,nan,0
sigreg_dmc_lambd0p09_seed7_104650,dmc,4,heldout,0,0,0,0,1,74.0,nan,nan,,0.03413406212358417,0.1985981796281261,1.0,0.171875,126.46833905236521,0.5429544285588661,-0.018910145399724056,1.9201361894706608,3.8168628055448073,190.61215558367104,nan,0
sigreg_dmc_lambd0p09_seed7_104650,dmc,5,heldout,0,0,0,0,1,80.0,nan,nan,,0.06242012859027338,0.2496805143610935,1.0,0.25,142.49526540067174,0.5616809215670462,-0.025470901750375505,1.9102044526066724,3.001407379354366,181.8328429599618,nan,0
sigreg_dmc_lambd0p09_seed7_104650,dmc,6,heldout,0,0,0,0,1,57.99999999999999,nan,nan,,0.05657599540939091,0.30173864218341817,1.0,0.1875,160.82433565707046,0.5602213686793027,-0.031909687708641485,1.9941005302520114,2.571914468481474,197.8669121382881,nan,0
sigreg_dmc_lambd0p09_seed7_104650,dmc,7,heldout,0,0,0,0,1,68.0,nan,nan,,0.10355195265882466,0.4733803550117699,1.0,0.21875,202.35137236227646,0.5575368420913441,-0.036597750843820144,1.9352559356848125,1.5282167057359302,186.99914217387402,nan,0
sigreg_dmc_lambd0p09_seed7_104650,dmc,8,heldout,0,1,0,0,1,84.0,78.66666666666667,nan,,0.14012145371757828,0.5275160610544124,1.0,0.265625,213.79035196693417,0.5553870444505311,-0.03860650499991637,1.93637498704244,1.3476183401321875,186.76085924732087,nan,0
sigreg_dmc_lambd0p09_seed7_104650,dmc,9,heldout,0,0,0,0,1,72.0,nan,nan,,0.12678364457280705,0.6241656348199732,1.0,0.203125,231.30635714500247,0.5530235694244781,-0.040040752947932134,1.957686187129478,1.1052909484662574,191.73843802129056,nan,0
sigreg_dmc_lambd0p09_seed7_104650,dmc,10,heldout,0,0,0,0,1,76.0,nan,nan,,0.18421360238301937,0.6935100325007788,1.0,0.265625,242.91048746031646,0.5530575103731343,-0.0400820377187978,1.9477882081025206,0.9523566646488181,188.96321988786804,nan,0
visreg_dmc_lambd4p5_102705,dmc,1,heldout,0,0,0,0,1,32.0,nan,nan,,0.0,0.03146174125998193,0.36268578437213633,0.0,29.74023431851518,0.4252243595141548,0.041173758794406164,1.4241108357822954,18.053379516027555,163.20688246817582,nan,0
visreg_dmc_lambd4p5_102705,dmc,2,heldout,0,0,0,0,1,62.0,nan,nan,,0.00924966614458155,0.1080882488721468,0.912801405996574,0.09375,74.84971529171906,0.43456520863520404,0.009740101273822285,1.6619402924062645,6.11522038774032,180.39032856143183,nan,0
visreg_dmc_lambd4p5_102705,dmc,3,heldout,0,0,0,0,1,56.00000000000001,nan,nan,,0.020287389915882165,0.12130509478273006,0.9730483567764809,0.171875,79.78996525567143,0.4816040434825885,-0.00022729313349250703,1.731833598788992,5.67353479470776,183.093416048596,nan,0
visreg_dmc_lambd4p5_102705,dmc,4,heldout,0,1,0,0,1,78.0,66.66666666666667,nan,,0.027879853334987853,0.16221005576720204,1.0,0.171875,109.58338395315089,0.5354861056830674,-0.009476225392289574,1.7553769019039247,4.287237405882245,177.83042350869772,nan,0
visreg_dmc_lambd4p5_102705,dmc,5,heldout,0,0,0,0,1,60.0,nan,nan,,0.04168388592727715,0.22231405827881145,1.0,0.1875,134.75430565490208,0.5455862280154191,-0.016514770315515095,1.798222032476365,3.184543438775022,182.2160083250376,nan,0
visreg_dmc_lambd4p5_102705,dmc,6,heldout,0,1,0,0,1,62.0,72.0,nan,,0.06123959222294254,0.27995242159059447,1.0,0.21875,163.2537892361142,0.5505868939709003,-0.022071004510414063,1.7697346047464297,2.4689708075441255,176.0313652598303,nan,0
visreg_dmc_lambd4p5_102705,dmc,7,heldout,0,0,0,0,1,64.0,nan,nan,,0.09567629590147278,0.40821886251295053,1.0,0.234375,192.36056008191,0.5486841339746343,-0.027924472116242903,1.8269083064539962,1.7033896604997656,183.11524236871503,nan,0
visreg_dmc_lambd4p5_102705,dmc,8,heldout,0,1,0,0,1,70.0,78.0,nan,,0.15856499308333355,0.5637866420740748,1.0,0.28125,224.2152674277547,0.548719129081311,-0.029932021073863925,1.7854185988389009,1.1465519736713587,175.84573447535374,nan,0
visreg_dmc_lambd4p5_102705,dmc,9,heldout,0,1,0,0,1,76.0,76.0,nan,,0.19604998148374914,0.6273599407479973,1.0,0.3125,238.76537689883818,0.5487355944360868,-0.030920182973043414,1.77493711279345,0.9954343224409966,174.2171603564235,nan,0
visreg_dmc_lambd4p5_102705,dmc,10,heldout,0,1,0,0,1,74.0,81.33333333333333,nan,,0.1474480844771858,0.6740483861814208,1.0,0.21875,247.40117460458592,0.5482349513400808,-0.031185024184801666,1.7799366505391885,0.906003743991275,175.50021423580134,nan,0
visreg_dmc_lambd4p5_104380,dmc,1,heldout,0,1,0,0,1,26.0,28.0,nan,,0.000193077519766304,0.03564762543264543,0.3466419183625954,0.015625,28.424637305732823,0.4398184649128404,0.035811023855016014,1.4908385099667263,16.67882697672834,179.85453295894686,nan,0
visreg_dmc_lambd4p5_104380,dmc,2,heldout,0,0,0,0,1,60.0,nan,nan,,0.003201772503281824,0.0894174965250346,0.7638827156258926,0.046875,62.63838268132319,0.4554208353250623,0.018704166547347956,1.7273760223637578,7.690637044752328,211.57653626018168,nan,0
visreg_dmc_lambd4p5_104380,dmc,3,heldout,0,0,0,0,1,66.0,nan,nan,,0.020751447548064458,0.13280926430761253,1.0,0.15625,93.85844568113255,0.4686641965853494,0.0017427168892422517,1.7303894396177457,5.173746371724958,190.12253604628108,nan,0
visreg_dmc_lambd4p5_104380,dmc,4,heldout,0,0,0,0,1,60.0,nan,nan,,0.018022698436779786,0.1441815874942383,1.0,0.125,104.24959360322595,0.5200400027674268,-0.0011239815179229832,1.7879683695019275,4.920119594340854,203.1594948375871,nan,0
visreg_dmc_lambd4p5_104380,dmc,5,heldout,0,0,0,0,1,74.0,nan,nan,,0.05039567051792165,0.2481017625497681,1.0,0.203125,147.37482350888652,0.5393321188860323,-0.007921289967566166,1.8091875307674374,2.8613945400934417,193.31547811540355,nan,0
visreg_dmc_lambd4p5_104380,dmc,6,heldout,0,0,0,0,1,78.0,nan,nan,,0.058110970232661846,0.2656501496350256,1.0,0.21875,157.8696420807561,0.5490395511970323,-0.012226382337454598,1.78116943436633,2.624422728009573,190.26442207653395,nan,0
visreg_dmc_lambd4p5_104380,dmc,7,heldout,0,0,0,0,1,68.0,nan,nan,,0.054846926818352286,0.31910939239768604,1.0,0.171875,168.86592154246517,0.5485708569726581,-0.01804138508378946,1.855822976379654,2.2563300476645303,200.5194015624224,nan,0
visreg_dmc_lambd4p5_104380,dmc,8,heldout,0,0,0,0,1,78.0,nan,nan,,0.07688710051086478,0.4473431302450315,1.0,0.171875,201.20695755370323,0.5480086973042455,-0.021255889001890384,1.8443298169572029,1.5530320010646097,195.5738496350963,nan,0
visreg_dmc_lambd4p5_104380,dmc,9,heldout,0,0,0,0,1,66.0,nan,nan,,0.13789009767349059,0.6303547322216713,1.0,0.21875,232.21230199795622,0.5472319669784428,-0.022766271038258814,1.8304237354215591,1.020146105747635,192.36713113022813,nan,0
visreg_dmc_lambd4p5_104380,dmc,10,heldout,0,0,0,0,1,68.0,nan,nan,,0.16265604230160807,0.6506241692064323,1.0,0.25,235.64322662882628,0.54684110865592,-0.022827405812420997,1.8279148413440343,0.9766582330604013,192.5385264711337,nan,0
visreg_dmc_lambd4p5_c0p5_s0p5_h2p0_103329,dmc,1,dev,1,0,0,0,1,12.0,nan,nan,,0.0,1.3994195622132292e-05,6.198212032530479e-05,0.0,0.005082533866674993,-0.00855323776546213,-0.3311905489355458,1.658559585118619e-05,0.47281713140232917,1.7582024246741898e-09,nan,0
visreg_dmc_lambd4p5_c0p5_s0p5_h2p0_103329,dmc,2,dev,1,0,0,0,1,6.0,nan,nan,,0.0,3.1677351352852345e-05,1.4229963588295766e-05,0.0,0.0011668570142402527,-0.00855292967599175,-0.25460576010864555,4.4148232404293094e-05,0.5559996576173946,2.493009835782224e-07,nan,0
visreg_dmc_lambd4p5_c0p5_s0p5_h2p0_103329,dmc,3,dev,1,0,0,0,1,8.0,nan,nan,,0.0,0.00289014757430231,0.00023856720788421738,0.0,0.019562511046505825,-0.008545379918728724,-0.3001354082137312,0.0013074427438112795,0.18047280828224946,2.2321889874531483e-05,nan,0
visreg_dmc_lambd4p5_c0p5_s0p5_h2p0_103329,dmc,4,dev,1,0,0,0,1,12.0,nan,nan,,0.0,0.0026742648288374665,0.0002198414022762479,0.0,0.018026994986652327,-0.008551720466270063,-0.3347498475467215,0.0008313322281699946,0.1240164961749418,3.17719044231021e-06,nan,0
visreg_dmc_lambd4p5_c0p5_s0p5_h2p0_103329,dmc,5,dev,1,0,0,0,1,8.0,nan,nan,,0.0,0.0008674533789285816,1.0267194473964322e-05,0.0,0.0008419099468650744,-0.008543122849616225,-0.34365805675283073,0.0016560655565149998,0.7616252994189053,1.3656577028882539e-05,nan,0
visreg_dmc_lambd4p5_c0p5_s0p5_h2p0_103329,dmc,6,dev,1,0,0,0,1,8.0,nan,nan,,0.0,3.4105077486186426e-05,0.00458876536793437,0.0,0.3762787601706184,0.002315447768491241,-0.3613527676871966,0.00011614163223877796,1.3585603967478392,1.8584672882555595,nan,0
visreg_dmc_lambd4p5_c0p5_s0p5_h2p0_103329,dmc,7,dev,1,0,0,0,1,8.0,nan,nan,,0.0,0.1464973916368087,0.00993491890868553,0.0,0.8146633505122135,-0.008448595070971843,-0.4096911894263617,0.014055505058369723,0.03805960503458064,0.0004782443028843202,nan,0
visreg_dmc_lambd4p5_c0p5_s0p5_h2p0_103329,dmc,8,dev,1,0,0,0,1,12.0,nan,nan,,0.0,0.1983413186639217,0.013726280078779242,0.0,1.1255549664598978,-0.008509510960027722,-0.4243601787741081,0.00995272952532773,0.019810287341981224,0.0001399803657900043,nan,0
visreg_dmc_lambd4p5_c0p5_s0p5_h2p0_103329,dmc,9,dev,1,0,0,0,1,8.0,nan,nan,,0.0,0.007406791288002421,0.0033547754804470285,0.0,0.27509158939665634,-0.008553185589769363,-0.3775771712787683,0.0003836657356158034,0.020664587290491435,3.721589208470678e-07,nan,0
visreg_dmc_lambd4p5_c0p5_s0p5_h2p0_103329,dmc,10,dev,1,0,0,0,1,10.0,nan,nan,,0.0,0.004300657948841361,0.0033462045953462434,0.0,0.27438877681839197,-0.008553330912126289,-0.36254556502870605,0.0001982534908408992,0.018390515520025512,1.6731505109397943e-07,nan,0
visreg_dmc_lambd4p5_c0p5_s2p0_h0p5_103328,dmc,1,dev,1,0,0,0,1,44.0,nan,nan,,0.0005814879659708679,0.048741955747224626,0.38175765879331364,0.03125,31.304128021051717,0.48998076932569756,0.06269356177508817,1.3258225563491928,10.84481449683206,175.3683483983957,nan,0
visreg_dmc_lambd4p5_c0p5_s2p0_h0p5_103328,dmc,2,dev,1,0,0,0,1,64.0,nan,nan,,0.009250757373919876,0.10041594159075648,0.8422801379255042,0.109375,69.06697130989134,0.49903984338453866,0.041762365086857045,1.435520959289309,5.688078854715031,188.10084964179674,nan,0
visreg_dmc_lambd4p5_c0p5_s2p0_h0p5_103328,dmc,3,dev,1,0,0,0,1,57.99999999999999,nan,nan,,0.013641818166059694,0.10163410794666244,0.8590387422753891,0.15625,70.44117686658191,0.5328538568241951,0.035319406007829554,1.4579566724354673,5.707365000732306,193.40317061519215,nan,0
visreg_dmc_lambd4p5_c0p5_s2p0_h0p5_103328,dmc,4,dev,1,0,0,0,1,66.0,nan,nan,,0.0350272051859662,0.16012436656441692,1.0,0.21875,103.1840265821673,0.5537605015310211,0.029926870255540108,1.466682574448676,3.629458009464557,190.64050663986285,nan,0
visreg_dmc_lambd4p5_c0p5_s2p0_h0p5_103328,dmc,5,dev,1,0,0,0,1,66.0,nan,nan,,0.030686636367006165,0.14028176624917105,1.0,0.21875,97.94162258588621,0.5556961779992134,0.023290371979963913,1.4490517930033588,4.0995541147079875,180.27993509305273,nan,0
visreg_dmc_lambd4p5_c0p5_s2p0_h0p5_103328,dmc,6,dev,1,0,0,0,1,62.0,nan,nan,,0.08587604079584844,0.3435041631833938,1.0,0.25,166.63776233754788,0.5581744501213268,0.016216854497091496,1.5136626093032632,1.7016761929622448,190.29004505492057,nan,0
visreg_dmc_lambd4p5_c0p5_s2p0_h0p5_103328,dmc,7,dev,1,0,0,0,1,68.0,nan,nan,,0.0927095516365871,0.4564162542108904,1.0,0.203125,190.25522031844986,0.5587221599720276,0.011837295999296182,1.5285776641680315,1.2582902980908464,188.66725153011464,nan,0
visreg_dmc_lambd4p5_c0p5_s2p0_h0p5_103328,dmc,8,dev,1,0,0,0,1,60.0,nan,nan,,0.11829929821809507,0.5407967918541489,1.0,0.21875,208.98087915968793,0.5590991908994591,0.009840204865168145,1.5259720066409697,1.030839954247952,186.84925536818662,nan,0
visreg_dmc_lambd4p5_c0p5_s2p0_h0p5_103328,dmc,9,dev,1,0,0,0,1,66.0,nan,nan,,0.19040014166064553,0.676978281460073,1.0,0.28125,232.3102426673333,0.5597163517381274,0.00898003120606726,1.5450154821869304,0.7816788855981707,190.73765699893522,nan,0
visreg_dmc_lambd4p5_c0p5_s2p0_h0p5_103328,dmc,10,dev,1,0,0,0,1,74.0,nan,nan,,0.14931114209081553,0.6825652209865852,1.0,0.21875,233.13490916024176,0.55977577191294,0.008780472412908077,1.5428879898129402,0.7716421191729237,190.88665532039784,nan,0
visreg_dmc_lambd4p5_c1p5_s1p5_h0p0_103330,dmc,1,heldout,0,1,0,0,1,16.0,24.0,nan,,0.00012884924770613167,0.08279379980726827,0.04980053984953412,0.03125,4.083644267661798,0.08816120010112621,0.16895386102625423,0.39113049991058957,1.881275103147599,182.3071598418215,nan,0
visreg_dmc_lambd4p5_c1p5_s1p5_h0p0_103330,dmc,2,heldout,0,0,0,0,1,20.0,nan,nan,,0.0004200131820443915,0.08224260187501689,0.04085602084259742,0.125,3.3501937090929887,0.08395040126003905,0.167625867616997,0.40127670870631094,1.9430588455178497,213.18431590416645,nan,0
visreg_dmc_lambd4p5_c1p5_s1p5_h0p0_103330,dmc,3,heldout,0,0,0,0,1,20.0,nan,nan,,0.0003690235363002282,0.10143815235202279,0.05820666528224586,0.0625,4.772946553144161,0.08002190673716236,0.16593584011735138,0.3572010449054633,1.4010268677221656,186.672743310405,nan,0
visreg_dmc_lambd4p5_c1p5_s1p5_h0p0_103330,dmc,4,heldout,0,1,0,0,1,22.0,20.666666666666668,nan,,0.00023054281352506554,0.0695993630391181,0.035332555312111456,0.09375,2.8972695355931393,0.07712152769755587,0.1644559429084339,0.36324660212588095,2.0794787136919815,191.80733741083174,nan,0
visreg_dmc_lambd4p5_c1p5_s1p5_h0p0_103330,dmc,5,heldout,0,1,0,0,1,12.0,22.666666666666668,nan,,0.0015144837466286789,0.15475988824108447,0.07828817990715635,0.125,6.41963075238682,0.08303743023478444,0.1686035181786883,0.3500399020892606,0.8966405042405915,195.78968077779942,nan,0
visreg_dmc_lambd4p5_c1p5_s1p5_h0p0_103330,dmc,6,heldout,0,0,0,0,1,22.0,nan,nan,,0.0024490870854630706,0.14653075569174928,0.07640598469276176,0.21875,6.265290744806464,0.07981153276401787,0.16386768917410313,0.337290919945361,0.9131086187483566,192.44803785598504,nan,0
visreg_dmc_lambd4p5_c1p5_s1p5_h0p0_103330,dmc,7,heldout,0,0,0,0,1,18.0,nan,nan,,0.002238982670029718,0.2229444650225732,0.091819721540707,0.109375,7.5292171663379746,0.08357093280892153,0.16309504861094418,0.36002353720306984,0.6357285088878406,196.4767397504033,nan,0
visreg_dmc_lambd4p5_c1p5_s1p5_h0p0_103330,dmc,8,heldout,0,1,0,0,1,22.0,26.666666666666668,nan,,0.003485341860097701,0.2349881757953741,0.09492472474040287,0.15625,7.7838274287130345,0.08308683392747479,0.16066710302981163,0.3436975767360808,0.5749259968096717,196.48195799933677,nan,0
visreg_dmc_lambd4p5_c1p5_s1p5_h0p0_103330,dmc,9,heldout,0,0,0,0,1,18.0,nan,nan,,0.006468393223680136,0.2998242952061815,0.11506104656808173,0.1875,9.435005818582702,0.08297940761218753,0.1594256889660046,0.35373010750428624,0.45929038329587885,200.84204447815944,nan,0
visreg_dmc_lambd4p5_c1p5_s1p5_h0p0_103330,dmc,10,heldout,0,0,0,0,1,24.0,nan,nan,,0.004939498534628426,0.3006856233922846,0.1168174338255194,0.140625,9.57902957369259,0.0829871443154982,0.1591227815700788,0.34756988864269556,0.4499331413020659,192.38433482432734,nan,0
visreg_dmc_lambd4p5_c2p0_s0p5_h0p5_103327,dmc,1,heldout,0,0,0,0,1,20.0,nan,nan,,0.0003655074231766864,0.03881248585032446,0.30135244587937643,0.03125,24.71090056210887,0.46639714984140235,0.05867780340446124,1.2667315478031633,13.01522886891949,173.42630535723333,nan,0
visreg_dmc_lambd4p5_c2p0_s0p5_h0p5_103327,dmc,2,heldout,0,0,0,0,1,57.99999999999999,nan,nan,,0.004964242378235319,0.08951267867838336,0.7098692987360803,0.078125,58.20928249635858,0.46117611138670656,0.0451175182139098,1.3413841271923497,5.965743751444908,172.10633487342594,nan,0
visreg_dmc_lambd4p5_c2p0_s0p5_h0p5_103327,dmc,3,heldout,0,0,0,0,1,32.0,nan,nan,,0.00105243350305098,0.04581489285394913,0.36754284469235,0.0625,30.138513264772698,0.44547072977020785,0.0678522226971441,1.3106411863942637,11.406393219456527,195.55886074421554,nan,0
visreg_dmc_lambd4p5_c2p0_s0p5_h0p5_103327,dmc,4,heldout,0,0,0,0,1,68.0,nan,nan,,0.0253658153777114,0.16234121841735297,1.0,0.15625,91.71914377411294,0.5380539321469887,0.03638398406747385,1.4021476721902513,3.421723655497388,173.95280701992132,nan,0
visreg_dmc_lambd4p5_c2p0_s0p5_h0p5_103327,dmc,5,heldout,0,0,0,0,1,68.0,nan,nan,,0.045167923818708856,0.18067169527483543,1.0,0.25,100.98040375526801,0.5459219936001751,0.02811942817035898,1.410700703884049,3.0881024697530512,175.970063073699,nan,0
visreg_dmc_lambd4p5_c2p0_s0p5_h0p5_103327,dmc,6,heldout,0,0,0,0,1,70.0,nan,nan,,0.035250685400378734,0.17354183581724916,1.0,0.203125,103.75486949894122,0.5507113652139799,0.0204502254345417,1.4071166442868197,3.2089855726214083,172.58568197556207,nan,0
visreg_dmc_lambd4p5_c2p0_s0p5_h0p5_103327,dmc,7,heldout,0,0,0,0,1,62.0,nan,nan,,0.058162878032748416,0.37224241940958985,1.0,0.15625,153.19402328081904,0.5566226883655544,0.01780376598384786,1.4173981251450678,1.461580285258534,171.34274617480588,nan,0
visreg_dmc_lambd4p5_c2p0_s0p5_h0p5_103327,dmc,8,heldout,0,1,0,0,1,78.0,81.33333333333333,nan,,0.08141721331439498,0.43422513767677323,1.0,0.1875,164.33325980714227,0.5587514238142076,0.017904377062484125,1.4223070811655683,1.2383282961334092,171.32940136930137,nan,0
visreg_dmc_lambd4p5_c2p0_s0p5_h0p5_103327,dmc,9,heldout,0,0,0,0,1,68.0,nan,nan,,0.17365299099499232,0.6174328568710838,1.0,0.28125,193.64459983318721,0.5594980475254341,0.01701101038371147,1.4359034454372457,0.8222302331141299,171.70341130335493,nan,0
visreg_dmc_lambd4p5_c2p0_s0p5_h0p5_103327,dmc,10,heldout,0,0,0,0,1,68.0,nan,nan,,0.17082027706922048,0.6430881019076535,1.0,0.265625,197.90034256058414,0.5592925525419898,0.016822020556005363,1.4348824741316861,0.7787563310983093,172.54784321024908,nan,0
visreg_dmc_lambd4p5_lr1e-4_seed403_150688,dmc,1,heldout,0,0,0,0,1,32.0,nan,nan,,0.004458792271419167,0.06082506327400259,0.4691531582718375,0.15625,38.470558978290676,0.4076105259427148,0.029434082728353423,1.6710645479596877,10.949629428504329,199.48453316186573,nan,0
visreg_dmc_lambd4p5_lr1e-4_seed403_150688,dmc,2,heldout,0,0,0,0,1,78.0,nan,nan,,0.009823894707758685,0.10478821021609264,1.0,0.09375,83.98739176767074,0.513809808517018,-0.0031079152548292915,1.6833087326625644,6.390092869561416,177.95861039789224,nan,0
visreg_dmc_lambd4p5_lr1e-4_seed403_150688,dmc,3,heldout,0,0,0,0,1,64.0,nan,nan,,0.01344841763614124,0.10758734108912991,1.0,0.125,87.26467365445457,0.5503241911179126,-0.012396538739688332,1.8047914437259067,6.671959941959626,193.5331230827912,nan,0
visreg_dmc_lambd4p5_lr1e-4_seed403_150688,dmc,4,heldout,0,0,0,0,1,76.0,nan,nan,,0.03439639110729574,0.22013690308669276,1.0,0.15625,151.324127862294,0.5498042081221691,-0.027723009829539246,1.7778292411710555,3.180403362615296,177.38906997938912,nan,0
visreg_dmc_lambd4p5_lr1e-4_seed403_150688,dmc,5,heldout,0,1,0,0,1,82.0,86.0,nan,,0.032333900845407215,0.22992996156734022,1.0,0.140625,163.47378087767385,0.5464498424870211,-0.038569007822294624,1.849230002601802,3.163420734585451,182.06919953848103,nan,0
visreg_dmc_lambd4p5_lr1e-4_seed403_150688,dmc,6,heldout,0,0,0,0,1,68.0,nan,nan,,0.03810778691347673,0.270988706940279,1.0,0.140625,181.58624500761587,0.5449464957983867,-0.0444197740339364,1.8477608062738633,2.6667753472557187,178.32223051441295,nan,0
visreg_dmc_lambd4p5_lr1e-4_seed403_150688,dmc,7,heldout,0,0,0,0,1,64.0,nan,nan,,0.06402123114171349,0.22763104405942575,1.0,0.28125,169.93324342915733,0.5424576740456322,-0.046255779131249335,1.8353772521838836,3.1723460107430625,175.54309808748908,nan,0
visreg_dmc_lambd4p5_lr1e-4_seed403_150688,dmc,8,heldout,0,0,0,0,1,72.0,nan,nan,,0.08384401275274558,0.33537605101098233,1.0,0.25,209.75022127733223,0.5466585808084176,-0.048656715080489625,1.8488186754851859,2.132245128105923,175.2296359941766,nan,0
visreg_dmc_lambd4p5_lr1e-4_seed403_150688,dmc,9,heldout,0,0,0,0,1,74.0,nan,nan,,0.19458114166831816,0.6554312140406506,1.0,0.296875,271.88094474286873,0.5472493797093471,-0.05053122639102163,1.8790894786699581,0.9940416007386038,175.33340542630629,nan,0
visreg_dmc_lambd4p5_lr1e-4_seed403_150688,dmc,10,heldout,0,0,0,0,1,66.0,nan,nan,,0.20010249779356676,0.7114755477104596,1.0,0.28125,277.6775210044553,0.5474896457449836,-0.0509678342363541,1.8738437486816144,0.8827525342387685,175.93039819060067,nan,0
visreg_dmc_lambd4p5_lr1e-4_seed46_150689,dmc,1,heldout,0,0,0,0,1,54.0,nan,nan,,0.0015676615165938735,0.057564507684879584,0.5809733641849686,0.046875,47.63981586316742,0.41820486959582204,0.02521514925737503,1.5344078714867755,10.624752125549806,166.19210755055633,nan,0
visreg_dmc_lambd4p5_lr1e-4_seed46_150689,dmc,2,heldout,0,0,0,0,1,36.0,nan,nan,,0.0015392826707272002,0.0441597079017308,0.4461718412891931,0.078125,36.58609098571384,0.4052872755087597,0.02992973534623341,1.6947592791722095,15.302767948781558,212.11747956511763,nan,0
visreg_dmc_lambd4p5_lr1e-4_seed46_150689,dmc,3,heldout,0,0,0,0,1,62.0,nan,nan,,0.007199003873753367,0.09449442442418518,0.9751607054654822,0.078125,79.96317784816954,0.5040314490121507,-0.008099853479220494,1.7408510698275683,7.332405098908759,179.06432674161752,nan,0
visreg_dmc_lambd4p5_lr1e-4_seed46_150689,dmc,4,heldout,0,0,0,0,1,54.0,nan,nan,,0.04460007123356806,0.2854404558948356,1.0,0.15625,166.30632093163155,0.5441249326723832,-0.023404992815661906,1.8248863894828715,2.494790548235068,180.11914862260386,nan,0
visreg_dmc_lambd4p5_lr1e-4_seed46_150689,dmc,5,heldout,0,0,0,0,1,64.0,nan,nan,,0.03809755830029009,0.20318697760154714,1.0,0.1875,143.85618258982836,0.5457277874449316,-0.027837690890282818,1.814876677578364,3.5243907006183495,181.59772582213043,nan,0
visreg_dmc_lambd4p5_lr1e-4_seed46_150689,dmc,6,heldout,0,0,0,0,1,70.0,nan,nan,,0.07395634383160733,0.33808614323020497,1.0,0.21875,197.40274181856287,0.5497967571555281,-0.03485568004822997,1.8146103559760873,2.074920151959487,177.64255708522376,nan,0
visreg_dmc_lambd4p5_lr1e-4_seed46_150689,dmc,7,heldout,0,0,0,0,1,78.0,nan,nan,,0.10192810437373548,0.43489324532793805,1.0,0.234375,222.0865471741307,0.5455548267616591,-0.04226451785601166,1.822651415911446,1.5841624507233603,173.3454685706243,nan,0
visreg_dmc_lambd4p5_lr1e-4_seed46_150689,dmc,8,heldout,0,0,0,0,1,72.0,nan,nan,,0.11468380896681774,0.5645972133751027,1.0,0.203125,247.45235252960669,0.5469320837598589,-0.0443956570610721,1.8360620787208257,1.1769934070395758,173.89049031845943,nan,0
visreg_dmc_lambd4p5_lr1e-4_seed46_150689,dmc,9,heldout,0,1,0,0,1,72.0,83.33333333333333,nan,,0.17245136643984985,0.6898054657593994,1.0,0.25,266.5491966834608,0.5467162032089374,-0.04558377084174306,1.8612510173575085,0.9170405381442764,176.12846730050856,nan,0
visreg_dmc_lambd4p5_lr1e-4_seed46_150689,dmc,10,heldout,0,0,0,0,1,80.0,nan,nan,,0.14927212228068723,0.6823868447117131,1.0,0.21875,263.9696700121487,0.5466327518292563,-0.0460779281332925,1.8602750199135094,0.9307193815888405,175.6158875685567,nan,0
visreg_dmc_lambd4p5_lr1e-4_seed729_150687,dmc,1,dev,1,0,0,0,1,52.0,nan,nan,,0.0022051117506781855,0.05576230080548117,0.5061740638561734,0.078125,41.50627323620621,0.40734430002739075,0.026830048530152154,1.5930429407543079,11.387879565055274,177.53775348088703,nan,0
visreg_dmc_lambd4p5_lr1e-4_seed729_150687,dmc,2,dev,1,0,0,0,1,74.0,nan,nan,,0.0035291593571107815,0.08595243297365579,0.8759348670766828,0.046875,71.82665910028798,0.5015414581930411,0.0038351636462222254,1.6709883259920728,7.74074419196094,183.32849421657363,nan,0
visreg_dmc_lambd4p5_lr1e-4_seed729_150687,dmc,3,dev,1,0,0,0,1,60.0,nan,nan,,0.00419946310546081,0.09347874179815026,0.958384168705225,0.046875,78.58750183382845,0.5582683151807051,-0.007513786579991702,1.7343881145575941,7.384928855937563,176.6499278189015,nan,0
visreg_dmc_lambd4p5_lr1e-4_seed729_150687,dmc,4,dev,1,0,0,0,1,80.57142857142857,nan,nan,,0.028325019187791747,0.151066769001556,1.0,0.1875,121.36991545984232,0.5529416301359547,-0.02863548731937259,1.75164034927869,4.597970643858682,171.2203593478924,nan,0
visreg_dmc_lambd4p5_lr1e-4_seed729_150687,dmc,5,dev,1,0,0,0,1,76.0,nan,nan,,0.07331000700882918,0.33513146061179055,1.0,0.21875,195.85354917917604,0.5459215318768336,-0.041794024012620785,1.7756205743451825,2.049417443714462,164.47699037296547,nan,0
visreg_dmc_lambd4p5_lr1e-4_seed729_150687,dmc,6,dev,1,0,0,0,1,76.0,nan,nan,,0.08209895317729271,0.3502888668897822,1.0,0.234375,203.86101883939287,0.5463050475520002,-0.046171406955452174,1.8224970455258476,2.0064326407803557,173.20530096736462,nan,0
visreg_dmc_lambd4p5_lr1e-4_seed729_150687,dmc,7,dev,1,0,0,0,1,66.0,nan,nan,,0.06745357438771726,0.33207913544722345,1.0,0.203125,201.48635029578313,0.5479683338732709,-0.04866428280542541,1.9057463713253444,2.221132825847273,183.3659971762733,nan,0
visreg_dmc_lambd4p5_lr1e-4_seed729_150687,dmc,8,dev,1,0,0,0,1,70.0,nan,nan,,0.15736969662292793,0.5300873991509152,1.0,0.296875,247.14384923681243,0.5522718658754082,-0.05115026423154253,1.8451044800191123,1.2766746379274114,172.7739698365748,nan,0
visreg_dmc_lambd4p5_lr1e-4_seed729_150687,dmc,9,dev,1,0,0,0,1,72.0,nan,nan,,0.12952504033418963,0.6376617370298566,1.0,0.203125,264.0882742562909,0.5525317992705888,-0.05228233162643952,1.860891284011779,1.021436645200987,175.71221668224723,nan,0
visreg_dmc_lambd4p5_lr1e-4_seed729_150687,dmc,10,dev,1,0,0,0,1,70.0,nan,nan,,0.12620810382050263,0.6731098870426807,1.0,0.1875,270.10627693068056,0.5527244957944677,-0.052670906734460995,1.8629382089803723,0.9500936417225926,176.1498129438081,nan,0
visreg_dmc_lambd4p5_seed100_104651,dmc,1,heldout,0,0,0,0,1,68.0,nan,nan,,0.006762353743504573,0.08112243637845386,0.666878762068409,0.125,54.68405848960954,0.4422315937162232,0.012600753427085306,1.6292517635019634,7.998471094696189,168.88107509764887,nan,0
visreg_dmc_lambd4p5_seed100_104651,dmc,2,heldout,0,1,0,0,1,50.0,44.666666666666664,nan,,0.002228115069621645,0.0595514859867571,0.5986389847916479,0.0625,49.08839675291512,0.44775002340675435,0.023531122651038603,1.6186901725235197,10.833714246719293,180.60116181738925,nan,0
visreg_dmc_lambd4p5_seed100_104651,dmc,3,heldout,0,0,0,0,1,82.0,nan,nan,,0.00897039353373066,0.11482103723175247,1.0,0.078125,89.24198654225184,0.4935959122112642,0.00036031856718752404,1.7056114346572424,5.9055639209699,174.63968132455142,nan,0
visreg_dmc_lambd4p5_seed100_104651,dmc,4,heldout,0,0,0,0,1,68.0,nan,nan,,0.02473054936155544,0.131896263261629,1.0,0.1875,95.80532016162894,0.52472917726836,-0.010419962357313286,1.748959663705191,5.265805809972294,180.06071686280035,nan,0
visreg_dmc_lambd4p5_seed100_104651,dmc,5,heldout,0,0,0,0,1,66.0,nan,nan,,0.08667885377039691,0.34671541508158765,1.0,0.25,173.00875285981712,0.5466529928720305,-0.0168839029691753,1.7668998541017735,1.9667014373361262,174.69391867546096,nan,0
visreg_dmc_lambd4p5_seed100_104651,dmc,6,heldout,0,0,0,0,1,70.0,nan,nan,,0.036592745243745874,0.19516130796664466,1.0,0.1875,139.4422265985453,0.5485991906308133,-0.020253409710531075,1.7683328220343426,3.578319490374681,175.79957879303868,nan,0
visreg_dmc_lambd4p5_seed100_104651,dmc,7,heldout,0,1,0,0,1,86.0,82.66666666666667,nan,,0.034616820779957355,0.20140695726520644,1.0,0.171875,143.4864704475868,0.5505691847027762,-0.02276426977762794,1.708676036796769,3.3481341943815073,165.2265249338427,nan,0
visreg_dmc_lambd4p5_seed100_104651,dmc,8,heldout,0,0,0,0,1,72.0,nan,nan,,0.11407221314538903,0.36503108206524487,1.0,0.3125,191.6512289999014,0.5464403252966481,-0.027956433953353045,1.7771821452302832,1.871723855232368,175.79543322649985,nan,0
visreg_dmc_lambd4p5_seed100_104651,dmc,9,heldout,0,0,0,0,1,72.0,nan,nan,,0.20759435303815396,0.6643019297220927,1.0,0.3125,245.95277452523368,0.5469660461715438,-0.028779830458925765,1.7853770714497401,0.9272758770825379,175.6247154932735,nan,0
visreg_dmc_lambd4p5_seed100_104651,dmc,10,heldout,0,0,0,0,1,72.0,nan,nan,,0.1767182930519876,0.6652923973721886,1.0,0.265625,244.6617108557877,0.5466286658767308,-0.029004759392876556,1.7885622856255095,0.9270283868682853,175.22455627641733,nan,0
visreg_dmc_lambd4p5_seed1_104645,dmc,1,heldout,0,1,0,0,1,24.0,24.0,nan,,0.0005100926567628726,0.04604069219201932,0.35453344072966264,0.03125,29.071742139832338,0.40584590909296603,0.04110647821178289,1.5914811564609446,13.782515741344511,193.2135680419812,nan,0
visreg_dmc_lambd4p5_seed1_104645,dmc,2,heldout,0,0,0,0,1,68.0,nan,nan,,0.009021708480407844,0.09588514157612536,0.8602395581320142,0.109375,70.53964376682517,0.4304600952148934,0.0064097620300088524,1.6509808181522545,6.852537109559278,172.65150410249436,nan,0
visreg_dmc_lambd4p5_seed1_104645,dmc,3,heldout,0,0,0,0,1,44.0,nan,nan,,0.012969873462229806,0.11858170022610108,1.0,0.109375,92.11631935518186,0.4557205555779215,-0.0023303015371436042,1.716059797594457,5.751968964832596,179.93401237081594,nan,0
visreg_dmc_lambd4p5_seed1_104645,dmc,4,heldout,0,1,0,0,1,76.0,78.66666666666667,nan,,0.010992908901710426,0.11725769495157788,1.0,0.09375,95.11060417478976,0.5307713097588229,-0.006622024768579388,1.7089012968860904,5.793130850130306,178.01890238714077,nan,0
visreg_dmc_lambd4p5_seed1_104645,dmc,5,heldout,0,0,0,0,1,74.0,nan,nan,,0.031129147545446392,0.15325118791604378,1.0,0.203125,116.04934242676644,0.5503801804321207,-0.014145090457708998,1.7386394862264578,4.497993299768245,174.2350256210059,nan,0
visreg_dmc_lambd4p5_seed1_104645,dmc,6,heldout,0,1,0,0,1,76.0,68.0,nan,,0.03781719236233007,0.186176947014548,1.0,0.203125,135.5140053433598,0.5536888361974697,-0.020823822753930948,1.749560888250985,3.7146148954392446,175.33912764247026,nan,0
visreg_dmc_lambd4p5_seed1_104645,dmc,7,heldout,0,0,0,0,1,78.0,nan,nan,,0.0475280603147869,0.33797731779404017,1.0,0.140625,185.72654146892887,0.5533898314147313,-0.025997255043416073,1.7971728933585172,2.0556867541545487,181.69982202966008,nan,0
visreg_dmc_lambd4p5_seed1_104645,dmc,8,heldout,0,1,0,0,1,82.0,80.66666666666667,nan,,0.09670834543782553,0.5157778423350695,1.0,0.1875,220.8083373558038,0.5518932972080334,-0.02780234946944744,1.7971265698055,1.2845280826529308,178.0843312514416,nan,0
visreg_dmc_lambd4p5_seed1_104645,dmc,9,heldout,0,1,0,0,1,74.0,84.0,nan,,0.13018492073446494,0.5951310662146969,1.0,0.21875,235.7870960133292,0.5517729109977507,-0.02844641524768925,1.7727128834061194,1.0641081746939807,174.94311511938588,nan,0
visreg_dmc_lambd4p5_seed1_104645,dmc,10,heldout,0,1,0,0,1,74.0,82.66666666666667,nan,,0.14665792474424216,0.67043622740225,1.0,0.21875,247.67305105469697,0.5514018748664047,-0.028890785137875023,1.7808512972980728,0.9132637085201134,175.5491399665154,nan,0
visreg_dmc_lambd4p5_seed42_104647,dmc,1,dev,1,0,0,0,1,32.0,nan,nan,,0.0007080431474993725,0.053845359822245316,0.4207861326356928,0.03125,34.50446287612681,0.42061029541071904,0.03436527450786228,1.593469949767663,11.797109534794034,184.36380927714748,nan,0
visreg_dmc_lambd4p5_seed42_104647,dmc,2,dev,1,0,0,0,1,54.0,nan,nan,,0.0037857441814577713,0.07987629555349789,0.7583214329557353,0.0625,62.182357502370294,0.45052501548769325,0.01265028042720983,1.6413390429201917,8.183952233809228,169.1364122899014,nan,0
visreg_dmc_lambd4p5_seed42_104647,dmc,3,dev,1,0,0,0,1,64.0,nan,nan,,0.010782386954486368,0.09047706918854022,0.8474495511848331,0.140625,69.49086319715632,0.47146366433385445,-0.0008783750653331362,1.720636625347825,7.5705381789944886,180.92837829249862,nan,0
visreg_dmc_lambd4p5_seed42_104647,dmc,4,dev,1,0,0,0,1,44.0,57.333333333333336,nan,,0.01570054640429677,0.09493224177487297,0.9622508846007035,0.171875,78.90457253725769,0.5249484848516784,-0.004093122624810882,1.7296900759286125,7.2516372668604525,184.8680467846849,nan,0
visreg_dmc_lambd4p5_seed42_104647,dmc,5,dev,1,0,0,0,1,57.99999999999999,nan,nan,,0.016822048013890253,0.10766110728889762,1.0,0.15625,91.64834489116033,0.5444333309087612,-0.009512964790147132,1.7402150684794335,6.428798903023763,180.40532812594154,nan,0
visreg_dmc_lambd4p5_seed42_104647,dmc,6,dev,1,0,0,0,1,70.0,74.66666666666667,nan,,0.05146099992507139,0.2744586662670474,1.0,0.1875,163.00571717189416,0.5520617057066584,-0.02281253348654387,1.8035151989967275,2.5686513544301484,179.79519399308606,nan,0
visreg_dmc_lambd4p5_seed42_104647,dmc,7,dev,1,0,0,0,1,64.0,nan,nan,,0.0815642712829845,0.3070654918888828,1.0,0.265625,177.92983803095535,0.5498376666693702,-0.026894179173722634,1.8041018472598809,2.2843911740680456,182.42136329631433,nan,0
visreg_dmc_lambd4p5_seed42_104647,dmc,8,dev,1,0,0,0,1,72.0,76.0,nan,,0.1124629105158362,0.423389780765501,1.0,0.265625,206.2469526891386,0.5493642054550316,-0.029383884598962885,1.7622086197500682,1.578070081125546,171.04035128928444,nan,0
visreg_dmc_lambd4p5_seed42_104647,dmc,9,dev,1,0,0,0,1,70.0,79.33333333333333,nan,,0.18886648695341368,0.5755931030961179,1.0,0.328125,234.24716265881267,0.5490463163411494,-0.03066286046914572,1.7803088158794684,1.1143657747792342,175.65633631327472,nan,0
visreg_dmc_lambd4p5_seed42_104647,dmc,10,dev,1,0,0,0,1,76.0,77.33333333333333,nan,,0.16090442196278,0.6865255337078613,1.0,0.234375,252.2185020663355,0.5486359117201776,-0.030812983987488284,1.7813293316918808,0.8836324257880463,175.1945597222441,nan,0
visreg_dmc_lambd4p5_seed7_104649,dmc,1,dev,1,0,0,0,1,40.0,nan,nan,,0.0031565351102007745,0.059710310605265535,0.48332941641796656,0.109375,39.63301214627326,0.42850505517344023,0.027319260562381036,1.5748686279186912,10.512332538400434,176.17427059158234,nan,0
visreg_dmc_lambd4p5_seed7_104649,dmc,2,dev,1,0,0,0,1,57.99999999999999,nan,nan,,0.007505165646375505,0.09726688343398568,0.8230458034808753,0.09375,67.48975588543178,0.45327913568125616,0.010207251966524326,1.647240809952531,6.739414864857987,177.5056989710768,nan,0
visreg_dmc_lambd4p5_seed7_104649,dmc,3,dev,1,0,0,0,1,52.0,nan,nan,,0.014940875401550075,0.11017386360419838,0.9643505419704707,0.140625,79.0767444415786,0.47916489619532326,-4.048138427256407e-05,1.740814307868861,6.2834297857786705,184.2660004783391,nan,0
visreg_dmc_lambd4p5_seed7_104649,dmc,4,dev,1,0,0,0,1,57.99999999999999,nan,nan,,0.01371892470692935,0.12543016874906834,1.0,0.109375,99.60207709078276,0.528921242479844,-0.007524075702186201,1.7502604727158102,5.54383202684069,180.12434737585912,nan,0
visreg_dmc_lambd4p5_seed7_104649,dmc,5,dev,1,0,0,0,1,64.0,nan,nan,,0.02904852553882882,0.15492546954042039,1.0,0.1875,113.54627950412704,0.5478036400196009,-0.01338839683444263,1.7750031280163043,4.5418162412965914,182.2436781857665,nan,0
visreg_dmc_lambd4p5_seed7_104649,dmc,6,dev,1,0,0,0,1,64.0,nan,nan,,0.04625583516984092,0.21145524649070135,1.0,0.21875,141.18639813833906,0.5481024908198386,-0.021660888848406046,1.8241627580327788,3.4007406156726887,187.44414382058358,nan,0
visreg_dmc_lambd4p5_seed7_104649,dmc,7,dev,1,0,0,0,1,68.0,nan,nan,,0.09526168860853024,0.40644987139639566,1.0,0.234375,197.10514595023653,0.5477284436002933,-0.026555259499310226,1.8041691002534936,1.6902511528041801,179.26065474999973,nan,0
visreg_dmc_lambd4p5_seed7_104649,dmc,8,dev,1,0,0,0,1,78.0,80.0,nan,,0.11857577514207737,0.42160275606071956,1.0,0.28125,204.62498213122322,0.5482565721318634,-0.028550208751859395,1.7700615688866146,1.592562890186628,169.04474458639544,nan,0
visreg_dmc_lambd4p5_seed7_104649,dmc,9,dev,1,0,0,0,1,70.0,nan,nan,,0.16626631913083215,0.6650652765233286,1.0,0.25,245.8964133811304,0.5481625036146268,-0.02954808207457054,1.803256229796687,0.9350837012464427,176.27558998319506,nan,0
visreg_dmc_lambd4p5_seed7_104649,dmc,10,dev,1,0,0,0,1,76.0,nan,nan,,0.15904951904859585,0.6786112812740089,1.0,0.234375,248.01442042443736,0.548168701641898,-0.02999366744602008,1.8007163679041251,0.9079778099544854,175.52245662192058,nan,0
sigreg_maze2d_lambd0p09_lr2e-5_seed729_213789,maze2d,1,heldout-dataset,0,0,1,0,0,nan,nan,nan,,0.0,0.08652091758582123,0.02425054581177924,0.0,1.9885447565658976,0.8380196689457784,-0.20903293707118514,13.39311925461766,61.633506344315904,159.53652408601297,14.5,0
sigreg_maze2d_lambd0p09_lr2e-5_seed729_213789,maze2d,2,heldout-dataset,0,0,1,0,0,nan,nan,nan,,0.0,0.17263876437239806,0.07164581365486815,0.0,5.874956719699188,0.9174567071726836,-0.19546643557538174,13.080013930543018,29.98804826466662,150.20471289080075,29.0,0
sigreg_maze2d_lambd0p09_lr2e-5_seed729_213789,maze2d,3,heldout-dataset,0,0,1,0,0,nan,nan,nan,,0.0,0.20907964037938478,0.10262186681048321,0.0,8.414993078459624,0.9222480110428699,-0.22787583424373553,15.952684818187466,30.08627344402871,189.33236063046175,23.5,0
sigreg_maze2d_lambd0p09_lr2e-5_seed729_213789,maze2d,4,heldout-dataset,0,0,1,0,0,nan,nan,nan,,0.0006555639032602214,0.2683293568959108,0.15636041577414728,0.015625,12.821554093480078,0.9275292220590309,-0.2041824702322718,12.652705582915754,18.449338084587705,122.21386066956522,40.5,0
sigreg_maze2d_lambd0p09_lr2e-5_seed729_213789,maze2d,5,heldout-dataset,0,0,1,0,0,nan,nan,nan,,0.0,0.2627935512786253,0.11936733390791383,0.0,9.788121380448935,0.9305017083400395,-0.21160838756237554,17.0421495564946,25.39397206759529,194.23404946589488,24.0,0
sigreg_maze2d_lambd0p09_lr2e-5_seed729_213789,maze2d,6,heldout-dataset,0,0,1,0,0,nan,nan,nan,,0.0,0.2880750763507716,0.24768052005058408,0.0,20.309802644147894,0.9264252619598746,-0.20024469522635993,12.910135140094372,17.480518223750607,138.7190922842063,35.0,0
sigreg_maze2d_lambd0p09_lr2e-5_seed729_213789,maze2d,7,heldout-dataset,0,0,1,0,0,nan,nan,nan,,0.008836209880114517,0.5217520330424118,0.36129386919025813,0.046875,29.626097273601168,0.9277089334593986,-0.21065481335018393,15.339242529805773,10.815638547105745,154.89248873981086,52.5,0
sigreg_maze2d_lambd0p09_lr2e-5_seed729_213789,maze2d,8,heldout-dataset,0,0,1,0,0,nan,nan,nan,,0.005578763853992417,0.7134675256417762,0.5004304664523453,0.015625,41.035298249092314,0.9375712806949146,-0.19413278852145388,15.885811248729201,7.452813972583551,169.9099878497954,51.5,0
sigreg_maze2d_lambd0p09_lr2e-5_seed729_213789,maze2d,9,heldout-dataset,0,0,1,0,0,nan,nan,nan,,0.12625808597707847,0.955761687639121,0.7685937925015929,0.171875,63.02469098513062,0.9333114334915047,-0.19804482170679616,16.862047471756902,4.190732665559665,176.76047349013623,60.5,0
sigreg_maze2d_lambd0p09_lr2e-5_seed729_213789,maze2d,10,heldout-dataset,0,0,1,0,0,nan,nan,nan,,0.1114667847016765,0.9710540952500664,0.816280673846288,0.140625,66.93501525539561,0.9340089293857042,-0.19777234656688877,16.88595351745755,3.8654381064266206,175.89768322466094,62.0,0
visreg_maze2d_lambd4p5_lr4e-5_seed729_213788,maze2d,1,heldout-dataset,0,0,1,0,0,nan,nan,nan,,0.0,0.08855861747137952,0.033022052743766205,0.0,2.7078083249888287,0.891494840900957,-0.21319538915134323,11.576552598212146,52.04318325002649,114.3085962393619,12.5,0
visreg_maze2d_lambd4p5_lr4e-5_seed729_213788,maze2d,2,heldout-dataset,0,0,1,0,0,nan,nan,nan,,0.0,0.1353432807267288,0.07052045580554045,0.0,5.782677376054317,0.9290872605505089,-0.1891909103313677,15.066276766366745,44.19574411114901,177.4839931708289,30.5,0
visreg_maze2d_lambd4p5_lr4e-5_seed729_213788,maze2d,3,heldout-dataset,0,0,1,0,0,nan,nan,nan,,0.00025590743915339745,0.13562222700142545,0.12076247727185084,0.015625,9.90252313629177,0.9267402674146077,-0.2043137945836811,12.920185807174178,37.82164104167636,122.83556685446021,36.0,0
visreg_maze2d_lambd4p5_lr4e-5_seed729_213788,maze2d,4,heldout-dataset,0,0,1,0,0,nan,nan,nan,,0.0,0.1460922165047775,0.05921663947115387,0.0,4.855764436634617,0.9381961053124996,-0.1869821138064669,14.29562792356653,38.81839695116609,152.34025741534666,36.5,0
visreg_maze2d_lambd4p5_lr4e-5_seed729_213788,maze2d,5,heldout-dataset,0,0,1,0,0,nan,nan,nan,,0.0009777630872782608,0.2530062829897988,0.24733313673610147,0.015625,20.28131721236032,0.9385236395510088,-0.2122611701639908,12.675481306697035,19.645457347593254,100.37976079329486,33.0,0
visreg_maze2d_lambd4p5_lr4e-5_seed729_213788,maze2d,6,heldout-dataset,0,0,1,0,0,nan,nan,nan,,0.005461532418535613,0.3933331475273655,0.2962188473762442,0.046875,24.289945484852026,0.9423096478278923,-0.19364448264978723,14.953630131736698,14.522680970593363,154.006665642898,45.5,0
visreg_maze2d_lambd4p5_lr4e-5_seed729_213788,maze2d,7,heldout-dataset,0,0,1,0,0,nan,nan,nan,,0.0015022111898131995,0.35046261935089545,0.27432744846258345,0.015625,22.49485077393184,0.9293260485278383,-0.21662706264429882,15.233424152974678,16.761947361905378,147.55547122348793,25.5,0
visreg_maze2d_lambd4p5_lr4e-5_seed729_213788,maze2d,8,heldout-dataset,0,0,1,0,0,nan,nan,nan,,0.09870121987610406,0.7985574369006342,0.6084893526726397,0.203125,49.89612691915646,0.9589583487270181,-0.18607651175825385,17.72868657907484,6.939078944395434,201.99554068448958,65.5,0
visreg_maze2d_lambd4p5_lr4e-5_seed729_213788,maze2d,9,heldout-dataset,0,0,1,0,0,nan,nan,nan,,0.2580939556064651,0.9768211852199645,0.9394425628731954,0.28125,77.03429015560202,0.9558959690396089,-0.194840359726094,17.062781104062477,3.7575365522205995,163.25957566916304,62.5,0
visreg_maze2d_lambd4p5_lr4e-5_seed729_213788,maze2d,10,heldout-dataset,0,0,1,0,0,nan,nan,nan,,0.36677580729007364,0.991921090502256,0.9860349062090761,0.375,80.85486230914424,0.9565284498712576,-0.18783668737669745,17.226587159320047,3.2518283365767826,170.63634615488178,66.0,0
dinocls_pusht_s0,pusht,1,heldout-method,0,0,0,1,0,nan,nan,46.666666666666664,DINO-CLS-WM (ours),0.16752337714457946,0.48474711434246304,0.7626796579388507,0.453125,62.53973195098576,0.8273032101017147,-0.20452471995133517,9.205701638669717,7.0739053462449,158.93797194308945,nan,0
ext_intact_full_pusht_s0,pusht,0,heldout-method,0,0,0,1,0,nan,nan,80.0,INTACT,0.10560537864769262,0.33793721167261637,1.0,0.3125,121.29796871897915,0.8322794908300786,nan,5.674411449545577,6.491466958386103,226.8117451612663,nan,0
ext_intact_full_pusht_s3072,pusht,0,heldout-method,0,0,0,1,0,nan,nan,81.33333333333333,INTACT,0.2089899744249257,0.36149617197824985,1.0,0.578125,132.41240003367386,0.7232195625392728,nan,5.862839864196604,6.23982881036661,236.63475601674332,nan,0
ext_intact_full_pusht_s42,pusht,0,heldout-method,0,0,0,1,0,nan,nan,78.88888888888889,INTACT,0.15722000003390618,0.35936000007749985,1.0,0.4375,134.10168001911745,0.7132213366254928,nan,5.795053206880893,6.2071567848851315,227.37077126588815,nan,0
ext_qantara_pusht_s11,pusht,0,heldout-method,0,0,0,1,0,nan,nan,89.77777777777777,Qantara,0.34961983533625046,0.5203644060818612,1.0,0.671875,116.19315918879678,0.7228153685286585,0.4941374531674032,3.8878330795562444,2.749960928582685,194.90551057864002,nan,0
ext_qantara_pusht_s22,pusht,0,heldout-method,0,0,0,1,0,nan,nan,90.66666666666667,Qantara,0.3863499160505605,0.5151332214007474,1.0,0.75,132.25492404845235,0.85220817123547,0.5159124043337593,3.7103768952695617,2.655974061976853,193.85775307241056,nan,0
ext_qantara_pusht_s33,pusht,0,heldout-method,0,0,0,1,0,nan,nan,89.33333333333333,Qantara,0.34699359460929835,0.4827736968477195,1.0,0.71875,136.91590840005412,0.9170271481698117,0.537262142562871,3.4526267896038627,2.6655987122686837,193.25048901950424,nan,0
sigreg_pusht_lambd0p09_179619,pusht,1,dev,1,0,0,0,1,48.0,nan,nan,,0.0597732888033292,0.2846646262313304,0.6399327373673206,0.328125,52.47448446412029,0.7568392787428174,0.41312596969818505,4.11117269966348,5.63637637591519,186.2707749100254,nan,0
sigreg_pusht_lambd0p09_179619,pusht,2,dev,1,0,0,0,1,82.0,nan,nan,,0.14387495069830536,0.36831987378766173,1.0,0.390625,85.44967412651678,0.8601763018342026,0.4655619950052199,4.283926769994346,4.46834986812661,196.95885247343597,nan,0
sigreg_pusht_lambd0p09_179619,pusht,3,dev,1,0,0,0,1,92.0,nan,nan,,0.11113933084959411,0.3743640618091591,1.0,0.296875,97.99389830455975,0.9119116536339761,0.4854972198883018,4.176090816463789,4.279847572449207,192.88586490790252,nan,0
sigreg_pusht_lambd0p09_179619,pusht,4,dev,1,0,0,0,1,88.0,nan,nan,,0.21360795869624322,0.45569697855198554,1.0,0.46875,122.11352923649713,0.9227640996200138,0.5042293264788279,4.222228167179618,3.4818544178946045,193.09391246031151,nan,0
sigreg_pusht_lambd0p09_179619,pusht,5,dev,1,0,0,0,1,92.0,nan,nan,,0.23209568594595906,0.4641913718919181,1.0,0.5,129.01277936345994,0.9253742564711276,0.5143211667751383,4.117186651636189,3.3247973963698527,190.72366675197821,nan,0
sigreg_pusht_lambd0p09_179619,pusht,6,dev,1,0,0,0,1,88.0,nan,nan,,0.26643722900665695,0.4372303245237447,1.0,0.609375,127.29625931405454,0.9224733076737559,0.521071320464486,4.11369240779777,3.5540533222849433,191.12536396679553,nan,0
sigreg_pusht_lambd0p09_179619,pusht,7,dev,1,0,0,0,1,98.0,nan,nan,,0.2693815308581408,0.46595724256543275,1.0,0.578125,136.17963576947412,0.9196168838513931,0.5255089145811255,4.088508937703077,3.2873936280733136,192.2336811409342,nan,0
sigreg_pusht_lambd0p09_179619,pusht,8,dev,1,0,0,0,1,96.0,nan,nan,,0.3894817979745316,0.5796938388458145,1.0,0.671875,165.27620451711192,0.9160577060582344,0.5277981544524514,4.078455015877002,2.5304036486220993,190.380584765665,nan,0
sigreg_pusht_lambd0p09_179619,pusht,9,dev,1,0,0,0,1,96.0,nan,nan,,0.36110311846407606,0.5502523709928778,1.0,0.65625,160.25890040809622,0.9110510059736606,0.5302848027474705,4.040157244661652,2.6726420351448184,190.63677509790466,nan,0
sigreg_pusht_lambd0p09_179619,pusht,10,dev,1,0,0,0,1,96.0,nan,nan,,0.3857526211250136,0.5610947216363834,1.0,0.6875,162.3188902451029,0.9119899839019551,0.5304854111671266,4.058258610019014,2.6214679662878124,191.3167827454554,nan,0
sigreg_pusht_lambd0p09_seed403_180833,pusht,1,dev,1,0,0,0,1,64.0,nan,nan,,0.04672703481285152,0.2945629976409295,0.6768286698086761,0.234375,55.499950924311435,0.7511865029653846,0.4128886973306815,4.285195571003901,5.668377470252,183.4295309428859,nan,0
sigreg_pusht_lambd0p09_seed403_180833,pusht,2,dev,1,0,0,0,1,86.0,nan,nan,,0.10581390311450661,0.3762272110738013,1.0,0.28125,87.284736936033,0.8503581137826292,0.45366508147706347,4.39366754465138,4.478669315291374,189.20013408854663,nan,0
sigreg_pusht_lambd0p09_seed403_180833,pusht,3,dev,1,0,0,0,1,90.0,85.33333333333333,nan,,0.1969917970635171,0.45026696471661054,1.0,0.4375,113.64287551439195,0.9183805469506491,0.47190684207035216,4.413694787032403,3.6893918041783276,195.69114855045183,nan,0
sigreg_pusht_lambd0p09_seed403_180833,pusht,4,dev,1,0,0,0,1,86.0,88.0,nan,,0.15903491220535723,0.39147055312087936,1.0,0.40625,109.21559065605295,0.9383511406778989,0.4861254767036514,4.1740469316036375,4.074835275567275,194.7288948360545,nan,0
sigreg_pusht_lambd0p09_seed403_180833,pusht,5,dev,1,0,0,0,1,90.0,90.66666666666667,nan,,0.19634163624147358,0.4333056799811831,1.0,0.453125,123.09114073771953,0.9452616780154789,0.49638235656925844,4.214107613274515,3.6777021859398484,190.2912702955426,nan,0
sigreg_pusht_lambd0p09_seed403_180833,pusht,6,dev,1,0,0,0,1,96.0,94.0,nan,,0.26680640530787414,0.5022238217559983,1.0,0.53125,143.27955828256842,0.9349258182212247,0.5035244804338513,4.190117417045644,3.09008933143389,191.60713990459513,nan,0
sigreg_pusht_lambd0p09_seed403_180833,pusht,7,dev,1,0,0,0,1,91.0,95.33333333333333,nan,,0.32356148172144056,0.5309726879531332,1.0,0.609375,151.58045948214618,0.9370069649197933,0.5072561225716785,4.142531210412623,2.860616806000752,191.57219361201632,nan,0
sigreg_pusht_lambd0p09_seed46_180832,pusht,1,heldout,0,0,0,0,1,74.0,nan,nan,,0.05962350806876807,0.3234906180371876,0.7864018931068332,0.234375,64.48495523476032,0.7497327406437434,0.4311659950780351,4.234081285558735,5.074024109963138,185.78163858096357,nan,0
sigreg_pusht_lambd0p09_seed46_180832,pusht,2,heldout,0,1,0,0,1,84.0,83.33333333333333,nan,,0.098613410563487,0.3506254597812871,1.0,0.28125,83.89591378331608,0.8260622812856795,0.44497863602027976,4.443630971877084,4.887071505674978,189.53039462969397,nan,0
sigreg_pusht_lambd0p09_seed46_180832,pusht,3,heldout,0,0,0,0,1,90.0,nan,nan,,0.18420482620104622,0.4210396027452485,1.0,0.4375,105.70801756530612,0.9008225289362707,0.4609826017447794,4.481480003054695,4.038068609234185,193.04757354181504,nan,0
sigreg_pusht_lambd0p09_seed46_180832,pusht,4,heldout,0,1,0,0,1,90.0,88.66666666666667,nan,,0.2170553445581312,0.4630514017240132,1.0,0.46875,120.44851027111667,0.9357069980873479,0.4768719691095922,4.41888388113767,3.5784269486361953,193.10460196718546,nan,0
sigreg_pusht_lambd0p09_seed46_180832,pusht,5,heldout,0,0,0,0,1,90.0,nan,nan,,0.19874202905275773,0.45426749497773194,1.0,0.4375,124.1262668984682,0.9357301876682516,0.4856121133523013,4.323647655401008,3.578188178523123,190.89455211073388,nan,0
sigreg_pusht_lambd0p09_seed46_180832,pusht,6,heldout,0,1,0,0,1,92.0,89.33333333333333,nan,,0.30628453019628615,0.5158476298042715,1.0,0.59375,143.73665951062299,0.9398253832695836,0.49653863996628106,4.249823578394043,3.0371517245362694,190.86358951088027,nan,0
sigreg_pusht_lambd0p09_seed46_180832,pusht,7,heldout,0,0,0,0,1,93.5,nan,nan,,0.35841815511231817,0.5594819982241064,1.0,0.640625,154.630266514749,0.9325702132873799,0.5002705373232472,4.304534456223697,2.79037315798849,192.33870679168916,nan,0
sigreg_pusht_lambd0p09_seed46_180832,pusht,8,heldout,0,1,0,0,1,94.0,95.33333333333333,nan,,0.36201314168097043,0.5388102573856304,1.0,0.671875,151.88143663157473,0.930746223578077,0.5035751425381942,4.258897800827942,2.8897817330395585,191.28525841650787,nan,0
sigreg_pusht_lambd0p09_seed46_180832,pusht,9,heldout,0,1,0,0,1,96.0,94.66666666666667,nan,,0.34090136893626566,0.5454421902980251,1.0,0.625,152.95423658137156,0.9311418415555992,0.5044822637669968,4.2760098371308315,2.8589140878984565,191.72123773453765,nan,0
sigreg_pusht_lambd0p09_seed46_180832,pusht,10,heldout,0,1,0,0,1,96.0,96.0,nan,,0.4575613351044322,0.5856785089336732,1.0,0.78125,162.6967642861853,0.9311538180310809,0.5051968958595862,4.275518855169246,2.6188006692941688,191.5387354580783,nan,0
sigreg_pusht_lambd0p09_seed729_180834,pusht,1,dev,1,0,0,0,1,60.0,nan,nan,,0.07483750890095457,0.31835996743376155,0.752230346087346,0.3125,61.68288837916237,0.774399768484988,0.4269289312059556,4.399284235558124,5.362022674636506,192.08189729398742,nan,0
sigreg_pusht_lambd0p09_seed729_180834,pusht,2,dev,1,0,0,0,1,82.0,nan,nan,,0.08378625931113728,0.3574880397275191,1.0,0.234375,83.29562847273675,0.856045950628582,0.4503098011598477,4.557683228780093,4.909291262516199,197.55642067366387,nan,0
sigreg_pusht_lambd0p09_seed729_180834,pusht,3,dev,1,0,0,0,1,90.0,nan,nan,,0.162678663231881,0.4526710629061036,1.0,0.359375,116.72733144665445,0.9183267940980849,0.46646152732484464,4.358852611901002,3.621708458879574,190.5099737180077,nan,0
sigreg_pusht_lambd0p09_seed729_180834,pusht,4,dev,1,0,0,0,1,74.0,86.0,nan,,0.1776915055107644,0.43739447510342006,1.0,0.40625,117.7448981732962,0.9320950021356436,0.48133672198276484,4.24376681519476,3.6648915732844607,193.25274826465807,nan,0
sigreg_pusht_lambd0p09_seed729_180834,pusht,5,dev,1,0,0,0,1,92.0,nan,nan,,0.2787983022334318,0.46955503534051674,1.0,0.59375,130.71936133453772,0.9354823518234342,0.4956385830069198,4.18098497931995,3.332381319085771,190.42360128628928,nan,0
sigreg_pusht_lambd0p09_seed729_180834,pusht,6,dev,1,0,0,0,1,91.5,90.66666666666667,nan,,0.2633993748457092,0.48164457114643966,1.0,0.546875,134.59337260697936,0.9338811326324752,0.5046033899568487,4.2448790925095965,3.2861076430243377,190.68070176171324,nan,0
sigreg_pusht_lambd0p09_seed729_180834,pusht,7,dev,1,0,0,0,1,94.0,nan,nan,,0.3346555887457736,0.5099513733268931,1.0,0.65625,146.6435808090231,0.929051891989106,0.5081970892694514,4.122850697540215,2.9865710187801358,191.35525295608548,nan,0
sigreg_pusht_lambd0p09_seed729_180834,pusht,8,dev,1,0,0,0,1,94.0,96.0,nan,,0.39953420518786675,0.5558736767831189,1.0,0.71875,158.21477581673378,0.9207645641527472,0.5110098252036609,4.1488579279193605,2.7108075804763123,191.2451516894145,nan,0
sigreg_pusht_lambd0p09_seed729_180834,pusht,9,dev,1,0,0,0,1,94.0,95.33333333333333,nan,,0.38414165178141446,0.5587514935002392,1.0,0.6875,159.38639118578038,0.9224961295328842,0.5122015279535663,4.130020396134247,2.6815297371852354,191.2871021004649,nan,0
sigreg_pusht_lambd0p09_seed729_180834,pusht,10,dev,1,0,0,0,1,92.0,94.66666666666667,nan,,0.4138555483737236,0.5757990238243111,1.0,0.71875,163.92033634287378,0.921792090588318,0.5121835673437445,4.125501634421811,2.581167299300273,190.9499217022371,nan,0
visreg_pusht_lambd4p5_bs256_lr1e-4_seed403_184423,pusht,1,dev,1,0,0,0,1,66.0,nan,nan,,0.042719043035234085,0.3045196664475752,0.6412953756107426,0.21875,52.586220800080895,0.7243091646812294,0.40081888433333146,4.47696738913357,5.71875113449431,181.6026033803098,nan,0
visreg_pusht_lambd4p5_bs256_lr1e-4_seed403_184423,pusht,2,dev,1,0,0,0,1,82.0,nan,nan,,0.11460140588009529,0.34938487480813213,0.9542081871686763,0.34375,78.24507134783146,0.774056496287335,0.42712266061943227,4.648453086388558,5.131787263941112,185.6972522952121,nan,0
visreg_pusht_lambd4p5_bs256_lr1e-4_seed403_184423,pusht,3,dev,1,0,0,0,1,88.0,nan,nan,,0.1689542871386402,0.4701336685596944,1.0,0.359375,113.23093827601632,0.8236786467252766,0.4308609085811888,4.701974733952134,3.7423585871992335,183.3439312442657,nan,0
visreg_pusht_lambd4p5_bs256_lr1e-4_seed403_184423,pusht,4,dev,1,0,0,0,1,88.0,nan,nan,,0.28276333762061845,0.47623298967683103,1.0,0.59375,123.6977332614418,0.8607841004559705,0.44112075084350594,4.564976749935161,3.5800962174881095,183.4018479480367,nan,0
visreg_pusht_lambd4p5_bs256_lr1e-4_seed403_184423,pusht,5,dev,1,0,0,0,1,86.0,nan,nan,,0.21521385244802133,0.4749547088508057,1.0,0.453125,123.30944299838946,0.8826759966167183,0.44511563951218264,4.745337428828646,3.733032124439202,183.72248335500984,nan,0
visreg_pusht_lambd4p5_bs256_lr1e-4_seed403_184423,pusht,6,dev,1,0,0,0,1,92.0,nan,nan,,0.32600604925714227,0.5639023554718137,1.0,0.578125,147.60439645132718,0.8882812356896705,0.45111852481727144,4.711244853083633,3.0246828130198473,183.09564491799972,nan,0
visreg_pusht_lambd4p5_bs256_lr1e-4_seed403_184423,pusht,7,dev,1,0,0,0,1,92.0,nan,nan,,0.4222022058264004,0.6004653593975472,1.0,0.703125,157.62325387352973,0.897412908156097,0.4514333876272571,4.712377086691227,2.7968201907746324,182.3118009182964,nan,0
visreg_pusht_lambd4p5_bs256_lr1e-4_seed403_184423,pusht,8,dev,1,0,0,0,1,96.0,nan,nan,,0.40711074622314103,0.6354899453239274,1.0,0.640625,166.12407104652664,0.8973311574352406,0.4540822332320841,4.76250444009364,2.625981178004445,183.56071071498496,nan,0
visreg_pusht_lambd4p5_bs256_lr1e-4_seed403_184423,pusht,9,dev,1,0,0,0,1,92.5,nan,nan,,0.4709944501755537,0.6698587735830097,1.0,0.703125,173.4954184619162,0.8959964777244068,0.45437474741848377,4.783382863229807,2.4559653891643554,182.9264493362489,nan,0
visreg_pusht_lambd4p5_bs256_lr1e-4_seed403_184423,pusht,10,dev,1,0,0,0,1,94.0,nan,nan,,0.45959479654774904,0.6840480692803707,1.0,0.671875,177.18523982683655,0.8948559112281383,0.4548672583659352,4.779922507684197,2.3832612658277226,183.18531849232778,nan,0
visreg_pusht_lambd4p5_bs256_lr1e-4_seed46_184425,pusht,1,heldout,0,0,0,0,1,52.0,nan,nan,,0.04786321534277017,0.30345233981366937,0.6729768028412048,0.234375,55.184097832978786,0.7188308473120909,0.40345268594183314,4.537853472499408,5.817985062465093,183.9300394262528,nan,0
visreg_pusht_lambd4p5_bs256_lr1e-4_seed46_184425,pusht,2,heldout,0,0,0,0,1,80.0,nan,nan,,0.1068897516217204,0.3600496896731635,1.0,0.296875,82.83501446892866,0.7718442499393637,0.43149670740968504,4.518305784100971,4.829641115276387,186.2021811457905,nan,0
visreg_pusht_lambd4p5_bs256_lr1e-4_seed46_184425,pusht,3,heldout,0,0,0,0,1,94.0,nan,nan,,0.1960913880780266,0.4648092161849519,1.0,0.421875,111.79905245087113,0.8269869207067203,0.4372643819947125,4.62092647942521,3.7259419884864386,182.38492455154835,nan,0
visreg_pusht_lambd4p5_bs256_lr1e-4_seed46_184425,pusht,4,heldout,0,0,0,0,1,90.0,nan,nan,,0.2399364238970541,0.4653312463458019,1.0,0.515625,119.10997459471457,0.8626727146116492,0.4437972054887322,4.571706775972434,3.6815461964174805,181.62406881174005,nan,0
visreg_pusht_lambd4p5_bs256_lr1e-4_seed46_184425,pusht,5,heldout,0,0,0,0,1,96.0,nan,nan,,0.24076826879017516,0.5136389734190403,1.0,0.46875,137.45007689891906,0.8837364729358708,0.4477466524389553,4.512375544511162,3.2411448954589,181.35693204280045,nan,0
visreg_pusht_lambd4p5_bs256_lr1e-4_seed46_184425,pusht,6,heldout,0,0,0,0,1,96.0,nan,nan,,0.35161412981132006,0.6081974137276888,1.0,0.578125,160.42244341338653,0.8905533708832557,0.45495592693383646,4.567417820542101,2.666784688489088,182.42823646894078,nan,0
visreg_pusht_lambd4p5_bs256_lr1e-4_seed46_184425,pusht,7,heldout,0,0,0,0,1,96.0,nan,nan,,0.4263694256218425,0.64970579142376,1.0,0.65625,172.37815975051453,0.8940878285043777,0.4580790673395492,4.587812935348197,2.455953274654844,183.4507596009674,nan,0
visreg_pusht_lambd4p5_bs256_lr1e-4_seed46_184425,pusht,8,heldout,0,1,0,0,1,100.0,94.0,nan,,0.46168067960239256,0.7035134165369792,1.0,0.65625,184.4507900596265,0.8963125185373663,0.4597682818069782,4.660140292675318,2.2318734725618525,183.3299144811179,nan,0
visreg_pusht_lambd4p5_bs256_lr1e-4_seed46_184425,pusht,9,heldout,0,0,0,0,1,94.0,nan,nan,,0.47177406036767944,0.7021753456635229,1.0,0.671875,185.33086005583868,0.8939861552869472,0.45954739603270156,4.650001697518783,2.2331949519829304,183.4438964104292,nan,0
visreg_pusht_lambd4p5_bs256_lr1e-4_seed46_184425,pusht,10,heldout,0,1,0,0,1,94.0,94.66666666666667,nan,,0.5134984401099117,0.6846645868132156,1.0,0.75,181.24648285966927,0.8941760215165041,0.4598848730184859,4.65630692910886,2.318670957405295,183.1761900430764,nan,0
visreg_pusht_lambd4p5_bs256_lr1e-4_seed729_184421,pusht,1,dev,1,0,0,0,1,62.0,nan,nan,,0.016942673540741277,0.25898139044221363,0.5981296321583649,0.109375,49.04662983698592,0.7171967147975082,0.4060399877283379,4.327639049159269,6.547015048219474,179.01111407830382,nan,0
visreg_pusht_lambd4p5_bs256_lr1e-4_seed729_184421,pusht,2,dev,1,0,0,0,1,84.0,nan,nan,,0.1111605742551062,0.3744356185435156,1.0,0.296875,86.00420379085969,0.7562154413404979,0.421707961779846,4.6166618137454964,4.7303852706449305,186.31096512332877,nan,0
visreg_pusht_lambd4p5_bs256_lr1e-4_seed729_184421,pusht,3,dev,1,0,0,0,1,86.0,nan,nan,,0.1928430533493948,0.4571094597911581,1.0,0.421875,108.96343001989459,0.8071370571495274,0.42562240973566906,4.773282153292406,3.922507755452312,183.65930859023587,nan,0
visreg_pusht_lambd4p5_bs256_lr1e-4_seed729_184421,pusht,4,dev,1,0,0,0,1,90.0,nan,nan,,0.18390220408385502,0.45268234851410466,1.0,0.40625,111.59410445499158,0.8426360754041831,0.433748307205338,4.733969276763643,3.9332767430172675,182.35629883732827,nan,0
visreg_pusht_lambd4p5_bs256_lr1e-4_seed729_184421,pusht,5,dev,1,0,0,0,1,92.0,nan,nan,,0.30555266040926016,0.5014197504151962,1.0,0.609375,129.61862254902692,0.8700799141311033,0.4369917919756393,4.764776929967,3.5204659866771957,181.393012054775,nan,0
visreg_pusht_lambd4p5_bs256_lr1e-4_seed729_184421,pusht,6,dev,1,0,0,0,1,96.0,nan,nan,,0.29480446449314024,0.571741991744272,1.0,0.515625,148.61565890735918,0.8844183022133403,0.44299746200478113,4.715708155648294,2.976426716954229,183.14897859551718,nan,0
visreg_pusht_lambd4p5_bs256_lr1e-4_seed729_184421,pusht,7,dev,1,0,0,0,1,94.0,nan,nan,,0.43222315930079813,0.6286882317102518,1.0,0.6875,161.41258440395004,0.8910499261798851,0.44590404743813544,4.778625827411036,2.6725529633584,183.47765072810887,nan,0
visreg_pusht_lambd4p5_bs256_lr1e-4_seed729_184421,pusht,8,dev,1,0,0,0,1,96.0,nan,nan,,0.42872374351500814,0.685957989624013,1.0,0.625,176.86528635171376,0.8951729060491641,0.4475118818470859,4.770931204005233,2.3694084200245045,182.76357909175556,nan,0
visreg_pusht_lambd4p5_bs256_lr1e-4_seed729_184421,pusht,9,dev,1,0,0,0,1,93.0,nan,nan,,0.5245400700827644,0.6993867601103525,1.0,0.75,179.7893457546856,0.8944966148105319,0.44730370590847107,4.76836988371782,2.303295028051236,183.2759068945171,nan,0
visreg_pusht_lambd4p5_bs256_lr1e-4_seed729_184421,pusht,10,dev,1,0,0,0,1,94.0,nan,nan,,0.5259123827754012,0.7161360105877804,1.0,0.734375,183.80962910260487,0.8949064343134744,0.447668234389238,4.77762494725041,2.229036165679337,183.01857598156033,nan,0
visreg_pusht_lambd4p5_bs256_lr2e-4_seed729_183125,pusht,1,heldout,0,1,0,0,1,68.0,70.66666666666667,nan,,0.03854019693893862,0.29391056018902423,0.7629323456600761,0.171875,62.56045234412624,0.757768324552444,0.4222783141397124,4.457516411847269,5.9100500072278805,177.21220946814685,nan,0
visreg_pusht_lambd4p5_bs256_lr2e-4_seed729_183125,pusht,2,heldout,0,0,0,0,1,72.0,nan,nan,,0.064246027096354,0.3426454778472214,1.0,0.1875,87.5460792743526,0.8374224943082207,0.4401103728629549,4.49505812195491,5.066925687084079,188.0202425607723,nan,0
visreg_pusht_lambd4p5_bs256_lr2e-4_seed729_183125,pusht,3,heldout,0,0,0,0,1,92.0,nan,nan,,0.20078987626999129,0.4759463733807201,1.0,0.421875,122.3582811042239,0.9156029565795594,0.452081057463689,4.667949898039367,3.6633821082805897,181.85749554337508,nan,0
visreg_pusht_lambd4p5_bs256_lr2e-4_seed729_183125,pusht,4,heldout,0,0,0,0,1,94.0,nan,nan,,0.23148741674777826,0.44894529308660025,1.0,0.515625,122.34134376964343,0.935717229324696,0.4641881518535868,4.5266672056091295,3.7963903891239794,182.28918025840215,nan,0
visreg_pusht_lambd4p5_bs256_lr2e-4_seed729_183125,pusht,5,heldout,0,0,0,0,1,94.0,nan,nan,,0.37659871198941397,0.5605190131935464,1.0,0.671875,151.46929634262438,0.94316117676571,0.47024990927774846,4.664331751265721,3.016759207283565,182.8442052371407,nan,0
visreg_pusht_lambd4p5_bs256_lr2e-4_seed729_183125,pusht,6,heldout,0,0,0,0,1,94.0,nan,nan,,0.3984932058156738,0.5931061667954215,1.0,0.671875,166.01305598740277,0.938506710522481,0.4748293057155231,4.573285291578283,2.7570765869374547,183.27050035633545,nan,0
visreg_pusht_lambd4p5_bs256_lr2e-4_seed729_183125,pusht,7,heldout,0,0,0,0,1,96.0,nan,nan,,0.4935442998482292,0.6580590664643056,1.0,0.75,181.9728789143,0.944968578402306,0.47732778326697767,4.601277142910839,2.4208654865864956,183.34555984540478,nan,0
visreg_pusht_lambd4p5_bs256_lr2e-4_seed729_183125,pusht,8,heldout,0,0,0,0,1,96.0,nan,nan,,0.5471037573545302,0.7002928094137987,1.0,0.78125,192.7698144056371,0.9357810902568257,0.4786346675422421,4.707896516251301,2.269825106695152,183.75339174227793,nan,0
visreg_pusht_lambd4p5_bs256_lr2e-4_seed729_183125,pusht,9,heldout,0,0,0,0,1,98.0,nan,nan,,0.514178983626739,0.700158616002368,1.0,0.734375,193.7763758019344,0.9340045052130193,0.47954244529949763,4.673047241289525,2.2536488497364604,183.53112801807018,nan,0
visreg_pusht_lambd4p5_bs256_lr2e-4_seed729_183125,pusht,10,heldout,0,0,0,0,1,94.0,nan,nan,,0.5819667479320761,0.7162667666856322,1.0,0.8125,198.78377371975307,0.9322963903510454,0.4797198348752946,4.655733763562658,2.1715771507849726,183.56156806101805,nan,0
visreg_pusht_lambd4p5_bs512_lr1e-4_seed403_184424,pusht,1,heldout,0,1,0,0,1,32.0,20.0,nan,,0.004335153922980603,0.2132344690030703,0.26022983279196166,0.078125,21.338846288940857,0.6890174703979595,0.33184558088711924,4.891734335650823,9.041584530858797,199.7950472866329,nan,0
visreg_pusht_lambd4p5_bs512_lr1e-4_seed403_184424,pusht,2,heldout,0,0,0,0,1,72.0,nan,nan,,0.10529019936278099,0.3488749322443173,0.8779615084758638,0.34375,71.99284369502084,0.7081036388883207,0.3932972582381877,4.644757374073392,5.1357360121398,184.21206503391534,nan,0
visreg_pusht_lambd4p5_bs512_lr1e-4_seed403_184424,pusht,3,heldout,0,0,0,0,1,90.0,nan,nan,,0.25368465451766725,0.46388051111802014,1.0,0.546875,102.22146533717458,0.7288891565971601,0.3942941059649733,4.744444612827431,3.8342560028549375,183.60896410596843,nan,0
visreg_pusht_lambd4p5_bs512_lr1e-4_seed403_184424,pusht,4,heldout,0,0,0,0,1,86.0,nan,nan,,0.24555941131095885,0.4762364340576172,1.0,0.515625,111.13407281235251,0.7497340902931383,0.39638871337574255,4.825954614074239,3.7847374601486052,185.72769152048312,nan,0
visreg_pusht_lambd4p5_bs512_lr1e-4_seed403_184424,pusht,5,heldout,0,0,0,0,1,96.0,nan,nan,,0.24333669737287458,0.5191182877287991,1.0,0.46875,121.40175636821408,0.7639202715861915,0.3984447899915541,4.9439892832005725,3.506946686948422,186.63465939082283,nan,0
visreg_pusht_lambd4p5_bs512_lr1e-4_seed403_184424,pusht,6,heldout,0,0,0,0,1,94.0,nan,nan,,0.3460400758640579,0.598555806899992,1.0,0.578125,140.86330094821955,0.7764587228789038,0.3987903260495489,5.032912864458071,2.999192122709487,186.2782995082324,nan,0
visreg_pusht_lambd4p5_bs512_lr1e-4_seed403_184424,pusht,7,heldout,0,0,0,0,1,94.0,nan,nan,,0.4327187285788836,0.6440464797453151,1.0,0.671875,150.8386884650325,0.7798427701430445,0.39774842331438687,5.0279179737318005,2.7233785705743565,185.27670426646435,nan,0
visreg_pusht_lambd4p5_bs512_lr1e-4_seed403_184424,pusht,8,heldout,0,0,0,0,1,91.0,nan,nan,,0.4340042085418744,0.6613397463495229,1.0,0.65625,155.00338540201543,0.781194251046033,0.40011511083227047,5.079089005373009,2.6541624791569007,185.4121684489631,nan,0
visreg_pusht_lambd4p5_bs512_lr1e-4_seed403_184424,pusht,9,heldout,0,0,0,0,1,94.0,nan,nan,,0.4848597024069914,0.7052504762283511,1.0,0.6875,164.58719295472957,0.7832450436426251,0.4002148713872033,5.080413405498568,2.4244182134325984,185.0616581042896,nan,0
visreg_pusht_lambd4p5_bs512_lr1e-4_seed403_184424,pusht,10,heldout,0,0,0,0,1,94.0,nan,nan,,0.46563785528473245,0.6930423892609971,1.0,0.671875,161.9781042548388,0.7831178583810704,0.3999328685378447,5.084028156133649,2.4882024443193274,185.67676649910513,nan,0
visreg_pusht_lambd4p5_bs512_lr1e-4_seed46_184426,pusht,1,heldout,0,1,0,0,1,22.0,20.666666666666668,nan,,0.0021308021886754965,0.19760373474278004,0.2300417723257201,0.046875,18.86342533070905,0.724596782121241,0.3364797619437586,4.753047233222913,9.496708023504278,200.11518064090546,nan,0
visreg_pusht_lambd4p5_bs512_lr1e-4_seed46_184426,pusht,2,heldout,0,0,0,0,1,68.0,nan,nan,,0.05610222728088367,0.3333938881704048,0.828436243913882,0.203125,67.93177200093832,0.7451397074981188,0.39781186583429945,4.573227336643863,5.307700916766935,175.71050426569028,nan,0
visreg_pusht_lambd4p5_bs512_lr1e-4_seed46_184426,pusht,3,heldout,0,0,0,0,1,92.0,nan,nan,,0.17914991143226933,0.45862377326660947,1.0,0.390625,97.72341663947277,0.7599125293755398,0.40252664398413385,4.79983662989497,3.9295691426372943,185.81880831021994,nan,0
visreg_pusht_lambd4p5_bs512_lr1e-4_seed46_184426,pusht,4,heldout,0,0,0,0,1,88.0,nan,nan,,0.22158302414045494,0.4727104514996372,1.0,0.46875,106.93326591242902,0.7859693834927698,0.4006187977879744,4.880594197443376,3.8603197541185192,185.09992437867112,nan,0
visreg_pusht_lambd4p5_bs512_lr1e-4_seed46_184426,pusht,5,heldout,0,0,0,0,1,90.0,nan,nan,,0.2053487226290222,0.46936850886633646,1.0,0.4375,111.1067661146962,0.806842619195225,0.4006602809408148,4.897406527505984,3.905164235639691,186.68102620345272,nan,0
visreg_pusht_lambd4p5_bs512_lr1e-4_seed46_184426,pusht,6,heldout,0,0,0,0,1,90.5,nan,nan,,0.321079646409859,0.5708082602841937,1.0,0.5625,134.64399434500615,0.8288480627134449,0.403910274158237,4.9050891313436695,3.1022268203266474,182.65161024846574,nan,0
visreg_pusht_lambd4p5_bs512_lr1e-4_seed46_184426,pusht,7,heldout,0,0,0,0,1,94.0,nan,nan,,0.34364340604411914,0.594410215860098,1.0,0.578125,137.62199315316946,0.840397138744025,0.40234960210415005,5.060688618933169,3.04245063216514,184.54469563921026,nan,0
visreg_pusht_lambd4p5_bs512_lr1e-4_seed46_184426,pusht,8,heldout,0,0,0,0,1,94.0,nan,nan,,0.44891478682592706,0.6529669626558939,1.0,0.6875,151.7319083534701,0.8453087462080783,0.4037839683275831,5.0112503251696365,2.6645388010177196,185.38673382834497,nan,0
visreg_pusht_lambd4p5_bs512_lr1e-4_seed46_184426,pusht,9,heldout,0,0,0,0,1,90.0,nan,nan,,0.4331212784220917,0.6599943290241397,1.0,0.65625,152.95863954641146,0.8471180753942834,0.40292502220534454,5.058712419195297,2.6508887266093946,185.80309352352796,nan,0
visreg_pusht_lambd4p5_bs512_lr1e-4_seed46_184426,pusht,10,heldout,0,0,0,0,1,92.0,nan,nan,,0.4098284679971913,0.6725390244056473,1.0,0.609375,156.02245535827973,0.847815725286441,0.40291438271981134,5.051314764515248,2.579199297905433,185.55676553121341,nan,0
visreg_pusht_lambd4p5_bs512_lr1e-4_seed729_184422,pusht,1,heldout,0,1,0,0,1,20.0,24.0,nan,,0.009339533073490353,0.2239967245107502,0.33355963017368584,0.125,27.351889674242237,0.7012620336123168,0.3243054658309207,4.639058998349511,8.152107557658214,180.25598911302438,nan,0
visreg_pusht_lambd4p5_bs512_lr1e-4_seed729_184422,pusht,2,heldout,0,0,0,0,1,66.0,nan,nan,,0.14618354067986852,0.35255945751763795,0.8845549692889776,0.46875,72.53350748169616,0.7401498288952334,0.405375519318644,4.576713854601802,5.003833965652153,186.28538654753675,nan,0
visreg_pusht_lambd4p5_bs512_lr1e-4_seed729_184422,pusht,3,heldout,0,0,0,0,1,70.0,nan,nan,,0.06985958550709945,0.3725844560378637,1.0,0.1875,84.13715288718919,0.7606024120697247,0.40694648384475246,4.747037308837203,4.890145513626547,186.6818939391283,nan,0
visreg_pusht_lambd4p5_bs512_lr1e-4_seed729_184422,pusht,4,heldout,0,0,0,0,1,90.0,nan,nan,,0.23657695505901913,0.45881591284173406,1.0,0.515625,106.49525614553961,0.7849613994162357,0.40308366944189844,4.843090468649811,3.963097359380868,184.32965838314027,nan,0
visreg_pusht_lambd4p5_bs512_lr1e-4_seed729_184422,pusht,5,heldout,0,0,0,0,1,92.0,nan,nan,,0.2314329152255761,0.493723552481229,1.0,0.46875,119.59368117985522,0.8004316892731814,0.4025748586829523,4.896864671324708,3.6838098772533994,185.53564773375322,nan,0
visreg_pusht_lambd4p5_bs512_lr1e-4_seed729_184422,pusht,6,heldout,0,0,0,0,1,96.0,nan,nan,,0.361515343822357,0.564316634259289,1.0,0.640625,134.29332819146907,0.8131313808308391,0.40257716280206157,4.986228039264421,3.198337206564433,184.91424774377825,nan,0
visreg_pusht_lambd4p5_bs512_lr1e-4_seed729_184422,pusht,7,heldout,0,0,0,0,1,94.0,nan,nan,,0.33654858155335504,0.5668186636688085,1.0,0.59375,135.32504749274892,0.8189461632432063,0.4042489226022113,5.059706918889904,3.2278447368820977,186.41533506843447,nan,0
visreg_pusht_lambd4p5_bs512_lr1e-4_seed729_184422,pusht,8,heldout,0,0,0,0,1,96.0,nan,nan,,0.46729243648460084,0.6501459985872707,1.0,0.71875,154.26962648266618,0.818071481062406,0.4042823852318158,5.054053660496807,2.703071040152314,185.09232434357483,nan,0
visreg_pusht_lambd4p5_bs512_lr1e-4_seed729_184422,pusht,9,heldout,0,0,0,0,1,96.0,nan,nan,,0.4524319764464175,0.6733871277342028,1.0,0.671875,157.85963032509147,0.8182350674526907,0.40427286128082135,5.126850439724993,2.61318235757922,185.66649354487708,nan,0
visreg_pusht_lambd4p5_bs512_lr1e-4_seed729_184422,pusht,10,heldout,0,0,0,0,1,90.5,nan,nan,,0.4592666825325471,0.6835597135368143,1.0,0.671875,159.83609735421237,0.8185591404426823,0.40400842161419104,5.149026549771228,2.569887951234782,185.5928976138926,nan,0
visreg_pusht_lambd4p5_bs512_lr1e-4_seed729_184422,pusht,12,heldout,0,1,0,0,1,54.0,93.33333333333333,nan,,0.4141055663747661,0.6625689061996257,1.0,0.625,155.91359459001242,0.8190791902174738,0.40369609016371377,5.140596514602924,2.67947780862113,185.26650890228092,nan,0
visreg_pusht_lambd4p5_bs512_lr1e-4_seed729_184422,pusht,15,heldout,0,0,0,0,1,56.00000000000001,nan,nan,,0.2809411965901815,0.5448556539930793,1.0,0.515625,139.2380732581201,0.8428590034657208,0.40767596133987316,5.087180768481666,3.405684274194044,186.45132652264152,nan,0
visreg_pusht_lambd4p5_bs512_lr1e-4_seed729_184422,pusht,18,heldout,0,0,0,0,1,96.0,nan,nan,,0.37892660655532145,0.5774119718938232,1.0,0.65625,153.57344346919635,0.8751711581734635,0.418807186653649,5.165190376172632,3.2204369424077264,187.15580247483055,nan,0
visreg_pusht_lambd4p5_bs512_lr1e-4_seed729_184422,pusht,21,heldout,0,0,0,0,1,90.0,nan,nan,,0.31675403872241376,0.5631182910620689,1.0,0.5625,158.42683706358116,0.9046574833381286,0.42361393585240914,5.090252811579668,3.27360208570837,185.11566567143518,nan,0
visreg_pusht_lambd4p5_bs512_lr1e-4_seed729_184422,pusht,24,heldout,0,0,0,0,1,96.0,nan,nan,,0.3183886200387841,0.599319755367123,1.0,0.53125,172.21670843913665,0.9050413417614248,0.4277810535981544,5.129790609443587,3.051968163021773,186.1893736654468,nan,0
visreg_pusht_lambd4p5_bs512_lr2e-4_seed729_183126,pusht,1,heldout,0,0,0,0,1,58.0,nan,nan,,0.03890642491279257,0.29756844818467293,0.5977043048196444,0.21875,49.01175299521084,0.7401190764974898,0.39872432183930895,4.631890443349204,6.062045990155503,188.76378479183668,nan,0
visreg_pusht_lambd4p5_bs512_lr2e-4_seed729_183126,pusht,2,heldout,0,0,0,0,1,82.0,nan,nan,,0.11846223155395147,0.3459857499104415,0.9130413152149798,0.375,74.86938784762835,0.7834198717665712,0.4087389874330397,4.804194747947255,5.3595211629898145,185.31989378831923,nan,0
visreg_pusht_lambd4p5_bs512_lr2e-4_seed729_183126,pusht,3,heldout,0,0,0,0,1,86.0,nan,nan,,0.16175316676944243,0.47055466696565074,1.0,0.34375,108.85003078779717,0.834608029563242,0.40986204007072674,4.839183330501519,3.847627139015564,181.62505302316987,nan,0
visreg_pusht_lambd4p5_bs512_lr2e-4_seed729_183126,pusht,4,heldout,0,0,0,0,1,94.0,nan,nan,,0.14871106714287669,0.45321468081638605,1.0,0.328125,107.59014533343911,0.8753307815190797,0.4140145029927996,4.906656819220016,4.071345248934253,187.7087820950317,nan,0
visreg_pusht_lambd4p5_bs512_lr2e-4_seed729_183126,pusht,5,heldout,0,0,0,0,1,94.0,nan,nan,,0.37493514347121276,0.5998962295539404,1.0,0.625,141.93836168068262,0.8969856152802275,0.4190360326259024,4.976980592367031,2.957432932935268,184.66335691645554,nan,0
visreg_pusht_lambd4p5_bs512_lr2e-4_seed729_183126,pusht,6,heldout,0,1,0,0,1,100.0,91.33333333333333,nan,,0.36436930007260543,0.6302604109363986,1.0,0.578125,152.6596626890985,0.9112500330159977,0.42229105942260303,4.942546470789075,2.7551616154458363,184.7509239385488,nan,0
visreg_pusht_lambd4p5_bs512_lr2e-4_seed729_183126,pusht,7,heldout,0,0,0,0,1,92.0,nan,nan,,0.39848405992026603,0.6539225598691545,1.0,0.609375,157.93106602252726,0.9109480307228045,0.4237089232403953,4.954977912997879,2.629402605165975,185.02073877369625,nan,0
visreg_pusht_lambd4p5_bs512_lr2e-4_seed729_183126,pusht,8,heldout,0,0,0,0,1,98.0,nan,nan,,0.5009143820306456,0.7286027374991209,1.0,0.6875,172.97718649887784,0.9124296919413633,0.42516844740385745,5.096356264169219,2.3168404419807804,186.49820697090007,nan,0
visreg_pusht_lambd4p5_bs512_lr2e-4_seed729_183126,pusht,9,heldout,0,0,0,0,1,96.0,nan,nan,,0.4984869221548713,0.7250718867707219,1.0,0.6875,172.90817430273577,0.9096050167775825,0.42507720861310644,5.065197240564996,2.3196886347265924,186.13325942248383,nan,0
visreg_pusht_lambd4p5_bs512_lr2e-4_seed729_183126,pusht,10,heldout,0,1,0,0,1,100.0,94.0,nan,,0.5595126019227734,0.746016802563698,1.0,0.75,178.47422499056955,0.9101617266828251,0.424799249673156,5.055022506224676,2.2157005067244673,185.951694002823,nan,0
visreg_pusht_lambd4p5_lr1e-4_seed403_150685,pusht,1,heldout,0,1,0,0,1,71.0,63.333333333333336,nan,,0.0772976341040023,0.34275432940495276,0.8018455458955746,0.28125,65.75133476343711,0.7937965023542793,0.4478144381457713,4.36479591458388,4.918422177920105,177.35895783398487,nan,0
visreg_pusht_lambd4p5_lr1e-4_seed403_150685,pusht,2,heldout,0,0,0,0,1,88.0,nan,nan,,0.11418490377930113,0.3653916920937636,1.0,0.3125,91.88879732063995,0.9264443767510001,0.49373884680546826,4.1447722735839285,4.360616876742026,175.46484387633024,nan,0
visreg_pusht_lambd4p5_lr1e-4_seed403_150685,pusht,3,heldout,0,0,0,0,1,88.0,nan,nan,,0.22236066437444177,0.44472132874888354,1.0,0.5,124.3139809898492,0.9314487330489669,0.5147722584660912,4.020610371564035,3.4080552872295424,177.73343238073764,nan,0
visreg_pusht_lambd4p5_lr1e-4_seed403_150685,pusht,4,heldout,0,1,0,0,1,90.0,83.33333333333333,nan,,0.285556029655431,0.4686047666140406,1.0,0.609375,139.77938303417116,0.9304090447594047,0.5303202921916551,3.992493014669243,3.1895158632347713,178.8245510609637,nan,0
visreg_pusht_lambd4p5_lr1e-4_seed403_150685,pusht,5,heldout,0,0,0,0,1,92.0,nan,nan,,0.25859898736557796,0.45973153309436077,1.0,0.5625,140.68051436634053,0.9292562946068584,0.5392919189318329,3.996261934873292,3.262749685908536,179.2116140116848,nan,0
visreg_pusht_lambd4p5_lr1e-4_seed403_150685,pusht,6,heldout,0,1,0,0,1,88.0,88.0,nan,,0.28829448917839007,0.48554861335307803,1.0,0.59375,155.0859517281869,0.9248297660761321,0.5476876701437299,3.90806369685783,2.997339190642826,178.95650076640027,nan,0
visreg_pusht_lambd4p5_lr1e-4_seed403_150685,pusht,7,heldout,0,1,0,0,1,92.0,92.66666666666667,nan,,0.3462669859131865,0.5276449309153318,1.0,0.65625,165.78964047879208,0.9206734688996474,0.5523859999521618,3.9267801033361827,2.732043797256577,178.7533969264648,nan,0
visreg_pusht_lambd4p5_lr1e-4_seed403_150685,pusht,8,heldout,0,1,0,0,1,96.0,90.0,nan,,0.45841064659106584,0.5987404363638411,1.0,0.765625,185.1726019787006,0.9143599883886396,0.556312036624298,3.9874353449887487,2.375244017734482,179.0293215722407,nan,0
visreg_pusht_lambd4p5_lr1e-4_seed403_150685,pusht,9,heldout,0,1,0,0,1,94.44444444444444,93.33333333333333,nan,,0.4533508909468378,0.6307490656651656,1.0,0.71875,195.02823349359122,0.9131142456549689,0.5578404917036269,3.945803305274433,2.1972952365733276,178.77930340798167,nan,0
visreg_pusht_lambd4p5_lr1e-4_seed403_150685,pusht,10,heldout,0,1,0,0,1,93.0,93.33333333333333,nan,,0.40716024947922924,0.6204346658731112,1.0,0.65625,192.90832250506412,0.9135894980071219,0.55822702285259,3.9126031415345324,2.226365331862257,179.16439247317268,nan,0
visreg_pusht_lambd4p5_lr1e-4_seed46_150686,pusht,1,heldout,0,0,0,0,1,57.99999999999999,nan,nan,,0.045783968694301985,0.30946631853372086,0.7890395553434144,0.1875,64.70124353815999,0.8048225728725722,0.44820526774671215,4.082006930241003,5.126463052595022,168.57598940744705,nan,0
visreg_pusht_lambd4p5_lr1e-4_seed46_150686,pusht,2,heldout,0,0,0,0,1,84.0,nan,nan,,0.06476603413675477,0.3454188487293588,1.0,0.1875,88.9422791340942,0.9127475753906991,0.4944096308789989,4.054027396768562,4.530580100442719,177.92309477446102,nan,0
visreg_pusht_lambd4p5_lr1e-4_seed46_150686,pusht,3,heldout,0,0,0,0,1,87.0,nan,nan,,0.12393493465199146,0.3777064675108311,1.0,0.328125,110.35851309813515,0.9292559317679275,0.5147974233235666,3.9765002813664725,4.0362166926388525,177.87326962714013,nan,0
visreg_pusht_lambd4p5_lr1e-4_seed46_150686,pusht,4,heldout,0,1,0,0,1,90.0,85.33333333333333,nan,,0.18863858655783675,0.4311739121321983,1.0,0.4375,132.01003827744523,0.9308759279852138,0.5342494711717345,3.8860122116378046,3.410091459458987,178.91983218086375,nan,0
visreg_pusht_lambd4p5_lr1e-4_seed46_150686,pusht,5,heldout,0,0,0,0,1,97.0,nan,nan,,0.2122429474184856,0.4527849544927693,1.0,0.46875,140.90748384746038,0.9249557926768945,0.546415047837888,3.8893916351419073,3.2307215301833705,178.78337364318295,nan,0
visreg_pusht_lambd4p5_lr1e-4_seed46_150686,pusht,6,heldout,0,1,0,0,1,92.0,92.0,nan,,0.30871359548904936,0.5199386871394516,1.0,0.59375,165.94055848168023,0.9212268772774664,0.5548394710019866,3.8349420731219137,2.71518026799713,178.86097904597705,nan,0
visreg_pusht_lambd4p5_lr1e-4_seed46_150686,pusht,7,heldout,0,0,0,0,1,95.0,nan,nan,,0.3570937003929544,0.5194090187533882,1.0,0.6875,169.4450648849145,0.9146567377077135,0.5596156004091913,3.7975335667542023,2.691940768617658,179.44289992897941,nan,0
visreg_pusht_lambd4p5_lr1e-4_seed46_150686,pusht,8,heldout,0,1,0,0,1,98.0,92.0,nan,,0.4091628257439606,0.5344167519921118,1.0,0.765625,173.68987854566558,0.9118688389600799,0.5625348969111946,3.8223920024148725,2.6192098317352626,179.11567180319207,nan,0
visreg_pusht_lambd4p5_lr1e-4_seed46_150686,pusht,9,heldout,0,1,0,0,1,94.0,92.0,nan,,0.4189998042368259,0.5586664056491012,1.0,0.75,179.2348316527693,0.9124786632158165,0.5649788340888474,3.850891513903376,2.5007634195403075,179.692530196963,nan,0
visreg_pusht_lambd4p5_lr1e-4_seed46_150686,pusht,10,heldout,0,1,0,0,1,96.22222222222223,93.33333333333333,nan,,0.45540140252703665,0.594809995137354,1.0,0.765625,190.25287794189572,0.9120954421079199,0.565160814074696,3.8341905353225747,2.3031271435491734,179.68616561998974,nan,0
visreg_pusht_lambd4p5_lr1e-4_seed729_150684,pusht,1,dev,1,0,0,0,1,68.0,nan,nan,,0.060529276630209475,0.29113376209564074,0.7392313562231223,0.28125,60.61697121029603,0.7628073897708515,0.44728304728292906,4.171102839277202,5.585612211264293,172.11029950657436,nan,0
visreg_pusht_lambd4p5_lr1e-4_seed729_150684,pusht,2,dev,1,0,0,0,1,84.0,nan,nan,,0.09202936498657482,0.3681174599462993,1.0,0.25,91.96382460214934,0.8728965346168674,0.47576531229083663,4.245407508977792,4.430802536641401,178.0847462272538,nan,0
visreg_pusht_lambd4p5_lr1e-4_seed729_150684,pusht,3,dev,1,0,0,0,1,86.0,nan,nan,,0.23175291970124473,0.46350583940248946,1.0,0.5,127.80159983265449,0.9315431297518195,0.5006635682417871,4.106282387530066,3.3215730236795684,177.27329387996403,nan,0
visreg_pusht_lambd4p5_lr1e-4_seed729_150684,pusht,4,dev,1,0,0,0,1,92.0,84.0,nan,,0.16673802335776788,0.41043205749604406,1.0,0.40625,124.55072217194594,0.9397959308081262,0.518216654454485,3.975101850305519,3.6843188732451106,177.95452531037049,nan,0
visreg_pusht_lambd4p5_lr1e-4_seed729_150684,pusht,5,dev,1,0,0,0,1,92.0,nan,nan,,0.2787919251033111,0.49563008907255307,1.0,0.5625,151.3821368249196,0.9358156404900867,0.5270884334657885,3.9757837890634824,2.977536057464209,177.78077382197387,nan,0
visreg_pusht_lambd4p5_lr1e-4_seed729_150684,pusht,6,dev,1,0,0,0,1,90.0,93.33333333333333,nan,,0.3380116784741326,0.5408186855586121,1.0,0.625,165.96549283892642,0.9305702661750596,0.5372768886319867,3.9982219571072495,2.7007874229758904,179.06854511157795,nan,0
visreg_pusht_lambd4p5_lr1e-4_seed729_150684,pusht,7,dev,1,0,0,0,1,91.0,nan,nan,,0.3658051831980954,0.5444542261553048,1.0,0.671875,171.1117081192744,0.9284565215306118,0.5437703306579341,4.001412827146049,2.681188300773021,179.0926878849396,nan,0
visreg_pusht_lambd4p5_lr1e-4_seed729_150684,pusht,8,dev,1,0,0,0,1,90.0,93.33333333333333,nan,,0.41078791920542546,0.5842317073143829,1.0,0.703125,184.11223761828813,0.9226255424128006,0.5469019501011172,3.952454753139971,2.4284400271409328,179.33050582227705,nan,0
visreg_pusht_lambd4p5_lr1e-4_seed729_150684,pusht,9,dev,1,0,0,0,1,95.0,94.0,nan,,0.4146767005641054,0.589762418580061,1.0,0.703125,186.38513297506574,0.9188713977040868,0.5481929159702612,3.941187250977021,2.39302002559248,179.0814658755689,nan,0
visreg_pusht_lambd4p5_lr1e-4_seed729_150684,pusht,10,dev,1,0,0,0,1,94.66666666666667,93.33333333333333,nan,,0.45329879929710715,0.6043983990628096,1.0,0.75,190.86014305037372,0.9184685393988264,0.5487025215712036,3.927703620813862,2.311766279345459,178.99528565840785,nan,0
dinocls_tworoom_s0,tworoom,1,heldout-method,0,0,0,1,0,nan,nan,62.0,DINO-CLS-WM (ours),0.02759720789004606,0.2243435801519389,0.3280350359195252,0.375,26.898872945401067,0.9849919521230577,-0.33212088667146783,4.244396935337265,7.44672915083563,22.881469954395094,nan,0
ext_intact_full_tworoom_s0,tworoom,0,heldout-method,0,0,0,1,0,nan,nan,53.111111111111114,INTACT,0.03991384301959969,0.29224679091098954,0.971205780221099,0.140625,79.63887397813012,0.8473861179402841,nan,7.55817220840351,10.080915170616004,30.6836065209579,nan,0
ext_intact_full_tworoom_s3072,tworoom,0,heldout-method,0,0,0,1,0,nan,nan,47.77777777777778,INTACT,0.01222199828834833,0.22549057250424737,0.8672290395195562,0.0625,71.11278124060361,0.837322989217437,nan,6.554768515019219,11.440128781048879,22.95219649080862,nan,0
ext_intact_full_tworoom_s42,tworoom,0,heldout-method,0,0,0,1,0,nan,nan,54.0,INTACT,0.03834052741646424,0.29579616920500607,0.9217284701483712,0.140625,75.58173455216644,0.8840841279144824,nan,7.960402057370353,10.483817007130819,33.79221727434286,nan,0
ext_qantara_tworoom_s11,tworoom,0,heldout-method,0,0,0,1,0,nan,nan,99.55555555555556,Qantara,0.5243149255036919,0.9706905758967161,0.5761560560675643,0.9375,47.244796597540265,0.9845734542425455,-0.04297725125346363,10.481627349823738,2.404815676806506,204.03954574861356,nan,0
ext_qantara_tworoom_s22,tworoom,0,heldout-method,0,0,0,1,0,nan,nan,99.77777777777777,Qantara,0.5023431147792399,0.9702261555180579,0.5522760365890276,0.9375,45.28663500030026,0.9910854122439408,-0.030721589528988544,10.106522316337836,2.325384791915745,201.04926467286117,nan,0
ext_qantara_tworoom_s33,tworoom,0,heldout-method,0,0,0,1,0,nan,nan,99.55555555555556,Qantara,0.5201246964436523,0.9695611452816714,0.5819159145296995,0.921875,47.717104991435356,0.9948552134529796,-0.04498516470283434,10.453271071151072,2.4148951207254914,200.61856671122956,nan,0
ext_rcaux_tworoom,tworoom,0,heldout-method,0,0,0,1,0,nan,nan,93.55555555555556,RC-aux,0.5705287687510497,0.9128460300016796,1.0,0.625,146.95573297312006,0.9878950910829433,-0.36046974221695494,17.57467944309753,5.136976302499428,193.87193099234486,nan,0
visreg_tworoom_lambd4p5_bs256_h1_lr1e-4_seed403_185698,tworoom,1,heldout,0,1,0,0,1,60.0,59.333333333333336,nan,,0.006240630038889847,0.28066036315642534,0.2371789149924396,0.09375,19.448671029380048,0.9199982840541806,-0.1696755481521721,13.433005978837413,18.691142287270797,155.5179359322066,nan,0
visreg_tworoom_lambd4p5_bs256_h1_lr1e-4_seed403_185698,tworoom,2,heldout,0,1,0,0,1,34.0,33.333333333333336,nan,,0.0024026780792413297,0.219982506444492,0.23300549296215076,0.046875,19.106450422896362,0.9517682614885941,-0.18823168918544536,14.482724779175628,25.927174875533737,177.7618604998071,nan,0
visreg_tworoom_lambd4p5_bs256_h1_lr1e-4_seed403_185698,tworoom,3,heldout,0,0,0,0,1,88.0,nan,nan,,0.11071747253360013,0.5408221300642675,0.5696575356411839,0.359375,46.71191792257708,0.9809475525288116,-0.2643112958742481,16.579344061280626,11.199213287415676,180.45777103964596,nan,0
visreg_tworoom_lambd4p5_bs256_h1_lr1e-4_seed403_185698,tworoom,4,heldout,0,0,0,0,1,90.0,nan,nan,,0.11935676464554053,0.5719582973701077,0.6359798451539064,0.328125,52.150347302620325,0.9848884818781971,-0.2812105401294033,16.686112331972463,10.526889181907514,175.75569171152318,nan,0
visreg_tworoom_lambd4p5_bs256_h1_lr1e-4_seed403_185698,tworoom,5,heldout,0,0,0,0,1,82.0,nan,nan,,0.15186672298619375,0.6212234213003358,0.6802474753399227,0.359375,55.780292977873664,0.9857354302398775,-0.3005304592409101,17.247865378238394,9.798222996795324,183.58762774353062,nan,0
visreg_tworoom_lambd4p5_bs256_h1_lr1e-4_seed403_185698,tworoom,6,heldout,0,0,0,0,1,92.0,nan,nan,,0.45287590311096937,0.7961200962146164,0.9580694756493708,0.59375,78.56169700324841,0.985956839132994,-0.31057308203386025,17.634119735404056,6.9394252397089105,178.25749588248885,nan,0
visreg_tworoom_lambd4p5_bs256_h1_lr1e-4_seed403_185698,tworoom,7,heldout,0,0,0,0,1,94.0,nan,nan,,0.7964025103702891,0.9438844567351574,1.0,0.84375,107.27973412281202,0.9877061415007788,-0.3169494458091603,17.946236205455133,4.697630014339273,180.98278873258835,nan,0
visreg_tworoom_lambd4p5_bs256_h1_lr1e-4_seed403_185698,tworoom,8,heldout,0,0,0,0,1,94.0,nan,nan,,0.5764942289560679,0.9223907663297086,1.0,0.625,101.85039636152472,0.9875005354299577,-0.32002839137538663,17.791179370100664,5.04076661603737,180.19334030138035,nan,0
visreg_tworoom_lambd4p5_bs256_h1_lr1e-4_seed403_185698,tworoom,9,heldout,0,0,0,0,1,96.0,nan,nan,,0.7660524261397784,0.9805471054589164,1.0,0.78125,121.76837232541754,0.9881307505410812,-0.3234413031046291,18.002658138997187,3.852094341256574,182.70467346092252,nan,0
visreg_tworoom_lambd4p5_bs256_h1_lr1e-4_seed403_185698,tworoom,10,heldout,0,0,0,0,1,92.5,nan,nan,,0.7972333030203747,0.9812102191019996,1.0,0.8125,122.55322611941833,0.9879413271885631,-0.32377788523964784,17.98492390941953,3.8271079237767367,181.05664381800193,nan,0
visreg_tworoom_lambd4p5_bs256_h1_lr1e-4_seed46_185699,tworoom,1,heldout,0,0,0,0,1,44.0,nan,nan,,0.0012639152733694703,0.18838899941322318,0.1431268594019054,0.046875,11.736402470956241,0.9087488703996414,-0.15464760555329965,14.139047227508216,29.66048034576296,195.344209834472,nan,0
visreg_tworoom_lambd4p5_bs256_h1_lr1e-4_seed46_185699,tworoom,2,heldout,0,0,0,0,1,72.0,nan,nan,,0.024551055162170016,0.3257480621662911,0.30147292357044875,0.25,24.720779732776798,0.922538785257948,-0.22846837113967733,13.70524788013092,16.30336224686951,131.60538144652645,nan,0
visreg_tworoom_lambd4p5_bs256_h1_lr1e-4_seed46_185699,tworoom,3,heldout,0,0,0,0,1,72.0,nan,nan,,0.04669066240070103,0.4823821905027421,0.44247700748453955,0.21875,36.283114613732245,0.9560581732800902,-0.25780624967332433,16.44751797462266,12.71017219998811,187.58197659328152,nan,0
visreg_tworoom_lambd4p5_bs256_h1_lr1e-4_seed46_185699,tworoom,4,heldout,0,0,0,0,1,92.0,nan,nan,,0.28868788585624794,0.7084936442514762,0.7450827881584414,0.546875,61.09678862899219,0.968756027720884,-0.293306953957813,17.14267580162862,8.125855413713,170.94072420479282,nan,0
visreg_tworoom_lambd4p5_bs256_h1_lr1e-4_seed46_185699,tworoom,5,heldout,0,0,0,0,1,86.0,nan,nan,,0.14143446892580414,0.6295163028565048,0.7189492925106007,0.3125,58.95384198586926,0.9758085271879084,-0.29495778661822014,17.148988211410625,9.574367385177045,181.82494507423067,nan,0
visreg_tworoom_lambd4p5_bs256_h1_lr1e-4_seed46_185699,tworoom,6,heldout,0,0,0,0,1,90.0,nan,nan,,0.5905907815731296,0.8790188376902395,1.0,0.671875,90.6045076771929,0.9766774036667969,-0.3156321212563221,17.965291587971,5.792757228183743,184.24386129821858,nan,0
visreg_tworoom_lambd4p5_bs256_h1_lr1e-4_seed46_185699,tworoom,7,heldout,0,1,0,0,1,92.0,90.66666666666667,nan,,0.6072446694959301,0.9038060197148727,1.0,0.671875,96.86779758233305,0.9782690748182762,-0.32039392996575683,17.80024009320942,5.349941416626778,178.50357445206419,nan,0
visreg_tworoom_lambd4p5_bs256_h1_lr1e-4_seed46_185699,tworoom,8,heldout,0,0,0,0,1,90.0,nan,nan,,0.7234020710425239,0.9645360947233651,1.0,0.75,110.57115043611292,0.9791971414023135,-0.3243396283079532,17.94308812576118,4.266026192485296,179.4193545986115,nan,0
visreg_tworoom_lambd4p5_bs256_h1_lr1e-4_seed46_185699,tworoom,9,heldout,0,0,0,0,1,94.0,nan,nan,,0.7673092147763161,0.9821557949136845,1.0,0.78125,118.72954313272128,0.9793688971577634,-0.3259194678757986,18.04454933149184,3.8087389393237827,180.93705173826723,nan,0
visreg_tworoom_lambd4p5_bs256_h1_lr1e-4_seed46_185699,tworoom,10,heldout,0,0,0,0,1,92.0,nan,nan,,0.7804268142244025,0.9793591394188581,1.0,0.796875,117.91934389275414,0.9794992629249815,-0.32655914610807285,17.998475466541098,3.888216338849507,180.0193040903801,nan,0
visreg_tworoom_lambd4p5_bs256_h1_lr1e-4_seed729_185697,tworoom,1,heldout,0,0,0,0,1,28.000000000000004,nan,nan,,0.0013628078717158015,0.16615504940446274,0.17497653367026048,0.046875,14.34807576096136,0.9080807853129675,-0.14946725122038373,13.935558535799952,33.21582698238352,203.99034408963323,nan,0
visreg_tworoom_lambd4p5_bs256_h1_lr1e-4_seed729_185697,tworoom,2,heldout,0,1,0,0,1,64.0,68.0,nan,,0.008072521294412154,0.3238312317872032,0.26590052272550957,0.09375,21.803842863491784,0.9511023804070964,-0.22518232624325787,15.709109900586903,18.804438573462427,184.80021944479813,nan,0
visreg_tworoom_lambd4p5_bs256_h1_lr1e-4_seed729_185697,tworoom,3,heldout,0,0,0,0,1,74.0,nan,nan,,0.04107634693701286,0.43906323596358765,0.46057606086308744,0.203125,37.76723699077317,0.9772141421011329,-0.2577410337119087,16.108637322984897,13.852110323204199,178.96809071769292,nan,0
visreg_tworoom_lambd4p5_bs256_h1_lr1e-4_seed729_185697,tworoom,4,heldout,0,0,0,0,1,86.0,nan,nan,,0.1501580118683165,0.5793747004548472,0.6143349061098998,0.421875,50.37546230101179,0.9773513514716932,-0.29313413592648846,16.87051184896364,10.474195373228012,178.2749809661313,nan,0
visreg_tworoom_lambd4p5_bs256_h1_lr1e-4_seed729_185697,tworoom,5,heldout,0,0,0,0,1,82.0,nan,nan,,0.16898965582960743,0.6093821341753162,0.6826168902862062,0.40625,55.97458500346891,0.9764248934103098,-0.29924777973794814,16.79963809891387,9.784326725182598,178.0906227958293,nan,0
visreg_tworoom_lambd4p5_bs256_h1_lr1e-4_seed729_185697,tworoom,6,heldout,0,0,0,0,1,86.0,nan,nan,,0.4616142668375005,0.8206475854888898,1.0,0.5625,83.79912283523305,0.9802709238762306,-0.31624444589770334,17.8258819078278,6.637818071575491,182.9283624833251,nan,0
visreg_tworoom_lambd4p5_bs256_h1_lr1e-4_seed729_185697,tworoom,7,heldout,0,0,0,0,1,90.0,nan,nan,,0.6315144396776318,0.898153869763743,1.0,0.703125,98.03923887958055,0.9821226331808265,-0.32544970990562505,17.81787653782646,5.445665347315413,179.62777206732432,nan,0
visreg_tworoom_lambd4p5_bs256_h1_lr1e-4_seed729_185697,tworoom,8,heldout,0,0,0,0,1,92.0,nan,nan,,0.6752158822803677,0.9603070325765228,1.0,0.703125,107.56537277423531,0.9829824094991644,-0.33074839898580954,18.140376090468077,4.409575628270061,183.21377359233188,nan,0
visreg_tworoom_lambd4p5_bs256_h1_lr1e-4_seed729_185697,tworoom,9,heldout,0,0,0,0,1,94.0,nan,nan,,0.7358302192108,0.9811069589477334,1.0,0.75,121.29996866277985,0.9831079814425014,-0.33197257402800034,17.944608968360328,3.8218486591712635,178.90230888351527,nan,0
visreg_tworoom_lambd4p5_bs256_h1_lr1e-4_seed729_185697,tworoom,10,heldout,0,0,0,0,1,94.5,nan,nan,,0.7250554171083631,0.9873095041475582,1.0,0.734375,125.43937082838713,0.9833336966720835,-0.3322006062972537,18.02014729312701,3.6151080354624865,180.3165864337439,nan,0
visreg_tworoom_lambd4p5_bs512_h1_lr1e-4_seed403_185701,tworoom,1,heldout,0,0,0,0,1,66.0,nan,nan,,0.0011831783852797378,0.20609572559141776,0.18370933322514404,0.03125,15.064165324461811,0.8616219160690812,-0.13466939020947685,12.674631064226196,24.258215278611424,172.45889635243367,nan,0
visreg_tworoom_lambd4p5_bs512_h1_lr1e-4_seed403_185701,tworoom,2,heldout,0,0,0,0,1,82.0,nan,nan,,0.015303926019100984,0.42812767938973273,0.3268221515528815,0.109375,26.799416427336283,0.9226458661631596,-0.21440262367038057,15.323238990284588,13.553283478601207,195.0922022426804,nan,0
visreg_tworoom_lambd4p5_bs512_h1_lr1e-4_seed403_185701,tworoom,3,heldout,0,0,0,0,1,80.0,nan,nan,,0.022465690107974823,0.37785939724592094,0.3459209183940371,0.171875,28.365515308311043,0.9410948322984044,-0.237573719431058,15.52086918267522,15.747033350075053,172.3538525418999,nan,0
visreg_tworoom_lambd4p5_bs512_h1_lr1e-4_seed403_185701,tworoom,4,heldout,0,0,0,0,1,88.0,nan,nan,,0.13362869459435192,0.6427449035082837,0.6336096213775217,0.328125,51.95598895295679,0.9485151015531852,-0.276386490528469,17.07437649406269,9.27342338919717,186.67591078419187,nan,0
visreg_tworoom_lambd4p5_bs512_h1_lr1e-4_seed403_185701,tworoom,5,heldout,0,0,0,0,1,86.0,nan,nan,,0.23713465295799194,0.670329265903883,0.6860770253658571,0.515625,56.258316080000284,0.956378665252019,-0.28970698412611795,16.851163000426553,8.643596241091098,177.22725086303868,nan,0
visreg_tworoom_lambd4p5_bs512_h1_lr1e-4_seed403_185701,tworoom,6,heldout,0,0,0,0,1,76.0,nan,nan,,0.18230409526779484,0.5839206691933058,0.6244139140327072,0.5,51.20194095068199,0.9579327957906825,-0.2970614587946365,15.945374445970604,9.80358533937295,158.59772695883527,nan,0
visreg_tworoom_lambd4p5_bs512_h1_lr1e-4_seed403_185701,tworoom,7,heldout,0,0,0,0,1,87.0,nan,nan,,0.647880343943959,0.9423714093730313,1.0,0.6875,96.16540791072974,0.9706811286603871,-0.31145970956980723,17.78009376870143,4.6826378304227525,186.60793149678693,nan,0
visreg_tworoom_lambd4p5_bs512_h1_lr1e-4_seed403_185701,tworoom,8,heldout,0,0,0,0,1,88.0,nan,nan,,0.5593488794521311,0.9179058534599074,1.0,0.609375,91.67603435315624,0.9738778019774239,-0.3142069545398405,17.861011263549962,5.136422768248383,184.1350045136138,nan,0
visreg_tworoom_lambd4p5_bs512_h1_lr1e-4_seed403_185701,tworoom,9,heldout,0,1,0,0,1,90.0,92.0,nan,,0.716596409796857,0.9757908558935926,1.0,0.734375,107.63481524641051,0.9746521086583788,-0.31747496862897406,17.770351326958973,3.9423197144837427,183.86314164757525,nan,0
visreg_tworoom_lambd4p5_bs512_h1_lr1e-4_seed403_185701,tworoom,10,heldout,0,0,0,0,1,88.0,nan,nan,,0.7056211770252971,0.9817338115134568,1.0,0.71875,112.5247869222662,0.9747789815403303,-0.31819372305694227,17.770955890263153,3.7647497342789804,182.32923518388037,nan,0
visreg_tworoom_lambd4p5_bs512_h1_lr1e-4_seed46_185702,tworoom,1,heldout,0,1,0,0,1,46.0,43.333333333333336,nan,,0.000905944914598872,0.1788284554301261,0.16211199273312127,0.03125,13.293183404115943,0.9246029379695047,-0.14875458556264406,11.895870078155335,26.313824164492384,163.77606963112456,nan,0
visreg_tworoom_lambd4p5_bs512_h1_lr1e-4_seed46_185702,tworoom,2,heldout,0,0,0,0,1,82.0,nan,nan,,0.04233999052180071,0.4726458731895756,0.3822113689626816,0.234375,31.34133225493989,0.9649305046330673,-0.24350184502859412,15.668717289133799,12.395154098646803,171.39132970783103,nan,0
visreg_tworoom_lambd4p5_bs512_h1_lr1e-4_seed46_185702,tworoom,3,heldout,0,0,0,0,1,86.0,nan,nan,,0.3224214769124295,0.7822654983525872,0.7129318821976555,0.578125,58.46041434020775,0.9641652245812582,-0.27648137652967075,16.905908816171824,6.857965516382919,178.26959680073247,nan,0
visreg_tworoom_lambd4p5_bs512_h1_lr1e-4_seed46_185702,tworoom,4,heldout,0,0,0,0,1,78.0,nan,nan,,0.10366580592116263,0.5674941623814465,0.5314120806517327,0.34375,43.57579061344208,0.9699777565522468,-0.27943567162843247,16.466260152758,10.489254966847076,181.2528687344465,nan,0
visreg_tworoom_lambd4p5_bs512_h1_lr1e-4_seed46_185702,tworoom,5,heldout,0,0,0,0,1,84.0,nan,nan,,0.26977863268099,0.6933569092919187,0.7324057723925056,0.53125,60.05727333618546,0.9758656058651113,-0.29743047637622566,17.027340781422797,8.328028530505588,183.72359890908055,nan,0
visreg_tworoom_lambd4p5_bs512_h1_lr1e-4_seed46_185702,tworoom,6,heldout,0,0,0,0,1,90.0,nan,nan,,0.42124168295480974,0.8216031596070559,0.863506509510965,0.59375,70.80753377989913,0.9791852664612506,-0.31244568020592284,17.526391370273124,6.511961295333763,181.23735602125907,nan,0
visreg_tworoom_lambd4p5_bs512_h1_lr1e-4_seed46_185702,tworoom,7,heldout,0,0,0,0,1,86.0,nan,nan,,0.608879362389822,0.927816171260681,1.0,0.65625,91.91735151813654,0.9815237978949634,-0.31875550873001746,17.755922342890937,4.937805172479519,186.89500788172853,nan,0
visreg_tworoom_lambd4p5_bs512_h1_lr1e-4_seed46_185702,tworoom,8,heldout,0,0,0,0,1,88.0,nan,nan,,0.7200112059191246,0.9404227995678363,1.0,0.765625,96.38732497401023,0.9811671450076442,-0.323741439930212,17.818569655797283,4.729146603862965,181.450220824416,nan,0
visreg_tworoom_lambd4p5_bs512_h1_lr1e-4_seed46_185702,tworoom,9,heldout,0,0,0,0,1,87.5,nan,nan,,0.7191205724389739,0.9792280135339219,1.0,0.734375,107.69916130248347,0.9821800132854819,-0.3258035590033465,17.945607607454633,3.880796960703347,183.83921739481679,nan,0
visreg_tworoom_lambd4p5_bs512_h1_lr1e-4_seed46_185702,tworoom,10,heldout,0,1,0,0,1,88.0,84.66666666666667,nan,,0.7188446997383448,0.978852357090512,1.0,0.734375,107.59527110482676,0.9823211916546186,-0.32637494998467387,17.89408495777032,3.881010908061148,183.06011418952556,nan,0
visreg_tworoom_lambd4p5_bs512_h1_lr1e-4_seed729_185700,tworoom,1,heldout,0,1,0,0,1,68.0,66.66666666666667,nan,,0.004781146086509488,0.25595152645587316,0.17078755596178508,0.109375,14.004579588866376,0.9432522227840152,-0.1771149272132533,13.0415031124598,19.97186677991954,167.72897070601508,nan,0
visreg_tworoom_lambd4p5_bs512_h1_lr1e-4_seed729_185700,tworoom,2,heldout,0,0,0,0,1,84.0,nan,nan,,0.04281033095698473,0.5218041622435967,0.4039035478318541,0.203125,33.120090922212036,0.9598908656844827,-0.2332709965628643,16.671593241297522,11.753681189128683,201.08644548375776,nan,0
visreg_tworoom_lambd4p5_bs512_h1_lr1e-4_seed729_185700,tworoom,3,heldout,0,0,0,0,1,94.0,nan,nan,,0.16585433014582676,0.699390129034951,0.6070818954210582,0.390625,49.78071542452677,0.9695863431226152,-0.26371816161272976,17.030972576036636,8.226518077057653,184.7604970070858,nan,0
visreg_tworoom_lambd4p5_bs512_h1_lr1e-4_seed729_185700,tworoom,4,heldout,0,0,0,0,1,78.0,nan,nan,,0.07986660044999948,0.5337290478481811,0.47884431711255854,0.3125,39.2652340032298,0.9736733294227293,-0.2681048741130831,16.850873156958166,11.564508664749647,193.42407214644203,nan,0
visreg_tworoom_lambd4p5_bs512_h1_lr1e-4_seed729_185700,tworoom,5,heldout,0,0,0,0,1,90.0,nan,nan,,0.41768995835890427,0.7951167937875695,0.8200101450913194,0.640625,67.24083189748819,0.9804793751890015,-0.2943150274988027,17.587591538844194,6.936475949796345,192.10965121357845,nan,0
visreg_tworoom_lambd4p5_bs512_h1_lr1e-4_seed729_185700,tworoom,6,heldout,0,0,0,0,1,92.0,nan,nan,,0.31219554266684263,0.7446102386215172,0.7892212159868274,0.53125,64.71613971091985,0.9822151094053748,-0.3017075971147998,17.432251628130647,7.663502660832565,185.9426773860499,nan,0
visreg_tworoom_lambd4p5_bs512_h1_lr1e-4_seed729_185700,tworoom,7,heldout,0,0,0,0,1,92.0,nan,nan,,0.590725249599951,0.9001527612951634,1.0,0.65625,85.10777625461984,0.9835624234947813,-0.31354143697504305,17.56196227455319,5.3360534859528075,182.44101422514026,nan,0
visreg_tworoom_lambd4p5_bs512_h1_lr1e-4_seed729_185700,tworoom,8,heldout,0,0,0,0,1,90.0,nan,nan,,0.6563674524988525,0.9132068904331861,1.0,0.71875,87.45526668163342,0.9845187319422786,-0.3174967809566008,18.017582018824285,5.260416776843256,187.21559898774723,nan,0
visreg_tworoom_lambd4p5_bs512_h1_lr1e-4_seed729_185700,tworoom,9,heldout,0,0,0,0,1,92.0,nan,nan,,0.7366797004521494,0.9822396006028659,1.0,0.75,108.9316473304263,0.9851974281073418,-0.3206782986836733,17.844302278230884,3.763706249892342,182.50517160534065,nan,0
visreg_tworoom_lambd4p5_bs512_h1_lr1e-4_seed729_185700,tworoom,10,heldout,0,0,0,0,1,89.0,nan,nan,,0.7339344587060184,0.9785792782746912,1.0,0.75,107.98447731235282,0.9853227090268675,-0.3205554586662526,17.888275625021297,3.887934635912378,183.09761031110952,nan,0
visreg_tworoom_lambd4p5_h1_102704,tworoom,1,dev,1,0,0,0,1,70.0,nan,nan,,0.006182626342472028,0.31129303350545723,0.25422225577127994,0.078125,20.846224973244954,0.9660503493984776,-0.16680923996645822,12.45395086573588,15.543717760324649,150.3338002624244,nan,0
visreg_tworoom_lambd4p5_h1_102704,tworoom,2,dev,1,0,0,0,1,96.0,nan,nan,,0.05275146237823961,0.4520902812836481,0.4148745568917713,0.28125,34.019713665125245,0.9809936446830883,-0.22779880028656896,14.541053308189248,12.099489813070921,149.7545131436176,nan,0
visreg_tworoom_lambd4p5_h1_102704,tworoom,3,dev,1,0,0,0,1,74.0,nan,nan,,0.0181223634526104,0.35694211475401844,0.3610393248111413,0.140625,29.60522463451359,0.9843987362519178,-0.2292454527115501,14.970264951469925,16.151675392561998,177.50699383732479,nan,0
visreg_tworoom_lambd4p5_h1_102704,tworoom,4,dev,1,0,0,0,1,92.0,nan,nan,,0.1905687453464743,0.6767402368342771,0.7208910620847898,0.390625,59.11306709095277,0.986310006971117,-0.27103879583472823,15.894275270001426,8.045442406696504,164.88507714805584,nan,0
visreg_tworoom_lambd4p5_h1_102704,tworoom,5,dev,1,0,0,0,1,88.0,nan,nan,,0.3695922561615288,0.8173449469747682,0.904372768265094,0.5,74.15856699773771,0.9877703261200224,-0.28137557870229335,17.10788833999858,6.418870443192509,174.7809454639667,nan,0
visreg_tworoom_lambd4p5_h1_102704,tworoom,6,dev,1,0,0,0,1,92.0,nan,nan,,0.5901781318176736,0.8993190580078836,1.0,0.65625,87.17665090294307,0.9884078662715688,-0.293265977556888,17.44965514548203,5.314956730435331,176.42118350344424,nan,0
visreg_tworoom_lambd4p5_h1_102704,tworoom,7,dev,1,0,0,0,1,94.0,nan,nan,,0.6496327664856205,0.944920387615448,1.0,0.6875,102.91086424624038,0.9894849511600674,-0.29225745724119223,17.22278011814188,4.489196116120054,173.5424771791764,nan,0
visreg_tworoom_lambd4p5_h1_102704,tworoom,8,dev,1,0,0,0,1,94.0,nan,nan,,0.7365048678457919,0.9619655416761365,1.0,0.765625,105.77316149022526,0.9893782988251435,-0.2970711639132149,17.54196259531095,4.228031993081487,175.86559335247102,nan,0
visreg_tworoom_lambd4p5_h1_102704,tworoom,9,dev,1,0,0,0,1,96.0,nan,nan,,0.7186355041537765,0.9785674950179084,1.0,0.734375,114.08908925486806,0.9895919242424853,-0.2978108781159742,17.515400695043088,3.807236493672414,174.98925760667709,nan,0
visreg_tworoom_lambd4p5_h1_102704,tworoom,10,dev,1,0,0,0,1,96.0,nan,nan,,0.7024910078973248,0.977378793596278,1.0,0.71875,115.13855616097385,0.9895200153003746,-0.2980741243763853,17.477930367068556,3.8332625638097304,174.8604232750826,nan,0
visreg_tworoom_lambd4p5_h1_lr1e-4_102916,tworoom,1,heldout,0,1,0,0,1,16.0,24.0,nan,,0.0,0.1372110648206032,0.14312832315612956,0.0,11.736522498802623,0.9180263284953795,-0.1227091813054247,12.286782941812502,35.54687801082003,179.587492154215,nan,0
visreg_tworoom_lambd4p5_h1_lr1e-4_102916,tworoom,2,heldout,0,0,0,0,1,42.0,nan,nan,,0.01105898513350368,0.2944184342211579,0.21854333408675616,0.171875,17.920553395114005,0.9619077515584249,-0.21659564076485205,15.634079031032194,20.691122647714366,184.77533621853226,nan,0
visreg_tworoom_lambd4p5_h1_lr1e-4_102916,tworoom,3,heldout,0,0,0,0,1,78.0,nan,nan,,0.06729195370647056,0.4999232868936571,0.5384182371227272,0.25,44.15029544406363,0.9755877055804956,-0.2626940888453393,15.82310647174672,11.731785748370998,176.63516701340677,nan,0
visreg_tworoom_lambd4p5_h1_lr1e-4_102916,tworoom,4,heldout,0,0,0,0,1,84.0,nan,nan,,0.3911466188728289,0.7736330122260663,0.9245204384377667,0.546875,75.81067595189687,0.9812748237663396,-0.2924436539488525,16.639243064840603,6.877024915142226,167.57347925032315,nan,0
visreg_tworoom_lambd4p5_h1_lr1e-4_102916,tworoom,5,heldout,0,0,0,0,1,90.0,nan,nan,,0.40472663718761487,0.731499756020136,0.9079521678099852,0.609375,74.45207776041879,0.9823259652053316,-0.29805199409990624,16.673408895356268,7.534145210004512,164.43126201261956,nan,0
visreg_tworoom_lambd4p5_h1_lr1e-4_102916,tworoom,6,heldout,0,0,0,0,1,98.0,nan,nan,,0.6088903725834927,0.9062554382638031,1.0,0.671875,99.74219878935078,0.9854813452906968,-0.30901235484197437,17.546604495567685,5.234768769960133,174.21445444101988,nan,0
visreg_tworoom_lambd4p5_h1_lr1e-4_102916,tworoom,7,heldout,0,0,0,0,1,98.0,nan,nan,,0.6081072013773328,0.9050897880964952,1.0,0.671875,102.35641283594383,0.9854854751318127,-0.3120885097620639,17.420289538307358,5.215511085955611,171.32487817346737,nan,0
visreg_tworoom_lambd4p5_h1_lr1e-4_102916,tworoom,8,heldout,0,0,0,0,1,98.0,nan,nan,,0.7030972824072271,0.9782223059578813,1.0,0.71875,124.22207022882091,0.9857052003705097,-0.3171186837919041,17.702536216222697,3.858067933846281,174.2129238414989,nan,0
visreg_tworoom_lambd4p5_h1_lr1e-4_102916,tworoom,9,heldout,0,1,0,0,1,100.0,94.0,nan,,0.736800535885284,0.9824007145137121,1.0,0.75,129.10191214982936,0.9859980548488534,-0.31760333577559513,17.785474711243296,3.745978231054111,175.4136152743137,nan,0
visreg_tworoom_lambd4p5_h1_lr1e-4_102916,tworoom,10,heldout,0,1,0,0,1,100.0,92.66666666666667,nan,,0.7219104353103863,0.9830269757418028,1.0,0.734375,131.33589526121014,0.9859116966352565,-0.31818413428086506,17.789164039045257,3.7258046503556788,175.7835119160624,nan,0
visreg_tworoom_lambd4p5_h1_lr1e-4_seed403_150694,tworoom,1,heldout,0,0,0,0,1,36.0,nan,nan,,0.0016115473793748203,0.2031805384949239,0.2538112976862822,0.03125,20.81252641027514,0.8913192304810014,-0.1479920294971745,10.985468182719732,21.333866297464983,131.30494229394796,nan,0
visreg_tworoom_lambd4p5_h1_lr1e-4_seed403_150694,tworoom,2,heldout,0,1,0,0,1,68.0,75.33333333333333,nan,,0.024136822464029456,0.3538385121561657,0.33582391284932805,0.203125,27.5375608536449,0.9473481989023436,-0.21496305159405238,14.862404812443083,16.186414335745972,172.81866702547654,nan,0
visreg_tworoom_lambd4p5_h1_lr1e-4_seed403_150694,tworoom,3,heldout,0,0,0,0,1,82.0,nan,nan,,0.035338878348354565,0.3791547198637018,0.3976719961194595,0.234375,32.60910368179568,0.966538537804619,-0.22879807152379666,14.894799348729274,15.055814620624513,176.7448490645154,nan,0
visreg_tworoom_lambd4p5_h1_lr1e-4_seed403_150694,tworoom,4,heldout,0,1,0,0,1,80.0,84.66666666666667,nan,,0.11759446290205205,0.5730991897079796,0.6566093410083338,0.3125,53.84196596268337,0.9700235754623882,-0.2779806808741972,15.797994782244313,9.942021282885909,160.66746451706908,nan,0
visreg_tworoom_lambd4p5_h1_lr1e-4_seed403_150694,tworoom,5,heldout,0,1,0,0,1,90.2,93.33333333333333,nan,,0.28423176246389,0.7646041254094685,0.9150453052042413,0.40625,75.03371502674779,0.9755328339342711,-0.2907616885913098,17.661559001818176,7.442252113288,183.8574856969128,nan,0
visreg_tworoom_lambd4p5_h1_lr1e-4_seed403_150694,tworoom,6,heldout,0,1,0,0,1,86.0,87.33333333333333,nan,,0.3779651623071769,0.7473776803442604,0.951946858519295,0.53125,78.05964239858218,0.9758967541547058,-0.30045536430197073,16.89155027787905,7.382650076911309,172.58605512434502,nan,0
visreg_tworoom_lambd4p5_h1_lr1e-4_seed403_150694,tworoom,7,heldout,0,0,0,0,1,92.0,nan,nan,,0.5857593714353312,0.9143560919966145,1.0,0.640625,99.98273702423718,0.9779382842740848,-0.3069567998612395,17.556523660695788,5.107091407796578,172.89414671429344,nan,0
visreg_tworoom_lambd4p5_h1_lr1e-4_seed403_150694,tworoom,8,heldout,0,1,0,0,1,94.0,92.0,nan,,0.6721831180619231,0.9559937679102907,1.0,0.703125,113.15163685691716,0.9784156412221738,-0.3101301521172598,17.877454391113407,4.438226232210119,177.2160788927542,nan,0
visreg_tworoom_lambd4p5_h1_lr1e-4_seed403_150694,tworoom,9,heldout,0,1,0,0,1,94.0,92.66666666666667,nan,,0.7176819850689043,0.977269086051274,1.0,0.734375,122.86455023182224,0.9779860900453553,-0.3126235583268839,17.710757749357708,3.8874722513532207,174.8171680019603,nan,0
visreg_tworoom_lambd4p5_h1_lr1e-4_seed403_150694,tworoom,10,heldout,0,1,0,0,1,96.0,94.0,nan,,0.692805845238629,0.9853238687838278,1.0,0.703125,128.876659745421,0.9780698604143652,-0.3126777173192454,17.734496324778593,3.6337102539229855,175.03051646570054,nan,0
visreg_tworoom_lambd4p5_h1_lr1e-4_seed46_150695,tworoom,1,heldout,0,0,0,0,1,44.0,nan,nan,,0.0028704784725598217,0.2167310027273155,0.21191087100142272,0.0625,17.376691422116664,0.938659468603486,-0.1539236917258407,13.038683706521505,23.70139801224017,161.12003346722673,nan,0
visreg_tworoom_lambd4p5_h1_lr1e-4_seed46_150695,tworoom,2,heldout,0,1,0,0,1,38.0,37.333333333333336,nan,,0.0022675190740204026,0.18202386153972996,0.2657549391413727,0.046875,21.79190500959256,0.9631295505261277,-0.14995769343856427,12.507985669033129,27.173691912585486,152.0102918203254,nan,0
visreg_tworoom_lambd4p5_h1_lr1e-4_seed46_150695,tworoom,3,heldout,0,0,0,0,1,92.0,nan,nan,,0.21702620708149772,0.6532644311731239,0.7331707730999923,0.453125,60.12000339419937,0.9848107340072549,-0.2655177688749329,16.01997067906514,8.51274756549456,164.93109413635636,nan,0
visreg_tworoom_lambd4p5_h1_lr1e-4_seed46_150695,tworoom,4,heldout,0,1,0,0,1,88.0,88.0,nan,,0.4185219724346562,0.8035960335302472,0.9258869270887834,0.5625,75.92272802128024,0.9843287032038095,-0.28390256213443704,17.55123260571128,6.792983476206111,188.804046995833,nan,0
visreg_tworoom_lambd4p5_h1_lr1e-4_seed46_150695,tworoom,5,heldout,0,0,0,0,1,94.5,nan,nan,,0.6454493919321169,0.8980165452968584,1.0,0.71875,96.21226693903002,0.9852209958010306,-0.2931441878087919,17.01972058850551,5.20381139120223,167.3971132483652,nan,0
visreg_tworoom_lambd4p5_h1_lr1e-4_seed46_150695,tworoom,6,heldout,0,1,0,0,1,90.0,94.0,nan,,0.7126107396726291,0.9501476528968389,1.0,0.75,106.92321071505242,0.9856579319567738,-0.3029599462377842,17.64894351849865,4.499460789120543,175.99164959541608,nan,0
visreg_tworoom_lambd4p5_h1_lr1e-4_seed46_150695,tworoom,7,heldout,0,0,0,0,1,94.0,nan,nan,,0.7781047971500924,0.9764452356393316,1.0,0.796875,120.30500676612124,0.986047237736311,-0.30728464047910575,17.723355699226854,3.9136246119012394,174.2627898159031,nan,0
visreg_tworoom_lambd4p5_h1_lr1e-4_seed46_150695,tworoom,8,heldout,0,1,0,0,1,98.0,92.66666666666667,nan,,0.7311898925188872,0.9749198566918497,1.0,0.75,119.02282254668755,0.9866261505818232,-0.3091086212888051,17.937694826092926,4.003652907619109,179.50088755849293,nan,0
visreg_tworoom_lambd4p5_h1_lr1e-4_seed46_150695,tworoom,9,heldout,0,1,0,0,1,98.0,92.0,nan,,0.7228959878837634,0.9843690047778906,1.0,0.734375,127.1958350697403,0.9864203562846307,-0.31000663417707414,17.806771833963925,3.683012516825076,176.02700060128626,nan,0
visreg_tworoom_lambd4p5_h1_lr1e-4_seed46_150695,tworoom,10,heldout,0,1,0,0,1,93.42857142857143,92.66666666666667,nan,,0.756112176985958,0.9875750883081901,1.0,0.765625,129.8416880817558,0.9863862912659872,-0.31024167025962646,17.743328775193767,3.5488917046912305,174.67993870874983,nan,0
visreg_tworoom_lambd4p5_h1_lr1e-4_seed729_150693,tworoom,1,heldout,0,1,0,0,1,48.0,47.333333333333336,nan,,0.0006990204931842708,0.19929587772379798,0.2244768535844695,0.015625,18.4071019939265,0.9451602994475703,-0.1491718273045294,12.044718047607386,23.856979286069095,145.47957904524372,nan,0
visreg_tworoom_lambd4p5_h1_lr1e-4_seed729_150693,tworoom,2,heldout,0,0,0,0,1,72.0,nan,nan,,0.023695357146064445,0.37599535284858865,0.3666638299598183,0.171875,30.0664340567051,0.9681863295045201,-0.21584605179017588,15.261991712078324,15.56765756647875,170.2661729709638,nan,0
visreg_tworoom_lambd4p5_h1_lr1e-4_seed729_150693,tworoom,3,heldout,0,1,0,0,1,80.0,82.0,nan,,0.05764816090477151,0.42785567027617616,0.47906631374130026,0.28125,39.28343772678662,0.9747298528172419,-0.24244886513136218,15.173662675689377,13.430486117769949,176.1914090733386,nan,0
visreg_tworoom_lambd4p5_h1_lr1e-4_seed729_150693,tworoom,4,heldout,0,1,0,0,1,88.0,88.0,nan,,0.5092783897184033,0.8410023603876776,0.9937414391594547,0.609375,81.48679801107528,0.9788385194205078,-0.28721028113222846,16.99258082880065,6.032365983332683,170.44499052909606,nan,0
visreg_tworoom_lambd4p5_h1_lr1e-4_seed729_150693,tworoom,5,heldout,0,0,0,0,1,88.0,nan,nan,,0.38559999608029316,0.8076094128635777,0.9857208182354544,0.484375,80.82910709530726,0.9825780018314447,-0.2920379976438781,16.949200769584422,6.501221769349529,168.33346932425283,nan,0
visreg_tworoom_lambd4p5_h1_lr1e-4_seed729_150693,tworoom,6,heldout,0,1,0,0,1,88.0,90.0,nan,,0.5677925276775557,0.8652076612229421,1.0,0.65625,93.37183024704669,0.9841836452569154,-0.30106275489153744,17.273465261012735,5.775270675313027,171.59533724575687,nan,0
visreg_tworoom_lambd4p5_h1_lr1e-4_seed729_150693,tworoom,7,heldout,0,0,0,0,1,92.0,nan,nan,,0.6156758417831123,0.9381727112885521,1.0,0.65625,109.15102496813611,0.9847067745227392,-0.3069832848461082,17.462204507199704,4.67520812978839,174.72176429319362,nan,0
visreg_tworoom_lambd4p5_h1_lr1e-4_seed729_150693,tworoom,8,heldout,0,1,0,0,1,93.5,92.66666666666667,nan,,0.718293066374884,0.9781011967657995,1.0,0.734375,121.96848420884598,0.9848572873111862,-0.3113837080206783,17.770003104209476,3.8763272302403453,177.15759541161788,nan,0
visreg_tworoom_lambd4p5_h1_lr1e-4_seed729_150693,tworoom,9,heldout,0,1,0,0,1,94.85714285714286,92.66666666666667,nan,,0.7234293380187123,0.985095268791438,1.0,0.734375,128.60819742207454,0.9851822848275442,-0.312058571497967,17.7751926634663,3.6504081251026435,175.0447209116015,nan,0
visreg_tworoom_lambd4p5_h1_lr1e-4_seed729_150693,tworoom,10,heldout,0,1,0,0,1,94.0,92.66666666666667,nan,,0.7232100143900719,0.9847966153396724,1.0,0.734375,128.38079096267413,0.9852990413039626,-0.3122071235449191,17.753660485064188,3.6567821942346455,174.99819587198482,nan,0
visreg_tworoom_lambd4p5_h1_lr2e-5_102919,tworoom,1,dev,1,0,0,0,1,66.0,nan,nan,,0.0023299864327350228,0.2622272553134276,0.18955457994733935,0.046875,15.543475555681827,0.930158926792366,-0.13964487755731336,12.285575891021491,18.347400640835264,171.4232527512189,nan,0
visreg_tworoom_lambd4p5_h1_lr2e-5_102919,tworoom,2,dev,1,0,0,0,1,80.0,nan,nan,,0.026009359612425897,0.44018553314344033,0.3437804557521814,0.171875,28.189997371678878,0.9585159998942662,-0.19144011348409662,13.267897284438671,11.376700388667619,138.69396841782373,nan,0
visreg_tworoom_lambd4p5_h1_lr2e-5_102919,tworoom,3,dev,1,0,0,0,1,88.0,nan,nan,,0.09637631171651825,0.5798511904413912,0.5318678353632362,0.3125,43.613162499785375,0.9703144130985287,-0.22315788605401518,14.649328321201658,9.085834021301627,164.29604422227095,nan,0
visreg_tworoom_lambd4p5_h1_lr2e-5_102919,tworoom,4,dev,1,0,0,0,1,86.0,nan,nan,,0.16519612969425485,0.6731183498460616,0.6041086638519063,0.40625,49.53691043585631,0.9732017257217422,-0.24034546945883742,15.809258485728014,8.062539665965048,173.39274876309955,nan,0
visreg_tworoom_lambd4p5_h1_lr2e-5_102919,tworoom,5,dev,1,0,0,0,1,92.0,nan,nan,,0.32326939103605346,0.8229024115873131,0.811025538895939,0.484375,66.504094189467,0.9804192592184755,-0.25215716487273604,16.226063682355957,6.010785755121122,170.52950756780905,nan,0
visreg_tworoom_lambd4p5_h1_lr2e-5_102919,tworoom,6,dev,1,0,0,0,1,88.0,nan,nan,,0.4440048383952785,0.8752936294882361,0.9018024447252626,0.5625,73.94780046747154,0.979498939841321,-0.25695128980584175,16.27549824307487,5.300376108186365,172.9218844785458,nan,0
visreg_tworoom_lambd4p5_h1_lr2e-5_102919,tworoom,7,dev,1,0,0,0,1,94.0,nan,nan,,0.6009025711657839,0.9379942574295164,1.0,0.640625,84.56431578564677,0.982679856856655,-0.2643116293960813,16.658308278415834,4.463031890300108,173.661179968039,nan,0
visreg_tworoom_lambd4p5_h1_lr2e-5_102919,tworoom,8,dev,1,0,0,0,1,94.0,nan,nan,,0.5106834729879334,0.916693093009464,0.9903878808291108,0.5625,81.21180622798708,0.982882964600976,-0.2664009780220916,16.68640287630297,4.817611736582385,172.37751412128475,nan,0
visreg_tworoom_lambd4p5_h1_lr2e-5_102919,tworoom,9,dev,1,0,0,0,1,90.0,nan,nan,,0.54994798006795,0.9512613709283458,1.0,0.578125,90.5496146513451,0.9830844560592835,-0.26770062898018687,16.722761742929883,4.2424799629563275,171.7028937575204,nan,0
visreg_tworoom_lambd4p5_h1_lr2e-5_102919,tworoom,10,dev,1,0,0,0,1,92.0,nan,nan,,0.6567661844475888,0.955296268287402,1.0,0.6875,92.36895712860131,0.9830776231068128,-0.26785248063449263,16.72774739933662,4.166455229145192,172.84093901977997,nan,0
visreg_tworoom_lambd4p5_h1_lr3e-5_102918,tworoom,1,dev,1,0,0,0,1,48.0,nan,nan,,0.0,0.11011696436610002,0.03084990142058795,0.0,2.5296919164882117,0.9795874339763062,-0.14262957980548321,10.816001533325476,39.060414530321566,142.4616416989071,nan,0
visreg_tworoom_lambd4p5_h1_lr3e-5_102918,tworoom,2,dev,1,0,0,0,1,78.0,nan,nan,,0.022953179488803606,0.40680126801902866,0.36111084275546457,0.15625,29.611089105948096,0.9893325463526811,-0.21114341493802402,13.76231006759504,12.881079022476966,157.1096543559329,nan,0
visreg_tworoom_lambd4p5_h1_lr3e-5_102918,tworoom,3,dev,1,0,0,0,1,94.0,nan,nan,,0.15038105328425344,0.673987611304233,0.6490804098938632,0.34375,53.22459361129678,0.989321705954818,-0.23810104901096796,15.23728833766984,7.756891020390847,164.67619497176793,nan,0
visreg_tworoom_lambd4p5_h1_lr3e-5_102918,tworoom,4,dev,1,0,0,0,1,96.0,nan,nan,,0.21836090484384946,0.7305104955370262,0.7085404276205777,0.421875,58.10031506488737,0.9901577124622456,-0.25507034552701174,15.672249888850246,7.096403414103599,161.05294680830661,nan,0
visreg_tworoom_lambd4p5_h1_lr3e-5_102918,tworoom,5,dev,1,0,0,0,1,88.0,nan,nan,,0.387812668324915,0.8297020805158806,0.8798342609831825,0.53125,72.14640940062097,0.990773113837356,-0.2622704170513742,15.884116857957624,5.791850385754932,161.83819626905031,nan,0
visreg_tworoom_lambd4p5_h1_lr3e-5_102918,tworoom,6,dev,1,0,0,0,1,90.0,nan,nan,,0.5323831639142503,0.8922164626328567,0.9791955869717534,0.609375,80.29403813168378,0.9902974210417241,-0.27185981357770167,16.396221108385113,5.097579826532407,168.08258578303912,nan,0
visreg_tworoom_lambd4p5_h1_lr3e-5_102918,tworoom,7,dev,1,0,0,0,1,92.0,nan,nan,,0.6329585645145664,0.9420778634635407,1.0,0.671875,88.24458107618138,0.9894894069750054,-0.27919430130655853,16.90861293402135,4.4583481050257205,172.29056916665456,nan,0
visreg_tworoom_lambd4p5_h1_lr3e-5_102918,tworoom,8,dev,1,0,0,0,1,94.0,nan,nan,,0.5804399349418948,0.9525168163149043,1.0,0.609375,89.72743820422562,0.9901799927151218,-0.28066598822293887,16.955147104192683,4.277358344676164,172.86107871728802,nan,0
visreg_tworoom_lambd4p5_h1_lr3e-5_102918,tworoom,9,dev,1,0,0,0,1,98.0,nan,nan,,0.6867823708566908,0.9767571496628491,1.0,0.703125,99.37495823178729,0.9897284587468087,-0.28152044000001963,17.03678210935853,3.753555685765843,173.84738414496627,nan,0
visreg_tworoom_lambd4p5_h1_lr3e-5_102918,tworoom,10,dev,1,0,0,0,1,96.0,nan,nan,,0.6999145012382375,0.973794088679287,1.0,0.71875,98.21778179134118,0.9898477093212221,-0.28203757057498435,16.936896422862368,3.8092170497150675,172.37811023012108,nan,0
visreg_tworoom_lambd4p5_h1_lr7e-5_102917,tworoom,1,heldout,0,0,0,0,1,86.0,nan,nan,,0.05842242838811997,0.5222401357640146,0.42115349769571286,0.265625,34.534586811048456,0.9250223456309336,-0.20353683760524505,14.589816506522572,10.275819261355768,166.87363789807327,nan,0
visreg_tworoom_lambd4p5_h1_lr7e-5_102917,tworoom,2,heldout,0,0,0,0,1,84.0,nan,nan,,0.0297133341219742,0.39121546274410524,0.37391423257533146,0.203125,30.66096707117718,0.9412106303090675,-0.21646739929387546,14.264193361498338,13.935068788466847,162.58563345730283,nan,0
visreg_tworoom_lambd4p5_h1_lr7e-5_102917,tworoom,3,heldout,0,0,0,0,1,78.0,nan,nan,,0.08680712753461058,0.551297375596274,0.5598567637541829,0.28125,45.908254627843,0.9441550274448383,-0.25293638579848676,15.907404110256328,10.498831794261728,173.2900480076213,nan,0
visreg_tworoom_lambd4p5_h1_lr7e-5_102917,tworoom,4,heldout,0,0,0,0,1,90.0,nan,nan,,0.23883405687168444,0.7007537883922323,0.7790274198291562,0.4375,63.880248425990814,0.9585338976765316,-0.2784978064110128,15.90673420972527,7.661825334611106,163.12546568126243,nan,0
visreg_tworoom_lambd4p5_h1_lr7e-5_102917,tworoom,5,heldout,0,0,0,0,1,94.0,nan,nan,,0.35227559378112333,0.7740072632353887,0.9102643102045165,0.5,74.64167343677035,0.9654966303398556,-0.286775720188779,16.882267271609074,6.971844706521902,169.50349592071547,nan,0
visreg_tworoom_lambd4p5_h1_lr7e-5_102917,tworoom,6,heldout,0,0,0,0,1,96.0,nan,nan,,0.5699258362759333,0.8896403297965788,1.0,0.640625,94.7888203707276,0.9668703457538221,-0.29620379147978043,17.47946897550468,5.474039572136872,174.967413075881,nan,0
visreg_tworoom_lambd4p5_h1_lr7e-5_102917,tworoom,7,heldout,0,0,0,0,1,96.0,nan,nan,,0.48169112593286695,0.8808066302772424,1.0,0.546875,90.95748529579829,0.9705801350561283,-0.2994022321462715,17.37631867640944,5.575880107427097,174.03509619636804,nan,0
visreg_tworoom_lambd4p5_h1_lr7e-5_102917,tworoom,8,heldout,0,0,0,0,1,96.0,nan,nan,,0.6435858616731458,0.9578952359786357,1.0,0.671875,106.58834214856488,0.9713730025168704,-0.3054988264958352,17.591624389924405,4.327618671287826,174.03242412056466,nan,0
visreg_tworoom_lambd4p5_h1_lr7e-5_102917,tworoom,9,heldout,0,0,0,0,1,96.0,nan,nan,,0.7388486593012743,0.9851315457350324,1.0,0.75,123.89667452479837,0.9719038734821748,-0.30705359749967315,17.659242531856986,3.6252830693033005,175.17101279825158,nan,0
visreg_tworoom_lambd4p5_h1_lr7e-5_102917,tworoom,10,heldout,0,1,0,0,1,96.0,95.33333333333333,nan,,0.7228023960686074,0.9842415606040611,1.0,0.734375,124.13646590625552,0.9724183643718529,-0.3067719597486008,17.584221159291978,3.6414357672826725,174.52798420911932,nan,0
