run,env,task,d,epoch,eval_seed,planner,num_eval,success_rate,group,train_seed,source
ext_intact_full_cube_s0,cube,cube,25,0,42,cem,50,76.0,,,pool:heldout-method
ext_intact_full_cube_s3072,cube,cube,25,0,42,cem,50,74.0,,,pool:heldout-method
ext_intact_full_cube_s42,cube,cube,25,0,42,cem,50,80.0,,,pool:heldout-method
ext_qantara_cube_s11,cube,cube,25,0,1025,cem,50,80.0,,,pool:heldout-method
ext_qantara_cube_s11,cube,cube,25,0,3014,cem,50,94.0,,,pool:heldout-method
ext_qantara_cube_s11,cube,cube,25,0,42,cem,50,96.0,,,pool:heldout-method
ext_qantara_cube_s22,cube,cube,25,0,1025,cem,50,80.0,,,pool:heldout-method
ext_qantara_cube_s22,cube,cube,25,0,3014,cem,50,90.0,,,pool:heldout-method
ext_qantara_cube_s22,cube,cube,25,0,42,cem,50,92.0,,,pool:heldout-method
ext_qantara_cube_s33,cube,cube,25,0,1025,cem,50,82.0,,,pool:heldout-method
ext_qantara_cube_s33,cube,cube,25,0,3014,cem,50,96.0,,,pool:heldout-method
ext_qantara_cube_s33,cube,cube,25,0,42,cem,50,94.0,,,pool:heldout-method
ext_rcaux_cube,cube,cube,25,0,1025,cem,50,70.0,,,pool:heldout-method
ext_rcaux_cube,cube,cube,25,0,3014,cem,50,76.0,,,pool:heldout-method
ext_rcaux_cube,cube,cube,25,0,42,cem,50,78.0,,,pool:heldout-method
sigreg_clsrecon_lowratio_ogb_lambd0p09_116378,cube,cube,25,1,2027,cem,50,74.0,,,pool:heldout
sigreg_clsrecon_lowratio_ogb_lambd0p09_116378,cube,cube,25,1,8191,cem,50,74.0,,,pool:heldout
sigreg_clsrecon_lowratio_ogb_lambd0p09_116378,cube,cube,25,3,2027,cem,50,76.0,,,pool:heldout
sigreg_clsrecon_lowratio_ogb_lambd0p09_116378,cube,cube,25,3,8191,cem,50,74.0,,,pool:heldout
sigreg_clsrecon_lowratio_ogb_lambd0p09_116378,cube,cube,25,5,2027,cem,50,72.0,,,pool:heldout
sigreg_clsrecon_lowratio_ogb_lambd0p09_116378,cube,cube,25,5,8191,cem,50,76.0,,,pool:heldout
sigreg_clsrecon_ogb_lambd0p09_115447,cube,cube,25,7,2027,cem,50,78.0,,,pool:heldout
sigreg_clsrecon_ogb_lambd0p09_115447,cube,cube,25,7,8191,cem,50,76.0,,,pool:heldout
sigreg_clsrecon_sepproj_ogb_lambd0p09_116009,cube,cube,25,2,2027,cem,50,72.0,,,pool:heldout
sigreg_clsrecon_sepproj_ogb_lambd0p09_116009,cube,cube,25,2,8191,cem,50,72.0,,,pool:heldout
sigreg_clsrecon_sepproj_ogb_lambd0p09_116009,cube,cube,25,3,2027,cem,50,74.0,,,pool:heldout
sigreg_clsrecon_sepproj_ogb_lambd0p09_116009,cube,cube,25,3,8191,cem,50,72.0,,,pool:heldout
sigreg_clsrecon_w0p01_ogb_lambd0p09_116379,cube,cube,25,2,2027,cem,50,72.0,,,pool:heldout
sigreg_clsrecon_w0p01_ogb_lambd0p09_116379,cube,cube,25,2,8191,cem,50,70.0,,,pool:heldout
sigreg_clsrecon_w0p01_ogb_lambd0p09_116379,cube,cube,25,3,2027,cem,50,70.0,,,pool:heldout
sigreg_clsrecon_w0p01_ogb_lambd0p09_116379,cube,cube,25,3,8191,cem,50,76.0,,,pool:heldout
sigreg_clsrecon_w0p01_ogb_lambd0p09_116379,cube,cube,25,5,2027,cem,50,70.0,,,pool:heldout
sigreg_clsrecon_w0p01_ogb_lambd0p09_116379,cube,cube,25,5,8191,cem,50,76.0,,,pool:heldout
sigreg_clsrecon_w0p01_ogb_lambd0p09_116379,cube,cube,25,10,2027,cem,50,70.0,,,pool:heldout
sigreg_clsrecon_w0p01_ogb_lambd0p09_116379,cube,cube,25,10,8191,cem,50,74.0,,,pool:heldout
sigreg_clsrecon_w0p1_ogb_lambd0p09_116380,cube,cube,25,4,2027,cem,50,66.0,,,pool:heldout
sigreg_clsrecon_w0p1_ogb_lambd0p09_116380,cube,cube,25,4,8191,cem,50,64.0,,,pool:heldout
sigreg_clsrecon_w0p3_noregmask_ogb_lambd0p09_116742,cube,cube,25,2,2027,cem,50,74.0,,,pool:heldout
sigreg_clsrecon_w0p3_noregmask_ogb_lambd0p09_116742,cube,cube,25,2,8191,cem,50,76.0,,,pool:heldout
sigreg_clsrecon_w0p3_noregmask_ogb_lambd0p09_116742,cube,cube,25,7,2027,cem,50,72.0,,,pool:heldout
sigreg_clsrecon_w0p3_noregmask_ogb_lambd0p09_116742,cube,cube,25,7,8191,cem,50,74.0,,,pool:heldout
sigreg_clsrecon_w0p3_noregmask_ogb_lambd0p09_116742,cube,cube,25,8,2027,cem,50,74.0,,,pool:heldout
sigreg_clsrecon_w0p3_noregmask_ogb_lambd0p09_116742,cube,cube,25,8,8191,cem,50,72.0,,,pool:heldout
sigreg_clsrecon_w0p3_noregmask_ogb_lambd0p09_seed7_117238,cube,cube,25,3,2027,cem,50,72.0,,,pool:heldout
sigreg_clsrecon_w0p3_noregmask_ogb_lambd0p09_seed7_117238,cube,cube,25,3,8191,cem,50,74.0,,,pool:heldout
sigreg_clsrecon_w0p3_noregmask_ogb_lambd0p09_seed7_117238,cube,cube,25,5,2027,cem,50,74.0,,,pool:heldout
sigreg_clsrecon_w0p3_noregmask_ogb_lambd0p09_seed7_117238,cube,cube,25,5,8191,cem,50,74.0,,,pool:heldout
sigreg_clsrecon_w0p3_noregmask_ogb_lambd0p09_seed7_117238,cube,cube,25,9,2027,cem,50,74.0,,,pool:heldout
sigreg_clsrecon_w0p3_noregmask_ogb_lambd0p09_seed7_117238,cube,cube,25,9,8191,cem,50,70.0,,,pool:heldout
sigreg_clsrecon_w0p3_patch_noregmask_ogb_lambd0p09_117127,cube,cube,25,7,2027,cem,50,72.0,,,pool:heldout
sigreg_clsrecon_w0p3_patch_noregmask_ogb_lambd0p09_117127,cube,cube,25,7,8191,cem,50,76.0,,,pool:heldout
sigreg_clsrecon_w0p3_patch_noregmask_ogb_lambd0p09_seed7_117239,cube,cube,25,7,2027,cem,50,72.0,,,pool:heldout
sigreg_clsrecon_w0p3_patch_noregmask_ogb_lambd0p09_seed7_117239,cube,cube,25,7,8191,cem,50,74.0,,,pool:heldout
sigreg_clsrecon_w0p3_patch_ogb_lambd0p09_116987,cube,cube,25,3,2027,cem,50,72.0,,,pool:heldout
sigreg_clsrecon_w0p3_patch_ogb_lambd0p09_116987,cube,cube,25,3,8191,cem,50,74.0,,,pool:heldout
sigreg_clsrecon_w0p3_patch_ogb_lambd0p09_116987,cube,cube,25,4,2027,cem,50,70.0,,,pool:heldout
sigreg_clsrecon_w0p3_patch_ogb_lambd0p09_116987,cube,cube,25,4,8191,cem,50,76.0,,,pool:heldout
sigreg_clsrecon_w0p3_patch_ogb_lambd0p09_116987,cube,cube,25,9,2027,cem,50,76.0,,,pool:heldout
sigreg_clsrecon_w0p3_patch_ogb_lambd0p09_116987,cube,cube,25,9,8191,cem,50,74.0,,,pool:heldout
visreg_ogb_lambd4p5_102702,cube,cube,25,3,2027,cem,50,74.0,,,pool:heldout
visreg_ogb_lambd4p5_102702,cube,cube,25,3,8191,cem,50,74.0,,,pool:heldout
visreg_ogb_lambd4p5_102702,cube,cube,25,4,2027,cem,50,74.0,,,pool:heldout
visreg_ogb_lambd4p5_102702,cube,cube,25,4,8191,cem,50,76.0,,,pool:heldout
visreg_ogb_lambd4p5_lr1e-4_103030,cube,cube,25,10,2027,cem,50,70.0,,,pool:heldout
visreg_ogb_lambd4p5_lr1e-4_103030,cube,cube,25,10,8191,cem,50,76.0,,,pool:heldout
visreg_ogb_lambd4p5_lr1e-4_seed403_151589,cube,cube,25,4,2027,cem,50,74.0,,,pool:heldout
visreg_ogb_lambd4p5_lr1e-4_seed403_151589,cube,cube,25,4,8191,cem,50,80.0,,,pool:heldout
visreg_ogb_lambd4p5_lr1e-4_seed403_151589,cube,cube,25,5,2027,cem,50,72.0,,,pool:heldout
visreg_ogb_lambd4p5_lr1e-4_seed403_151589,cube,cube,25,5,8191,cem,50,78.0,,,pool:heldout
visreg_ogb_lambd4p5_lr1e-4_seed46_151591,cube,cube,25,8,2027,cem,50,74.0,,,pool:heldout
visreg_ogb_lambd4p5_lr1e-4_seed46_151591,cube,cube,25,8,8191,cem,50,74.0,,,pool:heldout
visreg_ogb_lambd4p5_lr1e-4_seed729_150690,cube,cube,25,7,2027,cem,50,72.0,,,pool:heldout
visreg_ogb_lambd4p5_lr1e-4_seed729_150690,cube,cube,25,7,8191,cem,50,74.0,,,pool:heldout
visreg_ogb_lambd4p5_lr1e-4_seed729_150690,cube,cube,25,9,2027,cem,50,72.0,,,pool:heldout
visreg_ogb_lambd4p5_lr1e-4_seed729_150690,cube,cube,25,9,8191,cem,50,74.0,,,pool:heldout
dinocls_reacher_s0,dmc,dmc,25,0,1025,cem,50,82.0,,,pool:heldout-method
dinocls_reacher_s0,dmc,dmc,25,0,2027,cem,50,72.0,,,pool:heldout-method
dinocls_reacher_s0,dmc,dmc,25,0,3014,cem,50,70.0,,,pool:heldout-method
dinocls_reacher_s0,dmc,dmc,25,0,42,cem,50,64.0,,,pool:heldout-method
dinocls_reacher_s0,dmc,dmc,25,0,5501,cem,50,76.0,,,pool:heldout-method
dinocls_reacher_s0,dmc,dmc,25,0,60601,cem,50,66.0,,,pool:heldout-method
dinocls_reacher_s0,dmc,dmc,25,0,65537,cem,50,64.0,,,pool:heldout-method
dinocls_reacher_s0,dmc,dmc,25,0,8191,cem,50,80.0,,,pool:heldout-method
dinocls_reacher_s0,dmc,dmc,25,0,90210,cem,50,72.0,,,pool:heldout-method
ext_intact_full_reacher_s0,dmc,dmc,25,0,1025,cem,50,72.0,,,pool:heldout-method
ext_intact_full_reacher_s0,dmc,dmc,25,0,2027,cem,50,78.0,,,pool:heldout-method
ext_intact_full_reacher_s0,dmc,dmc,25,0,3014,cem,50,88.0,,,pool:heldout-method
ext_intact_full_reacher_s0,dmc,dmc,25,0,42,cem,50,78.0,,,pool:heldout-method
ext_intact_full_reacher_s0,dmc,dmc,25,0,5501,cem,50,68.0,,,pool:heldout-method
ext_intact_full_reacher_s0,dmc,dmc,25,0,60601,cem,50,78.0,,,pool:heldout-method
ext_intact_full_reacher_s0,dmc,dmc,25,0,65537,cem,50,88.0,,,pool:heldout-method
ext_intact_full_reacher_s0,dmc,dmc,25,0,8191,cem,50,88.0,,,pool:heldout-method
ext_intact_full_reacher_s0,dmc,dmc,25,0,90210,cem,50,80.0,,,pool:heldout-method
ext_intact_full_reacher_s3072,dmc,dmc,25,0,1025,cem,50,80.0,,,pool:heldout-method
ext_intact_full_reacher_s3072,dmc,dmc,25,0,2027,cem,50,74.0,,,pool:heldout-method
ext_intact_full_reacher_s3072,dmc,dmc,25,0,3014,cem,50,84.0,,,pool:heldout-method
ext_intact_full_reacher_s3072,dmc,dmc,25,0,42,cem,50,82.0,,,pool:heldout-method
ext_intact_full_reacher_s3072,dmc,dmc,25,0,5501,cem,50,76.0,,,pool:heldout-method
ext_intact_full_reacher_s3072,dmc,dmc,25,0,60601,cem,50,86.0,,,pool:heldout-method
ext_intact_full_reacher_s3072,dmc,dmc,25,0,65537,cem,50,84.0,,,pool:heldout-method
ext_intact_full_reacher_s3072,dmc,dmc,25,0,8191,cem,50,88.0,,,pool:heldout-method
ext_intact_full_reacher_s3072,dmc,dmc,25,0,90210,cem,50,88.0,,,pool:heldout-method
ext_intact_full_reacher_s42,dmc,dmc,25,0,1025,cem,50,82.0,,,pool:heldout-method
ext_intact_full_reacher_s42,dmc,dmc,25,0,2027,cem,50,82.0,,,pool:heldout-method
ext_intact_full_reacher_s42,dmc,dmc,25,0,3014,cem,50,86.0,,,pool:heldout-method
ext_intact_full_reacher_s42,dmc,dmc,25,0,42,cem,50,72.0,,,pool:heldout-method
ext_intact_full_reacher_s42,dmc,dmc,25,0,5501,cem,50,66.0,,,pool:heldout-method
ext_intact_full_reacher_s42,dmc,dmc,25,0,60601,cem,50,84.0,,,pool:heldout-method
ext_intact_full_reacher_s42,dmc,dmc,25,0,65537,cem,50,84.0,,,pool:heldout-method
ext_intact_full_reacher_s42,dmc,dmc,25,0,8191,cem,50,84.0,,,pool:heldout-method
ext_intact_full_reacher_s42,dmc,dmc,25,0,90210,cem,50,82.0,,,pool:heldout-method
ext_qantara_reacher_s11,dmc,dmc,25,0,1025,cem,50,76.0,,,pool:heldout-method
ext_qantara_reacher_s11,dmc,dmc,25,0,2027,cem,50,86.0,,,pool:heldout-method
ext_qantara_reacher_s11,dmc,dmc,25,0,3014,cem,50,80.0,,,pool:heldout-method
ext_qantara_reacher_s11,dmc,dmc,25,0,42,cem,50,76.0,,,pool:heldout-method
ext_qantara_reacher_s11,dmc,dmc,25,0,5501,cem,50,82.0,,,pool:heldout-method
ext_qantara_reacher_s11,dmc,dmc,25,0,60601,cem,50,76.0,,,pool:heldout-method
ext_qantara_reacher_s11,dmc,dmc,25,0,65537,cem,50,80.0,,,pool:heldout-method
ext_qantara_reacher_s11,dmc,dmc,25,0,8191,cem,50,86.0,,,pool:heldout-method
ext_qantara_reacher_s11,dmc,dmc,25,0,90210,cem,50,86.0,,,pool:heldout-method
ext_qantara_reacher_s22,dmc,dmc,25,0,1025,cem,50,78.0,,,pool:heldout-method
ext_qantara_reacher_s22,dmc,dmc,25,0,2027,cem,50,80.0,,,pool:heldout-method
ext_qantara_reacher_s22,dmc,dmc,25,0,3014,cem,50,90.0,,,pool:heldout-method
ext_qantara_reacher_s22,dmc,dmc,25,0,42,cem,50,72.0,,,pool:heldout-method
ext_qantara_reacher_s22,dmc,dmc,25,0,5501,cem,50,76.0,,,pool:heldout-method
ext_qantara_reacher_s22,dmc,dmc,25,0,60601,cem,50,78.0,,,pool:heldout-method
ext_qantara_reacher_s22,dmc,dmc,25,0,65537,cem,50,76.0,,,pool:heldout-method
ext_qantara_reacher_s22,dmc,dmc,25,0,8191,cem,50,86.0,,,pool:heldout-method
ext_qantara_reacher_s22,dmc,dmc,25,0,90210,cem,50,90.0,,,pool:heldout-method
ext_qantara_reacher_s33,dmc,dmc,25,0,1025,cem,50,80.0,,,pool:heldout-method
ext_qantara_reacher_s33,dmc,dmc,25,0,2027,cem,50,78.0,,,pool:heldout-method
ext_qantara_reacher_s33,dmc,dmc,25,0,3014,cem,50,88.0,,,pool:heldout-method
ext_qantara_reacher_s33,dmc,dmc,25,0,42,cem,50,72.0,,,pool:heldout-method
ext_qantara_reacher_s33,dmc,dmc,25,0,5501,cem,50,80.0,,,pool:heldout-method
ext_qantara_reacher_s33,dmc,dmc,25,0,60601,cem,50,76.0,,,pool:heldout-method
ext_qantara_reacher_s33,dmc,dmc,25,0,65537,cem,50,78.0,,,pool:heldout-method
ext_qantara_reacher_s33,dmc,dmc,25,0,8191,cem,50,88.0,,,pool:heldout-method
ext_qantara_reacher_s33,dmc,dmc,25,0,90210,cem,50,84.0,,,pool:heldout-method
ext_rcaux_reacher,dmc,dmc,25,0,1025,cem,50,84.0,,,pool:heldout-method
ext_rcaux_reacher,dmc,dmc,25,0,2027,cem,50,80.0,,,pool:heldout-method
ext_rcaux_reacher,dmc,dmc,25,0,3014,cem,50,80.0,,,pool:heldout-method
ext_rcaux_reacher,dmc,dmc,25,0,42,cem,50,82.0,,,pool:heldout-method
ext_rcaux_reacher,dmc,dmc,25,0,5501,cem,50,76.0,,,pool:heldout-method
ext_rcaux_reacher,dmc,dmc,25,0,60601,cem,50,82.0,,,pool:heldout-method
ext_rcaux_reacher,dmc,dmc,25,0,65537,cem,50,78.0,,,pool:heldout-method
ext_rcaux_reacher,dmc,dmc,25,0,8191,cem,50,88.0,,,pool:heldout-method
ext_rcaux_reacher,dmc,dmc,25,0,90210,cem,50,88.0,,,pool:heldout-method
sigreg_clsrecon_dmc_lambd0p09_115446,dmc,dmc,25,1,42,cem,50,57.99999999999999,clsrecon,base,ground_truth
sigreg_clsrecon_dmc_lambd0p09_115446,dmc,dmc,25,2,42,cem,50,62.0,clsrecon,base,ground_truth
sigreg_clsrecon_dmc_lambd0p09_115446,dmc,dmc,25,3,42,cem,50,62.0,clsrecon,base,ground_truth
sigreg_clsrecon_dmc_lambd0p09_115446,dmc,dmc,25,4,42,cem,50,70.0,clsrecon,base,ground_truth
sigreg_clsrecon_dmc_lambd0p09_115446,dmc,dmc,25,5,42,cem,50,74.0,clsrecon,base,ground_truth
sigreg_clsrecon_dmc_lambd0p09_115446,dmc,dmc,25,6,42,cem,50,72.0,clsrecon,base,ground_truth
sigreg_clsrecon_dmc_lambd0p09_115446,dmc,dmc,25,7,42,cem,50,70.0,clsrecon,base,ground_truth
sigreg_clsrecon_dmc_lambd0p09_115446,dmc,dmc,25,8,42,cem,50,74.0,clsrecon,base,ground_truth
sigreg_clsrecon_dmc_lambd0p09_115446,dmc,dmc,25,9,42,cem,50,72.0,clsrecon,base,ground_truth
sigreg_clsrecon_dmc_lambd0p09_115446,dmc,dmc,25,10,42,cem,50,74.0,clsrecon,base,ground_truth
sigreg_clsrecon_w0p3_dmc_lambd0p09_116568,dmc,dmc,25,1,42,cem,50,72.0,clsrecon,base,ground_truth
sigreg_clsrecon_w0p3_dmc_lambd0p09_116568,dmc,dmc,25,2,42,cem,50,64.0,clsrecon,base,ground_truth
sigreg_clsrecon_w0p3_dmc_lambd0p09_116568,dmc,dmc,25,3,42,cem,50,62.0,clsrecon,base,ground_truth
sigreg_clsrecon_w0p3_dmc_lambd0p09_116568,dmc,dmc,25,4,42,cem,50,78.0,clsrecon,base,ground_truth
sigreg_clsrecon_w0p3_dmc_lambd0p09_116568,dmc,dmc,25,5,42,cem,50,74.0,clsrecon,base,ground_truth
sigreg_clsrecon_w0p3_dmc_lambd0p09_116568,dmc,dmc,25,6,42,cem,50,74.0,clsrecon,base,ground_truth
sigreg_clsrecon_w0p3_dmc_lambd0p09_116568,dmc,dmc,25,7,42,cem,50,70.0,clsrecon,base,ground_truth
sigreg_clsrecon_w0p3_dmc_lambd0p09_116568,dmc,reacher,25,7,2027,cem,50,88.0,,,pool:heldout
sigreg_clsrecon_w0p3_dmc_lambd0p09_116568,dmc,reacher,25,7,65537,cem,50,88.0,,,pool:heldout
sigreg_clsrecon_w0p3_dmc_lambd0p09_116568,dmc,reacher,25,7,8191,cem,50,88.0,,,pool:heldout
sigreg_clsrecon_w0p3_dmc_lambd0p09_116568,dmc,dmc,25,8,42,cem,50,84.0,clsrecon,base,ground_truth
sigreg_clsrecon_w0p3_dmc_lambd0p09_116568,dmc,reacher,25,8,2027,cem,50,66.0,,,pool:heldout
sigreg_clsrecon_w0p3_dmc_lambd0p09_116568,dmc,reacher,25,8,65537,cem,50,90.0,,,pool:heldout
sigreg_clsrecon_w0p3_dmc_lambd0p09_116568,dmc,reacher,25,8,8191,cem,50,84.0,,,pool:heldout
sigreg_clsrecon_w0p3_dmc_lambd0p09_116568,dmc,dmc,25,9,42,cem,50,78.0,clsrecon,base,ground_truth
sigreg_clsrecon_w0p3_dmc_lambd0p09_116568,dmc,dmc,25,10,42,cem,50,74.0,clsrecon,base,ground_truth
sigreg_clsrecon_w0p3_dmc_lambd0p09_116568,dmc,reacher,25,10,2027,cem,50,76.0,,,pool:heldout
sigreg_clsrecon_w0p3_dmc_lambd0p09_116568,dmc,reacher,25,10,65537,cem,50,92.0,,,pool:heldout
sigreg_clsrecon_w0p3_dmc_lambd0p09_116568,dmc,reacher,25,10,8191,cem,50,88.0,,,pool:heldout
sigreg_clsrecon_w0p3_noregmask_dmc_lambd0p09_116735,dmc,dmc,25,1,42,cem,50,70.0,clsrecon,base,ground_truth
sigreg_clsrecon_w0p3_noregmask_dmc_lambd0p09_116735,dmc,dmc,25,2,42,cem,50,70.0,clsrecon,base,ground_truth
sigreg_clsrecon_w0p3_noregmask_dmc_lambd0p09_116735,dmc,dmc,25,3,42,cem,50,64.0,clsrecon,base,ground_truth
sigreg_clsrecon_w0p3_noregmask_dmc_lambd0p09_116735,dmc,dmc,25,4,42,cem,50,76.0,clsrecon,base,ground_truth
sigreg_clsrecon_w0p3_noregmask_dmc_lambd0p09_116735,dmc,dmc,25,5,42,cem,50,68.0,clsrecon,base,ground_truth
sigreg_clsrecon_w0p3_noregmask_dmc_lambd0p09_116735,dmc,reacher,25,5,2027,cem,50,82.0,,,pool:heldout
sigreg_clsrecon_w0p3_noregmask_dmc_lambd0p09_116735,dmc,reacher,25,5,65537,cem,50,94.0,,,pool:heldout
sigreg_clsrecon_w0p3_noregmask_dmc_lambd0p09_116735,dmc,reacher,25,5,8191,cem,50,92.0,,,pool:heldout
sigreg_clsrecon_w0p3_noregmask_dmc_lambd0p09_116735,dmc,dmc,25,6,42,cem,50,72.0,clsrecon,base,ground_truth
sigreg_clsrecon_w0p3_noregmask_dmc_lambd0p09_116735,dmc,dmc,25,7,42,cem,50,72.0,clsrecon,base,ground_truth
sigreg_clsrecon_w0p3_noregmask_dmc_lambd0p09_116735,dmc,dmc,25,8,42,cem,50,80.0,clsrecon,base,ground_truth
sigreg_clsrecon_w0p3_noregmask_dmc_lambd0p09_116735,dmc,dmc,25,9,42,cem,50,66.0,clsrecon,base,ground_truth
sigreg_clsrecon_w0p3_noregmask_dmc_lambd0p09_116735,dmc,dmc,25,10,42,cem,50,68.0,clsrecon,base,ground_truth
sigreg_clsrecon_w0p3_noregmask_dmc_lambd0p09_seed1_117228,dmc,dmc,25,1,42,cem,50,64.0,clsrecon,1,ground_truth
sigreg_clsrecon_w0p3_noregmask_dmc_lambd0p09_seed1_117228,dmc,dmc,25,2,42,cem,50,64.0,clsrecon,1,ground_truth
sigreg_clsrecon_w0p3_noregmask_dmc_lambd0p09_seed1_117228,dmc,dmc,25,3,42,cem,50,74.0,clsrecon,1,ground_truth
sigreg_clsrecon_w0p3_noregmask_dmc_lambd0p09_seed1_117228,dmc,dmc,25,4,42,cem,50,70.0,clsrecon,1,ground_truth
sigreg_clsrecon_w0p3_noregmask_dmc_lambd0p09_seed1_117228,dmc,dmc,25,5,42,cem,50,80.0,clsrecon,1,ground_truth
sigreg_clsrecon_w0p3_noregmask_dmc_lambd0p09_seed1_117228,dmc,reacher,25,5,2027,cem,50,74.0,,,pool:heldout
sigreg_clsrecon_w0p3_noregmask_dmc_lambd0p09_seed1_117228,dmc,reacher,25,5,65537,cem,50,80.0,,,pool:heldout
sigreg_clsrecon_w0p3_noregmask_dmc_lambd0p09_seed1_117228,dmc,reacher,25,5,8191,cem,50,90.0,,,pool:heldout
sigreg_clsrecon_w0p3_noregmask_dmc_lambd0p09_seed1_117228,dmc,dmc,25,6,42,cem,50,76.0,clsrecon,1,ground_truth
sigreg_clsrecon_w0p3_noregmask_dmc_lambd0p09_seed1_117228,dmc,dmc,25,7,42,cem,50,72.0,clsrecon,1,ground_truth
sigreg_clsrecon_w0p3_noregmask_dmc_lambd0p09_seed1_117228,dmc,dmc,25,8,42,cem,50,80.0,clsrecon,1,ground_truth
sigreg_clsrecon_w0p3_noregmask_dmc_lambd0p09_seed1_117228,dmc,dmc,25,9,42,cem,50,72.0,clsrecon,1,ground_truth
sigreg_clsrecon_w0p3_noregmask_dmc_lambd0p09_seed1_117228,dmc,dmc,25,10,42,cem,50,80.0,clsrecon,1,ground_truth
sigreg_clsrecon_w0p3_noregmask_dmc_lambd0p09_seed7_117236,dmc,dmc,25,1,42,cem,50,64.0,clsrecon,7,ground_truth
sigreg_clsrecon_w0p3_noregmask_dmc_lambd0p09_seed7_117236,dmc,dmc,25,2,42,cem,50,68.0,clsrecon,7,ground_truth
sigreg_clsrecon_w0p3_noregmask_dmc_lambd0p09_seed7_117236,dmc,dmc,25,3,42,cem,50,76.0,clsrecon,7,ground_truth
sigreg_clsrecon_w0p3_noregmask_dmc_lambd0p09_seed7_117236,dmc,dmc,25,4,42,cem,50,70.0,clsrecon,7,ground_truth
sigreg_clsrecon_w0p3_noregmask_dmc_lambd0p09_seed7_117236,dmc,dmc,25,5,42,cem,50,70.0,clsrecon,7,ground_truth
sigreg_clsrecon_w0p3_noregmask_dmc_lambd0p09_seed7_117236,dmc,dmc,25,6,42,cem,50,66.0,clsrecon,7,ground_truth
sigreg_clsrecon_w0p3_noregmask_dmc_lambd0p09_seed7_117236,dmc,dmc,25,7,42,cem,50,76.0,clsrecon,7,ground_truth
sigreg_clsrecon_w0p3_noregmask_dmc_lambd0p09_seed7_117236,dmc,dmc,25,8,42,cem,50,66.0,clsrecon,7,ground_truth
sigreg_clsrecon_w0p3_noregmask_dmc_lambd0p09_seed7_117236,dmc,dmc,25,9,42,cem,50,74.0,clsrecon,7,ground_truth
sigreg_clsrecon_w0p3_noregmask_dmc_lambd0p09_seed7_117236,dmc,dmc,25,10,42,cem,50,78.0,clsrecon,7,ground_truth
sigreg_clsrecon_w0p3_patch_dmc_lambd0p09_116986,dmc,dmc,25,1,42,cem,50,38.0,clsrecon,base,ground_truth
sigreg_clsrecon_w0p3_patch_dmc_lambd0p09_116986,dmc,dmc,25,2,42,cem,50,62.0,clsrecon,base,ground_truth
sigreg_clsrecon_w0p3_patch_dmc_lambd0p09_116986,dmc,dmc,25,3,42,cem,50,70.0,clsrecon,base,ground_truth
sigreg_clsrecon_w0p3_patch_dmc_lambd0p09_116986,dmc,dmc,25,4,42,cem,50,86.0,clsrecon,base,ground_truth
sigreg_clsrecon_w0p3_patch_dmc_lambd0p09_116986,dmc,reacher,25,4,2027,cem,50,74.0,,,pool:heldout
sigreg_clsrecon_w0p3_patch_dmc_lambd0p09_116986,dmc,reacher,25,4,65537,cem,50,66.0,,,pool:heldout
sigreg_clsrecon_w0p3_patch_dmc_lambd0p09_116986,dmc,reacher,25,4,8191,cem,50,80.0,,,pool:heldout
sigreg_clsrecon_w0p3_patch_dmc_lambd0p09_116986,dmc,dmc,25,5,42,cem,50,74.0,clsrecon,base,ground_truth
sigreg_clsrecon_w0p3_patch_dmc_lambd0p09_116986,dmc,dmc,25,6,42,cem,50,86.0,clsrecon,base,ground_truth
sigreg_clsrecon_w0p3_patch_dmc_lambd0p09_116986,dmc,dmc,25,7,42,cem,50,78.0,clsrecon,base,ground_truth
sigreg_clsrecon_w0p3_patch_dmc_lambd0p09_116986,dmc,dmc,25,8,42,cem,50,82.0,clsrecon,base,ground_truth
sigreg_clsrecon_w0p3_patch_dmc_lambd0p09_116986,dmc,dmc,25,9,42,cem,50,76.0,clsrecon,base,ground_truth
sigreg_clsrecon_w0p3_patch_dmc_lambd0p09_116986,dmc,dmc,25,10,42,cem,50,72.0,clsrecon,base,ground_truth
sigreg_clsrecon_w0p3_patch_noregmask_dmc_lambd0p09_117126,dmc,dmc,25,1,42,cem,50,18.0,clsrecon,base,ground_truth
sigreg_clsrecon_w0p3_patch_noregmask_dmc_lambd0p09_117126,dmc,dmc,25,2,42,cem,50,34.0,clsrecon,base,ground_truth
sigreg_clsrecon_w0p3_patch_noregmask_dmc_lambd0p09_117126,dmc,dmc,25,3,42,cem,50,26.0,clsrecon,base,ground_truth
sigreg_clsrecon_w0p3_patch_noregmask_dmc_lambd0p09_117126,dmc,dmc,25,4,42,cem,50,64.0,clsrecon,base,ground_truth
sigreg_clsrecon_w0p3_patch_noregmask_dmc_lambd0p09_117126,dmc,dmc,25,5,42,cem,50,44.0,clsrecon,base,ground_truth
sigreg_clsrecon_w0p3_patch_noregmask_dmc_lambd0p09_117126,dmc,dmc,25,6,42,cem,50,62.0,clsrecon,base,ground_truth
sigreg_clsrecon_w0p3_patch_noregmask_dmc_lambd0p09_117126,dmc,dmc,25,7,42,cem,50,68.0,clsrecon,base,ground_truth
sigreg_clsrecon_w0p3_patch_noregmask_dmc_lambd0p09_117126,dmc,dmc,25,8,42,cem,50,68.0,clsrecon,base,ground_truth
sigreg_clsrecon_w0p3_patch_noregmask_dmc_lambd0p09_117126,dmc,dmc,25,9,42,cem,50,72.0,clsrecon,base,ground_truth
sigreg_clsrecon_w0p3_patch_noregmask_dmc_lambd0p09_117126,dmc,dmc,25,10,42,cem,50,68.0,clsrecon,base,ground_truth
sigreg_clsrecon_w0p3_patch_noregmask_dmc_lambd0p09_seed1_117229,dmc,dmc,25,1,42,cem,50,30.0,clsrecon,1,ground_truth
sigreg_clsrecon_w0p3_patch_noregmask_dmc_lambd0p09_seed1_117229,dmc,dmc,25,2,42,cem,50,20.0,clsrecon,1,ground_truth
sigreg_clsrecon_w0p3_patch_noregmask_dmc_lambd0p09_seed1_117229,dmc,dmc,25,3,42,cem,50,34.0,clsrecon,1,ground_truth
sigreg_clsrecon_w0p3_patch_noregmask_dmc_lambd0p09_seed1_117229,dmc,dmc,25,4,42,cem,50,68.0,clsrecon,1,ground_truth
sigreg_clsrecon_w0p3_patch_noregmask_dmc_lambd0p09_seed1_117229,dmc,dmc,25,5,42,cem,50,50.0,clsrecon,1,ground_truth
sigreg_clsrecon_w0p3_patch_noregmask_dmc_lambd0p09_seed1_117229,dmc,dmc,25,6,42,cem,50,48.0,clsrecon,1,ground_truth
sigreg_clsrecon_w0p3_patch_noregmask_dmc_lambd0p09_seed1_117229,dmc,dmc,25,7,42,cem,50,62.0,clsrecon,1,ground_truth
sigreg_clsrecon_w0p3_patch_noregmask_dmc_lambd0p09_seed1_117229,dmc,dmc,25,8,42,cem,50,76.0,clsrecon,1,ground_truth
sigreg_clsrecon_w0p3_patch_noregmask_dmc_lambd0p09_seed1_117229,dmc,dmc,25,9,42,cem,50,74.0,clsrecon,1,ground_truth
sigreg_clsrecon_w0p3_patch_noregmask_dmc_lambd0p09_seed1_117229,dmc,dmc,25,10,42,cem,50,80.0,clsrecon,1,ground_truth
sigreg_clsrecon_w0p3_patch_noregmask_dmc_lambd0p09_seed7_117237,dmc,dmc,25,1,42,cem,50,6.0,clsrecon,7,ground_truth
sigreg_clsrecon_w0p3_patch_noregmask_dmc_lambd0p09_seed7_117237,dmc,dmc,25,2,42,cem,50,34.0,clsrecon,7,ground_truth
sigreg_clsrecon_w0p3_patch_noregmask_dmc_lambd0p09_seed7_117237,dmc,reacher,25,2,2027,cem,50,30.0,,,pool:heldout
sigreg_clsrecon_w0p3_patch_noregmask_dmc_lambd0p09_seed7_117237,dmc,reacher,25,2,65537,cem,50,42.0,,,pool:heldout
sigreg_clsrecon_w0p3_patch_noregmask_dmc_lambd0p09_seed7_117237,dmc,reacher,25,2,8191,cem,50,32.0,,,pool:heldout
sigreg_clsrecon_w0p3_patch_noregmask_dmc_lambd0p09_seed7_117237,dmc,dmc,25,3,42,cem,50,52.0,clsrecon,7,ground_truth
sigreg_clsrecon_w0p3_patch_noregmask_dmc_lambd0p09_seed7_117237,dmc,dmc,25,4,42,cem,50,48.0,clsrecon,7,ground_truth
sigreg_clsrecon_w0p3_patch_noregmask_dmc_lambd0p09_seed7_117237,dmc,reacher,25,4,2027,cem,50,40.0,,,pool:heldout
sigreg_clsrecon_w0p3_patch_noregmask_dmc_lambd0p09_seed7_117237,dmc,reacher,25,4,65537,cem,50,48.0,,,pool:heldout
sigreg_clsrecon_w0p3_patch_noregmask_dmc_lambd0p09_seed7_117237,dmc,reacher,25,4,8191,cem,50,30.0,,,pool:heldout
sigreg_clsrecon_w0p3_patch_noregmask_dmc_lambd0p09_seed7_117237,dmc,dmc,25,5,42,cem,50,44.0,clsrecon,7,ground_truth
sigreg_clsrecon_w0p3_patch_noregmask_dmc_lambd0p09_seed7_117237,dmc,dmc,25,6,42,cem,50,57.99999999999999,clsrecon,7,ground_truth
sigreg_clsrecon_w0p3_patch_noregmask_dmc_lambd0p09_seed7_117237,dmc,reacher,25,6,2027,cem,50,62.0,,,pool:heldout
sigreg_clsrecon_w0p3_patch_noregmask_dmc_lambd0p09_seed7_117237,dmc,reacher,25,6,65537,cem,50,82.0,,,pool:heldout
sigreg_clsrecon_w0p3_patch_noregmask_dmc_lambd0p09_seed7_117237,dmc,reacher,25,6,8191,cem,50,60.0,,,pool:heldout
sigreg_clsrecon_w0p3_patch_noregmask_dmc_lambd0p09_seed7_117237,dmc,dmc,25,7,42,cem,50,64.0,clsrecon,7,ground_truth
sigreg_clsrecon_w0p3_patch_noregmask_dmc_lambd0p09_seed7_117237,dmc,dmc,25,8,42,cem,50,62.0,clsrecon,7,ground_truth
sigreg_clsrecon_w0p3_patch_noregmask_dmc_lambd0p09_seed7_117237,dmc,dmc,25,9,42,cem,50,68.0,clsrecon,7,ground_truth
sigreg_clsrecon_w0p3_patch_noregmask_dmc_lambd0p09_seed7_117237,dmc,dmc,25,10,42,cem,50,68.0,clsrecon,7,ground_truth
sigreg_dmc_lambd0p09_103709,dmc,dmc,25,1,42,cem,50,36.0,sig-128,base,ground_truth
sigreg_dmc_lambd0p09_103709,dmc,dmc,25,2,42,cem,50,72.0,sig-128,base,ground_truth
sigreg_dmc_lambd0p09_103709,dmc,dmc,25,3,42,cem,50,50.0,sig-128,base,ground_truth
sigreg_dmc_lambd0p09_103709,dmc,dmc,25,3,5501,cem,50,48.0,,,pool:heldout
sigreg_dmc_lambd0p09_103709,dmc,dmc,25,3,60601,cem,50,62.0,,,pool:heldout
sigreg_dmc_lambd0p09_103709,dmc,dmc,25,3,90210,cem,50,64.0,,,pool:heldout
sigreg_dmc_lambd0p09_103709,dmc,reacher,25,3,2027,cem,50,62.0,,,pool:heldout
sigreg_dmc_lambd0p09_103709,dmc,reacher,25,3,65537,cem,50,80.0,,,pool:heldout
sigreg_dmc_lambd0p09_103709,dmc,reacher,25,3,8191,cem,50,80.0,,,pool:heldout
sigreg_dmc_lambd0p09_103709,dmc,dmc,25,4,42,cem,50,68.0,sig-128,base,ground_truth
sigreg_dmc_lambd0p09_103709,dmc,reacher,25,4,5501,cem,50,78.0,,,pool:heldout
sigreg_dmc_lambd0p09_103709,dmc,reacher,25,4,60601,cem,50,82.0,,,pool:heldout
sigreg_dmc_lambd0p09_103709,dmc,reacher,25,4,90210,cem,50,78.0,,,pool:heldout
sigreg_dmc_lambd0p09_103709,dmc,dmc,25,5,42,cem,50,72.0,sig-128,base,ground_truth
sigreg_dmc_lambd0p09_103709,dmc,dmc,25,6,42,cem,50,60.0,sig-128,base,ground_truth
sigreg_dmc_lambd0p09_103709,dmc,reacher,25,6,5501,cem,50,58.0,,,pool:heldout
sigreg_dmc_lambd0p09_103709,dmc,reacher,25,6,60601,cem,50,74.0,,,pool:heldout
sigreg_dmc_lambd0p09_103709,dmc,reacher,25,6,90210,cem,50,64.0,,,pool:heldout
sigreg_dmc_lambd0p09_103709,dmc,dmc,25,7,42,cem,50,68.0,sig-128,base,ground_truth
sigreg_dmc_lambd0p09_103709,dmc,dmc,25,8,42,cem,50,76.0,sig-128,base,ground_truth
sigreg_dmc_lambd0p09_103709,dmc,reacher,25,8,5501,cem,50,84.0,,,pool:heldout
sigreg_dmc_lambd0p09_103709,dmc,reacher,25,8,60601,cem,50,82.0,,,pool:heldout
sigreg_dmc_lambd0p09_103709,dmc,reacher,25,8,90210,cem,50,82.0,,,pool:heldout
sigreg_dmc_lambd0p09_103709,dmc,dmc,25,9,42,cem,50,84.0,sig-128,base,ground_truth
sigreg_dmc_lambd0p09_103709,dmc,reacher,25,9,5501,cem,50,80.0,,,pool:heldout
sigreg_dmc_lambd0p09_103709,dmc,reacher,25,9,60601,cem,50,86.0,,,pool:heldout
sigreg_dmc_lambd0p09_103709,dmc,reacher,25,9,90210,cem,50,80.0,,,pool:heldout
sigreg_dmc_lambd0p09_103709,dmc,dmc,25,10,42,cem,50,76.0,sig-128,base,ground_truth
sigreg_dmc_lambd0p09_103709,dmc,reacher,25,10,5501,cem,50,84.0,,,pool:heldout
sigreg_dmc_lambd0p09_103709,dmc,reacher,25,10,60601,cem,50,76.0,,,pool:heldout
sigreg_dmc_lambd0p09_103709,dmc,reacher,25,10,90210,cem,50,86.0,,,pool:heldout
sigreg_dmc_lambd0p09_seed100_104652,dmc,dmc,25,1,42,cem,50,60.0,sig-128,100,ground_truth
sigreg_dmc_lambd0p09_seed100_104652,dmc,dmc,25,1,5501,cem,50,50.0,,,pool:heldout
sigreg_dmc_lambd0p09_seed100_104652,dmc,dmc,25,1,60601,cem,50,57.99999999999999,,,pool:heldout
sigreg_dmc_lambd0p09_seed100_104652,dmc,dmc,25,1,90210,cem,50,56.00000000000001,,,pool:heldout
sigreg_dmc_lambd0p09_seed100_104652,dmc,reacher,25,1,2027,cem,50,56.0,,,pool:heldout
sigreg_dmc_lambd0p09_seed100_104652,dmc,reacher,25,1,65537,cem,50,56.0,,,pool:heldout
sigreg_dmc_lambd0p09_seed100_104652,dmc,reacher,25,1,8191,cem,50,56.0,,,pool:heldout
sigreg_dmc_lambd0p09_seed100_104652,dmc,dmc,25,2,42,cem,50,72.0,sig-128,100,ground_truth
sigreg_dmc_lambd0p09_seed100_104652,dmc,dmc,25,3,42,cem,50,78.0,sig-128,100,ground_truth
sigreg_dmc_lambd0p09_seed100_104652,dmc,dmc,25,4,42,cem,50,66.0,sig-128,100,ground_truth
sigreg_dmc_lambd0p09_seed100_104652,dmc,dmc,25,4,5501,cem,50,70.0,,,pool:heldout
sigreg_dmc_lambd0p09_seed100_104652,dmc,dmc,25,4,60601,cem,50,76.0,,,pool:heldout
sigreg_dmc_lambd0p09_seed100_104652,dmc,dmc,25,4,90210,cem,50,86.0,,,pool:heldout
sigreg_dmc_lambd0p09_seed100_104652,dmc,reacher,25,4,2027,cem,50,68.0,,,pool:heldout
sigreg_dmc_lambd0p09_seed100_104652,dmc,reacher,25,4,65537,cem,50,80.0,,,pool:heldout
sigreg_dmc_lambd0p09_seed100_104652,dmc,reacher,25,4,8191,cem,50,82.0,,,pool:heldout
sigreg_dmc_lambd0p09_seed100_104652,dmc,dmc,25,5,42,cem,50,78.0,sig-128,100,ground_truth
sigreg_dmc_lambd0p09_seed100_104652,dmc,dmc,25,6,42,cem,50,74.0,sig-128,100,ground_truth
sigreg_dmc_lambd0p09_seed100_104652,dmc,dmc,25,7,42,cem,50,64.0,sig-128,100,ground_truth
sigreg_dmc_lambd0p09_seed100_104652,dmc,dmc,25,8,42,cem,50,68.0,sig-128,100,ground_truth
sigreg_dmc_lambd0p09_seed100_104652,dmc,dmc,25,9,42,cem,50,80.0,sig-128,100,ground_truth
sigreg_dmc_lambd0p09_seed100_104652,dmc,reacher,25,9,5501,cem,50,80.0,,,pool:heldout
sigreg_dmc_lambd0p09_seed100_104652,dmc,reacher,25,9,60601,cem,50,82.0,,,pool:heldout
sigreg_dmc_lambd0p09_seed100_104652,dmc,reacher,25,9,90210,cem,50,92.0,,,pool:heldout
sigreg_dmc_lambd0p09_seed100_104652,dmc,dmc,25,10,42,cem,50,76.0,sig-128,100,ground_truth
sigreg_dmc_lambd0p09_seed1_104646,dmc,dmc,25,1,42,cem,50,30.0,sig-128,1,ground_truth
sigreg_dmc_lambd0p09_seed1_104646,dmc,dmc,25,2,42,cem,50,50.0,sig-128,1,ground_truth
sigreg_dmc_lambd0p09_seed1_104646,dmc,dmc,25,3,42,cem,50,76.0,sig-128,1,ground_truth
sigreg_dmc_lambd0p09_seed1_104646,dmc,dmc,25,4,42,cem,50,66.0,sig-128,1,ground_truth
sigreg_dmc_lambd0p09_seed1_104646,dmc,reacher,25,4,5501,cem,50,54.0,,,pool:heldout
sigreg_dmc_lambd0p09_seed1_104646,dmc,reacher,25,4,60601,cem,50,68.0,,,pool:heldout
sigreg_dmc_lambd0p09_seed1_104646,dmc,reacher,25,4,90210,cem,50,66.0,,,pool:heldout
sigreg_dmc_lambd0p09_seed1_104646,dmc,dmc,25,5,42,cem,50,70.0,sig-128,1,ground_truth
sigreg_dmc_lambd0p09_seed1_104646,dmc,dmc,25,6,42,cem,50,70.0,sig-128,1,ground_truth
sigreg_dmc_lambd0p09_seed1_104646,dmc,reacher,25,6,2027,cem,50,78.0,,,pool:heldout
sigreg_dmc_lambd0p09_seed1_104646,dmc,reacher,25,6,5501,cem,50,84.0,,,pool:heldout
sigreg_dmc_lambd0p09_seed1_104646,dmc,reacher,25,6,60601,cem,50,82.0,,,pool:heldout
sigreg_dmc_lambd0p09_seed1_104646,dmc,reacher,25,6,65537,cem,50,78.0,,,pool:heldout
sigreg_dmc_lambd0p09_seed1_104646,dmc,reacher,25,6,8191,cem,50,74.0,,,pool:heldout
sigreg_dmc_lambd0p09_seed1_104646,dmc,reacher,25,6,90210,cem,50,86.0,,,pool:heldout
sigreg_dmc_lambd0p09_seed1_104646,dmc,dmc,25,7,42,cem,50,76.0,sig-128,1,ground_truth
sigreg_dmc_lambd0p09_seed1_104646,dmc,dmc,25,8,42,cem,50,82.0,sig-128,1,ground_truth
sigreg_dmc_lambd0p09_seed1_104646,dmc,reacher,25,8,5501,cem,50,72.0,,,pool:heldout
sigreg_dmc_lambd0p09_seed1_104646,dmc,reacher,25,8,60601,cem,50,90.0,,,pool:heldout
sigreg_dmc_lambd0p09_seed1_104646,dmc,reacher,25,8,90210,cem,50,92.0,,,pool:heldout
sigreg_dmc_lambd0p09_seed1_104646,dmc,dmc,25,9,42,cem,50,80.0,sig-128,1,ground_truth
sigreg_dmc_lambd0p09_seed1_104646,dmc,reacher,25,9,5501,cem,50,80.0,,,pool:heldout
sigreg_dmc_lambd0p09_seed1_104646,dmc,reacher,25,9,60601,cem,50,90.0,,,pool:heldout
sigreg_dmc_lambd0p09_seed1_104646,dmc,reacher,25,9,90210,cem,50,90.0,,,pool:heldout
sigreg_dmc_lambd0p09_seed1_104646,dmc,dmc,25,10,42,cem,50,72.0,sig-128,1,ground_truth
sigreg_dmc_lambd0p09_seed1_104646,dmc,reacher,25,10,5501,cem,50,80.0,,,pool:heldout
sigreg_dmc_lambd0p09_seed1_104646,dmc,reacher,25,10,60601,cem,50,80.0,,,pool:heldout
sigreg_dmc_lambd0p09_seed1_104646,dmc,reacher,25,10,90210,cem,50,88.0,,,pool:heldout
sigreg_dmc_lambd0p09_seed42_104648,dmc,dmc,25,1,42,cem,50,40.0,sig-128,42,ground_truth
sigreg_dmc_lambd0p09_seed42_104648,dmc,dmc,25,2,42,cem,50,44.0,sig-128,42,ground_truth
sigreg_dmc_lambd0p09_seed42_104648,dmc,dmc,25,2,5501,cem,50,40.0,,,pool:heldout
sigreg_dmc_lambd0p09_seed42_104648,dmc,dmc,25,2,60601,cem,50,48.0,,,pool:heldout
sigreg_dmc_lambd0p09_seed42_104648,dmc,dmc,25,2,90210,cem,50,40.0,,,pool:heldout
sigreg_dmc_lambd0p09_seed42_104648,dmc,reacher,25,2,2027,cem,50,44.0,,,pool:heldout
sigreg_dmc_lambd0p09_seed42_104648,dmc,reacher,25,2,65537,cem,50,50.0,,,pool:heldout
sigreg_dmc_lambd0p09_seed42_104648,dmc,reacher,25,2,8191,cem,50,44.0,,,pool:heldout
sigreg_dmc_lambd0p09_seed42_104648,dmc,dmc,25,3,42,cem,50,74.0,sig-128,42,ground_truth
sigreg_dmc_lambd0p09_seed42_104648,dmc,dmc,25,4,42,cem,50,66.0,sig-128,42,ground_truth
sigreg_dmc_lambd0p09_seed42_104648,dmc,reacher,25,4,5501,cem,50,54.0,,,pool:heldout
sigreg_dmc_lambd0p09_seed42_104648,dmc,reacher,25,4,60601,cem,50,68.0,,,pool:heldout
sigreg_dmc_lambd0p09_seed42_104648,dmc,reacher,25,4,90210,cem,50,72.0,,,pool:heldout
sigreg_dmc_lambd0p09_seed42_104648,dmc,dmc,25,5,42,cem,50,76.0,sig-128,42,ground_truth
sigreg_dmc_lambd0p09_seed42_104648,dmc,dmc,25,6,42,cem,50,62.0,sig-128,42,ground_truth
sigreg_dmc_lambd0p09_seed42_104648,dmc,reacher,25,6,5501,cem,50,68.0,,,pool:heldout
sigreg_dmc_lambd0p09_seed42_104648,dmc,reacher,25,6,60601,cem,50,80.0,,,pool:heldout
sigreg_dmc_lambd0p09_seed42_104648,dmc,reacher,25,6,90210,cem,50,76.0,,,pool:heldout
sigreg_dmc_lambd0p09_seed42_104648,dmc,dmc,25,7,42,cem,50,78.0,sig-128,42,ground_truth
sigreg_dmc_lambd0p09_seed42_104648,dmc,reacher,25,7,5501,cem,50,74.0,,,pool:heldout
sigreg_dmc_lambd0p09_seed42_104648,dmc,reacher,25,7,60601,cem,50,84.0,,,pool:heldout
sigreg_dmc_lambd0p09_seed42_104648,dmc,reacher,25,7,90210,cem,50,86.0,,,pool:heldout
sigreg_dmc_lambd0p09_seed42_104648,dmc,dmc,25,8,42,cem,50,74.0,sig-128,42,ground_truth
sigreg_dmc_lambd0p09_seed42_104648,dmc,reacher,25,8,5501,cem,50,74.0,,,pool:heldout
sigreg_dmc_lambd0p09_seed42_104648,dmc,reacher,25,8,60601,cem,50,78.0,,,pool:heldout
sigreg_dmc_lambd0p09_seed42_104648,dmc,reacher,25,8,90210,cem,50,88.0,,,pool:heldout
sigreg_dmc_lambd0p09_seed42_104648,dmc,dmc,25,9,42,cem,50,66.0,sig-128,42,ground_truth
sigreg_dmc_lambd0p09_seed42_104648,dmc,reacher,25,9,5501,cem,50,80.0,,,pool:heldout
sigreg_dmc_lambd0p09_seed42_104648,dmc,reacher,25,9,60601,cem,50,76.0,,,pool:heldout
sigreg_dmc_lambd0p09_seed42_104648,dmc,reacher,25,9,90210,cem,50,78.0,,,pool:heldout
sigreg_dmc_lambd0p09_seed42_104648,dmc,dmc,25,10,42,cem,50,70.0,sig-128,42,ground_truth
sigreg_dmc_lambd0p09_seed42_104648,dmc,reacher,25,10,5501,cem,50,76.0,,,pool:heldout
sigreg_dmc_lambd0p09_seed42_104648,dmc,reacher,25,10,60601,cem,50,78.0,,,pool:heldout
sigreg_dmc_lambd0p09_seed42_104648,dmc,reacher,25,10,90210,cem,50,86.0,,,pool:heldout
sigreg_dmc_lambd0p09_seed7_104650,dmc,dmc,25,1,42,cem,50,44.0,sig-128,7,ground_truth
sigreg_dmc_lambd0p09_seed7_104650,dmc,dmc,25,1,5501,cem,50,57.99999999999999,,,pool:heldout
sigreg_dmc_lambd0p09_seed7_104650,dmc,dmc,25,1,60601,cem,50,60.0,,,pool:heldout
sigreg_dmc_lambd0p09_seed7_104650,dmc,dmc,25,1,90210,cem,50,56.00000000000001,,,pool:heldout
sigreg_dmc_lambd0p09_seed7_104650,dmc,reacher,25,1,2027,cem,50,62.0,,,pool:heldout
sigreg_dmc_lambd0p09_seed7_104650,dmc,reacher,25,1,65537,cem,50,68.0,,,pool:heldout
sigreg_dmc_lambd0p09_seed7_104650,dmc,reacher,25,1,8191,cem,50,66.0,,,pool:heldout
sigreg_dmc_lambd0p09_seed7_104650,dmc,dmc,25,2,42,cem,50,52.0,sig-128,7,ground_truth
sigreg_dmc_lambd0p09_seed7_104650,dmc,dmc,25,3,42,cem,50,64.0,sig-128,7,ground_truth
sigreg_dmc_lambd0p09_seed7_104650,dmc,dmc,25,4,42,cem,50,74.0,sig-128,7,ground_truth
sigreg_dmc_lambd0p09_seed7_104650,dmc,dmc,25,5,42,cem,50,80.0,sig-128,7,ground_truth
sigreg_dmc_lambd0p09_seed7_104650,dmc,dmc,25,6,42,cem,50,57.99999999999999,sig-128,7,ground_truth
sigreg_dmc_lambd0p09_seed7_104650,dmc,dmc,25,7,42,cem,50,68.0,sig-128,7,ground_truth
sigreg_dmc_lambd0p09_seed7_104650,dmc,dmc,25,8,42,cem,50,84.0,sig-128,7,ground_truth
sigreg_dmc_lambd0p09_seed7_104650,dmc,reacher,25,8,2027,cem,50,82.0,,,pool:heldout
sigreg_dmc_lambd0p09_seed7_104650,dmc,reacher,25,8,5501,cem,50,78.0,,,pool:heldout
sigreg_dmc_lambd0p09_seed7_104650,dmc,reacher,25,8,60601,cem,50,74.0,,,pool:heldout
sigreg_dmc_lambd0p09_seed7_104650,dmc,reacher,25,8,65537,cem,50,82.0,,,pool:heldout
sigreg_dmc_lambd0p09_seed7_104650,dmc,reacher,25,8,8191,cem,50,88.0,,,pool:heldout
sigreg_dmc_lambd0p09_seed7_104650,dmc,reacher,25,8,90210,cem,50,84.0,,,pool:heldout
sigreg_dmc_lambd0p09_seed7_104650,dmc,dmc,25,9,42,cem,50,72.0,sig-128,7,ground_truth
sigreg_dmc_lambd0p09_seed7_104650,dmc,dmc,25,10,42,cem,50,76.0,sig-128,7,ground_truth
visreg_dmc_lambd4p5_102705,dmc,dmc,25,1,42,cem,50,32.0,vis-bs128,base,ground_truth
visreg_dmc_lambd4p5_102705,dmc,dmc,25,2,42,cem,50,62.0,vis-bs128,base,ground_truth
visreg_dmc_lambd4p5_102705,dmc,dmc,25,3,42,cem,50,56.00000000000001,vis-bs128,base,ground_truth
visreg_dmc_lambd4p5_102705,dmc,dmc,25,4,42,cem,50,78.0,vis-bs128,base,ground_truth
visreg_dmc_lambd4p5_102705,dmc,reacher,25,4,5501,cem,50,68.0,,,pool:heldout
visreg_dmc_lambd4p5_102705,dmc,reacher,25,4,60601,cem,50,68.0,,,pool:heldout
visreg_dmc_lambd4p5_102705,dmc,reacher,25,4,90210,cem,50,64.0,,,pool:heldout
visreg_dmc_lambd4p5_102705,dmc,dmc,25,5,42,cem,50,60.0,vis-bs128,base,ground_truth
visreg_dmc_lambd4p5_102705,dmc,dmc,25,6,42,cem,50,62.0,vis-bs128,base,ground_truth
visreg_dmc_lambd4p5_102705,dmc,reacher,25,6,5501,cem,50,68.0,,,pool:heldout
visreg_dmc_lambd4p5_102705,dmc,reacher,25,6,60601,cem,50,70.0,,,pool:heldout
visreg_dmc_lambd4p5_102705,dmc,reacher,25,6,90210,cem,50,78.0,,,pool:heldout
visreg_dmc_lambd4p5_102705,dmc,dmc,25,7,42,cem,50,64.0,vis-bs128,base,ground_truth
visreg_dmc_lambd4p5_102705,dmc,dmc,25,8,42,cem,50,70.0,vis-bs128,base,ground_truth
visreg_dmc_lambd4p5_102705,dmc,reacher,25,8,2027,cem,50,84.0,,,pool:heldout
visreg_dmc_lambd4p5_102705,dmc,reacher,25,8,5501,cem,50,78.0,,,pool:heldout
visreg_dmc_lambd4p5_102705,dmc,reacher,25,8,60601,cem,50,76.0,,,pool:heldout
visreg_dmc_lambd4p5_102705,dmc,reacher,25,8,65537,cem,50,76.0,,,pool:heldout
visreg_dmc_lambd4p5_102705,dmc,reacher,25,8,8191,cem,50,90.0,,,pool:heldout
visreg_dmc_lambd4p5_102705,dmc,reacher,25,8,90210,cem,50,80.0,,,pool:heldout
visreg_dmc_lambd4p5_102705,dmc,dmc,25,9,42,cem,50,76.0,vis-bs128,base,ground_truth
visreg_dmc_lambd4p5_102705,dmc,reacher,25,9,5501,cem,50,70.0,,,pool:heldout
visreg_dmc_lambd4p5_102705,dmc,reacher,25,9,60601,cem,50,80.0,,,pool:heldout
visreg_dmc_lambd4p5_102705,dmc,reacher,25,9,90210,cem,50,78.0,,,pool:heldout
visreg_dmc_lambd4p5_102705,dmc,dmc,25,10,42,cem,50,74.0,vis-bs128,base,ground_truth
visreg_dmc_lambd4p5_102705,dmc,reacher,25,10,5501,cem,50,76.0,,,pool:heldout
visreg_dmc_lambd4p5_102705,dmc,reacher,25,10,60601,cem,50,86.0,,,pool:heldout
visreg_dmc_lambd4p5_102705,dmc,reacher,25,10,90210,cem,50,82.0,,,pool:heldout
visreg_dmc_lambd4p5_104380,dmc,dmc,25,1,42,cem,50,26.0,vis-bs128,base,ground_truth
visreg_dmc_lambd4p5_104380,dmc,dmc,25,1,5501,cem,50,30.0,,,pool:heldout
visreg_dmc_lambd4p5_104380,dmc,dmc,25,1,60601,cem,50,24.0,,,pool:heldout
visreg_dmc_lambd4p5_104380,dmc,dmc,25,1,90210,cem,50,30.0,,,pool:heldout
visreg_dmc_lambd4p5_104380,dmc,reacher,25,1,2027,cem,50,32.0,,,pool:heldout
visreg_dmc_lambd4p5_104380,dmc,reacher,25,1,65537,cem,50,32.0,,,pool:heldout
visreg_dmc_lambd4p5_104380,dmc,reacher,25,1,8191,cem,50,32.0,,,pool:heldout
visreg_dmc_lambd4p5_104380,dmc,dmc,25,2,42,cem,50,60.0,vis-bs128,base,ground_truth
visreg_dmc_lambd4p5_104380,dmc,dmc,25,3,42,cem,50,66.0,vis-bs128,base,ground_truth
visreg_dmc_lambd4p5_104380,dmc,dmc,25,4,42,cem,50,60.0,vis-bs128,base,ground_truth
visreg_dmc_lambd4p5_104380,dmc,dmc,25,5,42,cem,50,74.0,vis-bs128,base,ground_truth
visreg_dmc_lambd4p5_104380,dmc,dmc,25,6,42,cem,50,78.0,vis-bs128,base,ground_truth
visreg_dmc_lambd4p5_104380,dmc,dmc,25,7,42,cem,50,68.0,vis-bs128,base,ground_truth
visreg_dmc_lambd4p5_104380,dmc,dmc,25,8,42,cem,50,78.0,vis-bs128,base,ground_truth
visreg_dmc_lambd4p5_104380,dmc,dmc,25,9,42,cem,50,66.0,vis-bs128,base,ground_truth
visreg_dmc_lambd4p5_104380,dmc,dmc,25,10,42,cem,50,68.0,vis-bs128,base,ground_truth
visreg_dmc_lambd4p5_c0p5_s0p5_h2p0_103329,dmc,dmc,25,1,42,cem,50,12.0,vis-bs128,base,ground_truth
visreg_dmc_lambd4p5_c0p5_s0p5_h2p0_103329,dmc,dmc,25,2,42,cem,50,6.0,vis-bs128,base,ground_truth
visreg_dmc_lambd4p5_c0p5_s0p5_h2p0_103329,dmc,dmc,25,3,42,cem,50,8.0,vis-bs128,base,ground_truth
visreg_dmc_lambd4p5_c0p5_s0p5_h2p0_103329,dmc,dmc,25,4,42,cem,50,12.0,vis-bs128,base,ground_truth
visreg_dmc_lambd4p5_c0p5_s0p5_h2p0_103329,dmc,reacher,25,4,2027,cem,50,14.0,,,pool:heldout
visreg_dmc_lambd4p5_c0p5_s0p5_h2p0_103329,dmc,reacher,25,4,65537,cem,50,10.0,,,pool:heldout
visreg_dmc_lambd4p5_c0p5_s0p5_h2p0_103329,dmc,reacher,25,4,8191,cem,50,20.0,,,pool:heldout
visreg_dmc_lambd4p5_c0p5_s0p5_h2p0_103329,dmc,dmc,25,5,42,cem,50,8.0,vis-bs128,base,ground_truth
visreg_dmc_lambd4p5_c0p5_s0p5_h2p0_103329,dmc,reacher,25,5,2027,cem,50,14.0,,,pool:heldout
visreg_dmc_lambd4p5_c0p5_s0p5_h2p0_103329,dmc,reacher,25,5,65537,cem,50,6.0,,,pool:heldout
visreg_dmc_lambd4p5_c0p5_s0p5_h2p0_103329,dmc,reacher,25,5,8191,cem,50,14.0,,,pool:heldout
visreg_dmc_lambd4p5_c0p5_s0p5_h2p0_103329,dmc,dmc,25,6,42,cem,50,8.0,vis-bs128,base,ground_truth
visreg_dmc_lambd4p5_c0p5_s0p5_h2p0_103329,dmc,dmc,25,7,42,cem,50,8.0,vis-bs128,base,ground_truth
visreg_dmc_lambd4p5_c0p5_s0p5_h2p0_103329,dmc,dmc,25,8,42,cem,50,12.0,vis-bs128,base,ground_truth
visreg_dmc_lambd4p5_c0p5_s0p5_h2p0_103329,dmc,dmc,25,9,42,cem,50,8.0,vis-bs128,base,ground_truth
visreg_dmc_lambd4p5_c0p5_s0p5_h2p0_103329,dmc,dmc,25,10,42,cem,50,10.0,vis-bs128,base,ground_truth
visreg_dmc_lambd4p5_c0p5_s0p5_h2p0_103329,dmc,reacher,25,10,2027,cem,50,8.0,,,pool:heldout
visreg_dmc_lambd4p5_c0p5_s0p5_h2p0_103329,dmc,reacher,25,10,65537,cem,50,8.0,,,pool:heldout
visreg_dmc_lambd4p5_c0p5_s0p5_h2p0_103329,dmc,reacher,25,10,8191,cem,50,22.0,,,pool:heldout
visreg_dmc_lambd4p5_c0p5_s2p0_h0p5_103328,dmc,dmc,25,1,42,cem,50,44.0,vis-bs128,base,ground_truth
visreg_dmc_lambd4p5_c0p5_s2p0_h0p5_103328,dmc,dmc,25,2,42,cem,50,64.0,vis-bs128,base,ground_truth
visreg_dmc_lambd4p5_c0p5_s2p0_h0p5_103328,dmc,dmc,25,3,42,cem,50,57.99999999999999,vis-bs128,base,ground_truth
visreg_dmc_lambd4p5_c0p5_s2p0_h0p5_103328,dmc,dmc,25,4,42,cem,50,66.0,vis-bs128,base,ground_truth
visreg_dmc_lambd4p5_c0p5_s2p0_h0p5_103328,dmc,dmc,25,5,42,cem,50,66.0,vis-bs128,base,ground_truth
visreg_dmc_lambd4p5_c0p5_s2p0_h0p5_103328,dmc,dmc,25,6,42,cem,50,62.0,vis-bs128,base,ground_truth
visreg_dmc_lambd4p5_c0p5_s2p0_h0p5_103328,dmc,dmc,25,7,42,cem,50,68.0,vis-bs128,base,ground_truth
visreg_dmc_lambd4p5_c0p5_s2p0_h0p5_103328,dmc,dmc,25,8,42,cem,50,60.0,vis-bs128,base,ground_truth
visreg_dmc_lambd4p5_c0p5_s2p0_h0p5_103328,dmc,dmc,25,9,42,cem,50,66.0,vis-bs128,base,ground_truth
visreg_dmc_lambd4p5_c0p5_s2p0_h0p5_103328,dmc,dmc,25,10,42,cem,50,74.0,vis-bs128,base,ground_truth
visreg_dmc_lambd4p5_c1p5_s1p5_h0p0_103330,dmc,dmc,25,1,42,cem,50,16.0,vis-bs128,base,ground_truth
visreg_dmc_lambd4p5_c1p5_s1p5_h0p0_103330,dmc,dmc,25,1,5501,cem,50,22.0,,,pool:heldout
visreg_dmc_lambd4p5_c1p5_s1p5_h0p0_103330,dmc,dmc,25,1,60601,cem,50,26.0,,,pool:heldout
visreg_dmc_lambd4p5_c1p5_s1p5_h0p0_103330,dmc,dmc,25,1,90210,cem,50,24.0,,,pool:heldout
visreg_dmc_lambd4p5_c1p5_s1p5_h0p0_103330,dmc,reacher,25,1,2027,cem,50,26.0,,,pool:heldout
visreg_dmc_lambd4p5_c1p5_s1p5_h0p0_103330,dmc,reacher,25,1,65537,cem,50,18.0,,,pool:heldout
visreg_dmc_lambd4p5_c1p5_s1p5_h0p0_103330,dmc,reacher,25,1,8191,cem,50,18.0,,,pool:heldout
visreg_dmc_lambd4p5_c1p5_s1p5_h0p0_103330,dmc,dmc,25,2,42,cem,50,20.0,vis-bs128,base,ground_truth
visreg_dmc_lambd4p5_c1p5_s1p5_h0p0_103330,dmc,dmc,25,3,42,cem,50,20.0,vis-bs128,base,ground_truth
visreg_dmc_lambd4p5_c1p5_s1p5_h0p0_103330,dmc,dmc,25,4,42,cem,50,22.0,vis-bs128,base,ground_truth
visreg_dmc_lambd4p5_c1p5_s1p5_h0p0_103330,dmc,dmc,25,4,5501,cem,50,18.0,,,pool:heldout
visreg_dmc_lambd4p5_c1p5_s1p5_h0p0_103330,dmc,dmc,25,4,60601,cem,50,18.0,,,pool:heldout
visreg_dmc_lambd4p5_c1p5_s1p5_h0p0_103330,dmc,dmc,25,4,90210,cem,50,26.0,,,pool:heldout
visreg_dmc_lambd4p5_c1p5_s1p5_h0p0_103330,dmc,reacher,25,4,2027,cem,50,28.0,,,pool:heldout
visreg_dmc_lambd4p5_c1p5_s1p5_h0p0_103330,dmc,reacher,25,4,65537,cem,50,22.0,,,pool:heldout
visreg_dmc_lambd4p5_c1p5_s1p5_h0p0_103330,dmc,reacher,25,4,8191,cem,50,28.0,,,pool:heldout
visreg_dmc_lambd4p5_c1p5_s1p5_h0p0_103330,dmc,dmc,25,5,42,cem,50,12.0,vis-bs128,base,ground_truth
visreg_dmc_lambd4p5_c1p5_s1p5_h0p0_103330,dmc,dmc,25,5,5501,cem,50,24.0,,,pool:heldout
visreg_dmc_lambd4p5_c1p5_s1p5_h0p0_103330,dmc,dmc,25,5,60601,cem,50,18.0,,,pool:heldout
visreg_dmc_lambd4p5_c1p5_s1p5_h0p0_103330,dmc,dmc,25,5,90210,cem,50,26.0,,,pool:heldout
visreg_dmc_lambd4p5_c1p5_s1p5_h0p0_103330,dmc,reacher,25,5,2027,cem,50,24.0,,,pool:heldout
visreg_dmc_lambd4p5_c1p5_s1p5_h0p0_103330,dmc,reacher,25,5,65537,cem,50,12.0,,,pool:heldout
visreg_dmc_lambd4p5_c1p5_s1p5_h0p0_103330,dmc,reacher,25,5,8191,cem,50,32.0,,,pool:heldout
visreg_dmc_lambd4p5_c1p5_s1p5_h0p0_103330,dmc,dmc,25,6,42,cem,50,22.0,vis-bs128,base,ground_truth
visreg_dmc_lambd4p5_c1p5_s1p5_h0p0_103330,dmc,dmc,25,7,42,cem,50,18.0,vis-bs128,base,ground_truth
visreg_dmc_lambd4p5_c1p5_s1p5_h0p0_103330,dmc,dmc,25,8,42,cem,50,22.0,vis-bs128,base,ground_truth
visreg_dmc_lambd4p5_c1p5_s1p5_h0p0_103330,dmc,dmc,25,8,5501,cem,50,24.0,,,pool:heldout
visreg_dmc_lambd4p5_c1p5_s1p5_h0p0_103330,dmc,dmc,25,8,60601,cem,50,20.0,,,pool:heldout
visreg_dmc_lambd4p5_c1p5_s1p5_h0p0_103330,dmc,dmc,25,8,90210,cem,50,36.0,,,pool:heldout
visreg_dmc_lambd4p5_c1p5_s1p5_h0p0_103330,dmc,reacher,25,8,2027,cem,50,30.0,,,pool:heldout
visreg_dmc_lambd4p5_c1p5_s1p5_h0p0_103330,dmc,reacher,25,8,65537,cem,50,22.0,,,pool:heldout
visreg_dmc_lambd4p5_c1p5_s1p5_h0p0_103330,dmc,reacher,25,8,8191,cem,50,24.0,,,pool:heldout
visreg_dmc_lambd4p5_c1p5_s1p5_h0p0_103330,dmc,dmc,25,9,42,cem,50,18.0,vis-bs128,base,ground_truth
visreg_dmc_lambd4p5_c1p5_s1p5_h0p0_103330,dmc,dmc,25,10,42,cem,50,24.0,vis-bs128,base,ground_truth
visreg_dmc_lambd4p5_c2p0_s0p5_h0p5_103327,dmc,dmc,25,1,42,cem,50,20.0,vis-bs128,base,ground_truth
visreg_dmc_lambd4p5_c2p0_s0p5_h0p5_103327,dmc,dmc,25,2,42,cem,50,57.99999999999999,vis-bs128,base,ground_truth
visreg_dmc_lambd4p5_c2p0_s0p5_h0p5_103327,dmc,dmc,25,3,42,cem,50,32.0,vis-bs128,base,ground_truth
visreg_dmc_lambd4p5_c2p0_s0p5_h0p5_103327,dmc,dmc,25,4,42,cem,50,68.0,vis-bs128,base,ground_truth
visreg_dmc_lambd4p5_c2p0_s0p5_h0p5_103327,dmc,dmc,25,5,42,cem,50,68.0,vis-bs128,base,ground_truth
visreg_dmc_lambd4p5_c2p0_s0p5_h0p5_103327,dmc,dmc,25,6,42,cem,50,70.0,vis-bs128,base,ground_truth
visreg_dmc_lambd4p5_c2p0_s0p5_h0p5_103327,dmc,dmc,25,7,42,cem,50,62.0,vis-bs128,base,ground_truth
visreg_dmc_lambd4p5_c2p0_s0p5_h0p5_103327,dmc,dmc,25,8,42,cem,50,78.0,vis-bs128,base,ground_truth
visreg_dmc_lambd4p5_c2p0_s0p5_h0p5_103327,dmc,dmc,25,8,5501,cem,50,78.0,,,pool:heldout
visreg_dmc_lambd4p5_c2p0_s0p5_h0p5_103327,dmc,dmc,25,8,60601,cem,50,84.0,,,pool:heldout
visreg_dmc_lambd4p5_c2p0_s0p5_h0p5_103327,dmc,dmc,25,8,90210,cem,50,82.0,,,pool:heldout
visreg_dmc_lambd4p5_c2p0_s0p5_h0p5_103327,dmc,reacher,25,8,2027,cem,50,78.0,,,pool:heldout
visreg_dmc_lambd4p5_c2p0_s0p5_h0p5_103327,dmc,reacher,25,8,65537,cem,50,78.0,,,pool:heldout
visreg_dmc_lambd4p5_c2p0_s0p5_h0p5_103327,dmc,reacher,25,8,8191,cem,50,84.0,,,pool:heldout
visreg_dmc_lambd4p5_c2p0_s0p5_h0p5_103327,dmc,dmc,25,9,42,cem,50,68.0,vis-bs128,base,ground_truth
visreg_dmc_lambd4p5_c2p0_s0p5_h0p5_103327,dmc,dmc,25,10,42,cem,50,68.0,vis-bs128,base,ground_truth
visreg_dmc_lambd4p5_lr1e-4_103032,dmc,dmc,25,1,42,cem,50,40.0,vis-bs128,base,ground_truth
visreg_dmc_lambd4p5_lr1e-4_103032,dmc,dmc,25,2,42,cem,50,70.0,vis-bs128,base,ground_truth
visreg_dmc_lambd4p5_lr1e-4_103032,dmc,dmc,25,3,42,cem,50,60.0,vis-bs128,base,ground_truth
visreg_dmc_lambd4p5_lr1e-4_103032,dmc,dmc,25,4,42,cem,50,62.0,vis-bs128,base,ground_truth
visreg_dmc_lambd4p5_lr1e-4_103032,dmc,dmc,25,5,42,cem,50,64.0,vis-bs128,base,ground_truth
visreg_dmc_lambd4p5_lr1e-4_103032,dmc,dmc,25,6,42,cem,50,78.0,vis-bs128,base,ground_truth
visreg_dmc_lambd4p5_lr1e-4_103032,dmc,dmc,25,7,42,cem,50,66.0,vis-bs128,base,ground_truth
visreg_dmc_lambd4p5_lr1e-4_103032,dmc,dmc,25,8,42,cem,50,66.0,vis-bs128,base,ground_truth
visreg_dmc_lambd4p5_lr1e-4_103032,dmc,dmc,25,9,42,cem,50,74.0,vis-bs128,base,ground_truth
visreg_dmc_lambd4p5_lr1e-4_103032,dmc,dmc,25,10,42,cem,50,62.0,vis-bs128,base,ground_truth
visreg_dmc_lambd4p5_lr1e-4_seed403_150688,dmc,dmc,25,1,42,cem,50,32.0,vis-bs128,403,ground_truth
visreg_dmc_lambd4p5_lr1e-4_seed403_150688,dmc,dmc,25,2,42,cem,50,78.0,vis-bs128,403,ground_truth
visreg_dmc_lambd4p5_lr1e-4_seed403_150688,dmc,dmc,25,3,42,cem,50,64.0,vis-bs128,403,ground_truth
visreg_dmc_lambd4p5_lr1e-4_seed403_150688,dmc,dmc,25,4,42,cem,50,76.0,vis-bs128,403,ground_truth
visreg_dmc_lambd4p5_lr1e-4_seed403_150688,dmc,dmc,25,5,0,cem,50,86.0,vis-bs128,403,ground_truth
visreg_dmc_lambd4p5_lr1e-4_seed403_150688,dmc,dmc,25,5,1025,cem,50,80.0,vis-bs128,403,ground_truth
visreg_dmc_lambd4p5_lr1e-4_seed403_150688,dmc,dmc,25,5,123,cem,50,72.0,vis-bs128,403,ground_truth
visreg_dmc_lambd4p5_lr1e-4_seed403_150688,dmc,dmc,25,5,2024,cem,50,84.0,vis-bs128,403,ground_truth
visreg_dmc_lambd4p5_lr1e-4_seed403_150688,dmc,dmc,25,5,3014,cem,50,90.0,vis-bs128,403,ground_truth
visreg_dmc_lambd4p5_lr1e-4_seed403_150688,dmc,dmc,25,5,42,cem,50,80.0,vis-bs128,403,ground_truth
visreg_dmc_lambd4p5_lr1e-4_seed403_150688,dmc,dmc,25,5,5501,cem,50,84.0,,,pool:heldout
visreg_dmc_lambd4p5_lr1e-4_seed403_150688,dmc,dmc,25,5,5976,cem,50,82.0,vis-bs128,403,ground_truth
visreg_dmc_lambd4p5_lr1e-4_seed403_150688,dmc,dmc,25,5,60601,cem,50,80.0,,,pool:heldout
visreg_dmc_lambd4p5_lr1e-4_seed403_150688,dmc,dmc,25,5,90210,cem,50,94.0,,,pool:heldout
visreg_dmc_lambd4p5_lr1e-4_seed403_150688,dmc,reacher,25,5,2027,cem,50,82.0,,,pool:heldout
visreg_dmc_lambd4p5_lr1e-4_seed403_150688,dmc,reacher,25,5,65537,cem,50,80.0,,,pool:heldout
visreg_dmc_lambd4p5_lr1e-4_seed403_150688,dmc,reacher,25,5,8191,cem,50,90.0,,,pool:heldout
visreg_dmc_lambd4p5_lr1e-4_seed403_150688,dmc,dmc,25,6,42,cem,50,68.0,vis-bs128,403,ground_truth
visreg_dmc_lambd4p5_lr1e-4_seed403_150688,dmc,dmc,25,7,42,cem,50,64.0,vis-bs128,403,ground_truth
visreg_dmc_lambd4p5_lr1e-4_seed403_150688,dmc,dmc,25,8,42,cem,50,72.0,vis-bs128,403,ground_truth
visreg_dmc_lambd4p5_lr1e-4_seed403_150688,dmc,dmc,25,9,42,cem,50,74.0,vis-bs128,403,ground_truth
visreg_dmc_lambd4p5_lr1e-4_seed403_150688,dmc,dmc,25,10,42,cem,50,66.0,vis-bs128,403,ground_truth
visreg_dmc_lambd4p5_lr1e-4_seed46_150689,dmc,dmc,25,1,42,cem,50,54.0,vis-bs128,46,ground_truth
visreg_dmc_lambd4p5_lr1e-4_seed46_150689,dmc,dmc,25,2,42,cem,50,36.0,vis-bs128,46,ground_truth
visreg_dmc_lambd4p5_lr1e-4_seed46_150689,dmc,dmc,25,3,42,cem,50,62.0,vis-bs128,46,ground_truth
visreg_dmc_lambd4p5_lr1e-4_seed46_150689,dmc,dmc,25,4,42,cem,50,54.0,vis-bs128,46,ground_truth
visreg_dmc_lambd4p5_lr1e-4_seed46_150689,dmc,dmc,25,5,42,cem,50,64.0,vis-bs128,46,ground_truth
visreg_dmc_lambd4p5_lr1e-4_seed46_150689,dmc,dmc,25,6,42,cem,50,70.0,vis-bs128,46,ground_truth
visreg_dmc_lambd4p5_lr1e-4_seed46_150689,dmc,dmc,25,7,0,cem,50,84.0,vis-bs128,46,ground_truth
visreg_dmc_lambd4p5_lr1e-4_seed46_150689,dmc,dmc,25,7,123,cem,50,80.0,vis-bs128,46,ground_truth
visreg_dmc_lambd4p5_lr1e-4_seed46_150689,dmc,dmc,25,7,2024,cem,50,76.0,vis-bs128,46,ground_truth
visreg_dmc_lambd4p5_lr1e-4_seed46_150689,dmc,dmc,25,7,42,cem,50,72.0,vis-bs128,46,ground_truth
visreg_dmc_lambd4p5_lr1e-4_seed46_150689,dmc,dmc,25,8,42,cem,50,72.0,vis-bs128,46,ground_truth
visreg_dmc_lambd4p5_lr1e-4_seed46_150689,dmc,dmc,25,9,42,cem,50,72.0,vis-bs128,46,ground_truth
visreg_dmc_lambd4p5_lr1e-4_seed46_150689,dmc,dmc,25,9,5501,cem,50,80.0,,,pool:heldout
visreg_dmc_lambd4p5_lr1e-4_seed46_150689,dmc,dmc,25,9,60601,cem,50,80.0,,,pool:heldout
visreg_dmc_lambd4p5_lr1e-4_seed46_150689,dmc,dmc,25,9,90210,cem,50,90.0,,,pool:heldout
visreg_dmc_lambd4p5_lr1e-4_seed46_150689,dmc,reacher,25,9,2027,cem,50,74.0,,,pool:heldout
visreg_dmc_lambd4p5_lr1e-4_seed46_150689,dmc,reacher,25,9,65537,cem,50,84.0,,,pool:heldout
visreg_dmc_lambd4p5_lr1e-4_seed46_150689,dmc,reacher,25,9,8191,cem,50,94.0,,,pool:heldout
visreg_dmc_lambd4p5_lr1e-4_seed46_150689,dmc,dmc,25,10,1025,cem,50,82.0,vis-bs128,46,ground_truth
visreg_dmc_lambd4p5_lr1e-4_seed46_150689,dmc,dmc,25,10,3014,cem,50,84.0,vis-bs128,46,ground_truth
visreg_dmc_lambd4p5_lr1e-4_seed46_150689,dmc,dmc,25,10,42,cem,50,72.0,vis-bs128,46,ground_truth
visreg_dmc_lambd4p5_lr1e-4_seed46_150689,dmc,dmc,25,10,5976,cem,50,82.0,vis-bs128,46,ground_truth
visreg_dmc_lambd4p5_lr1e-4_seed729_150687,dmc,dmc,25,1,42,cem,50,52.0,vis-bs128,729,ground_truth
visreg_dmc_lambd4p5_lr1e-4_seed729_150687,dmc,dmc,25,2,42,cem,50,74.0,vis-bs128,729,ground_truth
visreg_dmc_lambd4p5_lr1e-4_seed729_150687,dmc,dmc,25,3,42,cem,50,60.0,vis-bs128,729,ground_truth
visreg_dmc_lambd4p5_lr1e-4_seed729_150687,dmc,dmc,25,4,0,cem,50,84.0,vis-bs128,729,ground_truth
visreg_dmc_lambd4p5_lr1e-4_seed729_150687,dmc,dmc,25,4,1025,cem,50,80.0,vis-bs128,729,ground_truth
visreg_dmc_lambd4p5_lr1e-4_seed729_150687,dmc,dmc,25,4,123,cem,50,78.0,vis-bs128,729,ground_truth
visreg_dmc_lambd4p5_lr1e-4_seed729_150687,dmc,dmc,25,4,2024,cem,50,82.0,vis-bs128,729,ground_truth
visreg_dmc_lambd4p5_lr1e-4_seed729_150687,dmc,dmc,25,4,3014,cem,50,76.0,vis-bs128,729,ground_truth
visreg_dmc_lambd4p5_lr1e-4_seed729_150687,dmc,dmc,25,4,42,cem,50,84.0,vis-bs128,729,ground_truth
visreg_dmc_lambd4p5_lr1e-4_seed729_150687,dmc,dmc,25,4,5976,cem,50,80.0,vis-bs128,729,ground_truth
visreg_dmc_lambd4p5_lr1e-4_seed729_150687,dmc,dmc,25,5,42,cem,50,76.0,vis-bs128,729,ground_truth
visreg_dmc_lambd4p5_lr1e-4_seed729_150687,dmc,dmc,25,6,42,cem,50,76.0,vis-bs128,729,ground_truth
visreg_dmc_lambd4p5_lr1e-4_seed729_150687,dmc,dmc,25,7,42,cem,50,66.0,vis-bs128,729,ground_truth
visreg_dmc_lambd4p5_lr1e-4_seed729_150687,dmc,dmc,25,8,42,cem,50,70.0,vis-bs128,729,ground_truth
visreg_dmc_lambd4p5_lr1e-4_seed729_150687,dmc,dmc,25,9,42,cem,50,72.0,vis-bs128,729,ground_truth
visreg_dmc_lambd4p5_lr1e-4_seed729_150687,dmc,dmc,25,10,42,cem,50,70.0,vis-bs128,729,ground_truth
visreg_dmc_lambd4p5_seed100_104651,dmc,dmc,25,1,42,cem,50,68.0,vis-bs128,100,ground_truth
visreg_dmc_lambd4p5_seed100_104651,dmc,dmc,25,2,42,cem,50,50.0,vis-bs128,100,ground_truth
visreg_dmc_lambd4p5_seed100_104651,dmc,dmc,25,2,5501,cem,50,44.0,,,pool:heldout
visreg_dmc_lambd4p5_seed100_104651,dmc,dmc,25,2,60601,cem,50,48.0,,,pool:heldout
visreg_dmc_lambd4p5_seed100_104651,dmc,dmc,25,2,90210,cem,50,42.0,,,pool:heldout
visreg_dmc_lambd4p5_seed100_104651,dmc,reacher,25,2,2027,cem,50,64.0,,,pool:heldout
visreg_dmc_lambd4p5_seed100_104651,dmc,reacher,25,2,65537,cem,50,42.0,,,pool:heldout
visreg_dmc_lambd4p5_seed100_104651,dmc,reacher,25,2,8191,cem,50,48.0,,,pool:heldout
visreg_dmc_lambd4p5_seed100_104651,dmc,dmc,25,3,42,cem,50,82.0,vis-bs128,100,ground_truth
visreg_dmc_lambd4p5_seed100_104651,dmc,dmc,25,4,42,cem,50,68.0,vis-bs128,100,ground_truth
visreg_dmc_lambd4p5_seed100_104651,dmc,dmc,25,5,42,cem,50,66.0,vis-bs128,100,ground_truth
visreg_dmc_lambd4p5_seed100_104651,dmc,dmc,25,6,42,cem,50,70.0,vis-bs128,100,ground_truth
visreg_dmc_lambd4p5_seed100_104651,dmc,dmc,25,7,42,cem,50,86.0,vis-bs128,100,ground_truth
visreg_dmc_lambd4p5_seed100_104651,dmc,reacher,25,7,5501,cem,50,92.0,,,pool:heldout
visreg_dmc_lambd4p5_seed100_104651,dmc,reacher,25,7,60601,cem,50,76.0,,,pool:heldout
visreg_dmc_lambd4p5_seed100_104651,dmc,reacher,25,7,90210,cem,50,80.0,,,pool:heldout
visreg_dmc_lambd4p5_seed100_104651,dmc,dmc,25,8,42,cem,50,72.0,vis-bs128,100,ground_truth
visreg_dmc_lambd4p5_seed100_104651,dmc,dmc,25,9,42,cem,50,72.0,vis-bs128,100,ground_truth
visreg_dmc_lambd4p5_seed100_104651,dmc,dmc,25,10,42,cem,50,72.0,vis-bs128,100,ground_truth
visreg_dmc_lambd4p5_seed1_104645,dmc,dmc,25,1,42,cem,50,24.0,vis-bs128,1,ground_truth
visreg_dmc_lambd4p5_seed1_104645,dmc,dmc,25,1,5501,cem,50,28.000000000000004,,,pool:heldout
visreg_dmc_lambd4p5_seed1_104645,dmc,dmc,25,1,60601,cem,50,24.0,,,pool:heldout
visreg_dmc_lambd4p5_seed1_104645,dmc,dmc,25,1,90210,cem,50,20.0,,,pool:heldout
visreg_dmc_lambd4p5_seed1_104645,dmc,reacher,25,1,2027,cem,50,32.0,,,pool:heldout
visreg_dmc_lambd4p5_seed1_104645,dmc,reacher,25,1,65537,cem,50,40.0,,,pool:heldout
visreg_dmc_lambd4p5_seed1_104645,dmc,reacher,25,1,8191,cem,50,34.0,,,pool:heldout
visreg_dmc_lambd4p5_seed1_104645,dmc,dmc,25,2,42,cem,50,68.0,vis-bs128,1,ground_truth
visreg_dmc_lambd4p5_seed1_104645,dmc,dmc,25,3,42,cem,50,44.0,vis-bs128,1,ground_truth
visreg_dmc_lambd4p5_seed1_104645,dmc,dmc,25,4,42,cem,50,76.0,vis-bs128,1,ground_truth
visreg_dmc_lambd4p5_seed1_104645,dmc,reacher,25,4,5501,cem,50,78.0,,,pool:heldout
visreg_dmc_lambd4p5_seed1_104645,dmc,reacher,25,4,60601,cem,50,80.0,,,pool:heldout
visreg_dmc_lambd4p5_seed1_104645,dmc,reacher,25,4,90210,cem,50,78.0,,,pool:heldout
visreg_dmc_lambd4p5_seed1_104645,dmc,dmc,25,5,42,cem,50,74.0,vis-bs128,1,ground_truth
visreg_dmc_lambd4p5_seed1_104645,dmc,dmc,25,6,42,cem,50,76.0,vis-bs128,1,ground_truth
visreg_dmc_lambd4p5_seed1_104645,dmc,reacher,25,6,5501,cem,50,60.0,,,pool:heldout
visreg_dmc_lambd4p5_seed1_104645,dmc,reacher,25,6,60601,cem,50,78.0,,,pool:heldout
visreg_dmc_lambd4p5_seed1_104645,dmc,reacher,25,6,90210,cem,50,66.0,,,pool:heldout
visreg_dmc_lambd4p5_seed1_104645,dmc,dmc,25,7,42,cem,50,78.0,vis-bs128,1,ground_truth
visreg_dmc_lambd4p5_seed1_104645,dmc,dmc,25,8,42,cem,50,82.0,vis-bs128,1,ground_truth
visreg_dmc_lambd4p5_seed1_104645,dmc,reacher,25,8,5501,cem,50,78.0,,,pool:heldout
visreg_dmc_lambd4p5_seed1_104645,dmc,reacher,25,8,60601,cem,50,84.0,,,pool:heldout
visreg_dmc_lambd4p5_seed1_104645,dmc,reacher,25,8,90210,cem,50,80.0,,,pool:heldout
visreg_dmc_lambd4p5_seed1_104645,dmc,dmc,25,9,42,cem,50,74.0,vis-bs128,1,ground_truth
visreg_dmc_lambd4p5_seed1_104645,dmc,reacher,25,9,5501,cem,50,86.0,,,pool:heldout
visreg_dmc_lambd4p5_seed1_104645,dmc,reacher,25,9,60601,cem,50,80.0,,,pool:heldout
visreg_dmc_lambd4p5_seed1_104645,dmc,reacher,25,9,90210,cem,50,86.0,,,pool:heldout
visreg_dmc_lambd4p5_seed1_104645,dmc,dmc,25,10,42,cem,50,74.0,vis-bs128,1,ground_truth
visreg_dmc_lambd4p5_seed1_104645,dmc,reacher,25,10,5501,cem,50,84.0,,,pool:heldout
visreg_dmc_lambd4p5_seed1_104645,dmc,reacher,25,10,60601,cem,50,74.0,,,pool:heldout
visreg_dmc_lambd4p5_seed1_104645,dmc,reacher,25,10,90210,cem,50,90.0,,,pool:heldout
visreg_dmc_lambd4p5_seed42_104647,dmc,dmc,25,1,42,cem,50,32.0,vis-bs128,42,ground_truth
visreg_dmc_lambd4p5_seed42_104647,dmc,dmc,25,2,42,cem,50,54.0,vis-bs128,42,ground_truth
visreg_dmc_lambd4p5_seed42_104647,dmc,dmc,25,3,42,cem,50,64.0,vis-bs128,42,ground_truth
visreg_dmc_lambd4p5_seed42_104647,dmc,dmc,25,4,42,cem,50,44.0,vis-bs128,42,ground_truth
visreg_dmc_lambd4p5_seed42_104647,dmc,reacher,25,4,5501,cem,50,50.0,,,pool:heldout
visreg_dmc_lambd4p5_seed42_104647,dmc,reacher,25,4,60601,cem,50,58.0,,,pool:heldout
visreg_dmc_lambd4p5_seed42_104647,dmc,reacher,25,4,90210,cem,50,64.0,,,pool:heldout
visreg_dmc_lambd4p5_seed42_104647,dmc,dmc,25,5,42,cem,50,57.99999999999999,vis-bs128,42,ground_truth
visreg_dmc_lambd4p5_seed42_104647,dmc,dmc,25,6,42,cem,50,70.0,vis-bs128,42,ground_truth
visreg_dmc_lambd4p5_seed42_104647,dmc,reacher,25,6,5501,cem,50,70.0,,,pool:heldout
visreg_dmc_lambd4p5_seed42_104647,dmc,reacher,25,6,60601,cem,50,80.0,,,pool:heldout
visreg_dmc_lambd4p5_seed42_104647,dmc,reacher,25,6,90210,cem,50,74.0,,,pool:heldout
visreg_dmc_lambd4p5_seed42_104647,dmc,dmc,25,7,42,cem,50,64.0,vis-bs128,42,ground_truth
visreg_dmc_lambd4p5_seed42_104647,dmc,dmc,25,8,42,cem,50,72.0,vis-bs128,42,ground_truth
visreg_dmc_lambd4p5_seed42_104647,dmc,reacher,25,8,5501,cem,50,66.0,,,pool:heldout
visreg_dmc_lambd4p5_seed42_104647,dmc,reacher,25,8,60601,cem,50,76.0,,,pool:heldout
visreg_dmc_lambd4p5_seed42_104647,dmc,reacher,25,8,90210,cem,50,86.0,,,pool:heldout
visreg_dmc_lambd4p5_seed42_104647,dmc,dmc,25,9,42,cem,50,70.0,vis-bs128,42,ground_truth
visreg_dmc_lambd4p5_seed42_104647,dmc,reacher,25,9,5501,cem,50,68.0,,,pool:heldout
visreg_dmc_lambd4p5_seed42_104647,dmc,reacher,25,9,60601,cem,50,84.0,,,pool:heldout
visreg_dmc_lambd4p5_seed42_104647,dmc,reacher,25,9,90210,cem,50,86.0,,,pool:heldout
visreg_dmc_lambd4p5_seed42_104647,dmc,dmc,25,10,42,cem,50,76.0,vis-bs128,42,ground_truth
visreg_dmc_lambd4p5_seed42_104647,dmc,reacher,25,10,5501,cem,50,72.0,,,pool:heldout
visreg_dmc_lambd4p5_seed42_104647,dmc,reacher,25,10,60601,cem,50,80.0,,,pool:heldout
visreg_dmc_lambd4p5_seed42_104647,dmc,reacher,25,10,90210,cem,50,80.0,,,pool:heldout
visreg_dmc_lambd4p5_seed7_104649,dmc,dmc,25,1,42,cem,50,40.0,vis-bs128,7,ground_truth
visreg_dmc_lambd4p5_seed7_104649,dmc,dmc,25,2,42,cem,50,57.99999999999999,vis-bs128,7,ground_truth
visreg_dmc_lambd4p5_seed7_104649,dmc,dmc,25,3,42,cem,50,52.0,vis-bs128,7,ground_truth
visreg_dmc_lambd4p5_seed7_104649,dmc,dmc,25,4,42,cem,50,57.99999999999999,vis-bs128,7,ground_truth
visreg_dmc_lambd4p5_seed7_104649,dmc,dmc,25,5,42,cem,50,64.0,vis-bs128,7,ground_truth
visreg_dmc_lambd4p5_seed7_104649,dmc,dmc,25,6,42,cem,50,64.0,vis-bs128,7,ground_truth
visreg_dmc_lambd4p5_seed7_104649,dmc,dmc,25,7,42,cem,50,68.0,vis-bs128,7,ground_truth
visreg_dmc_lambd4p5_seed7_104649,dmc,dmc,25,8,42,cem,50,78.0,vis-bs128,7,ground_truth
visreg_dmc_lambd4p5_seed7_104649,dmc,reacher,25,8,5501,cem,50,74.0,,,pool:heldout
visreg_dmc_lambd4p5_seed7_104649,dmc,reacher,25,8,60601,cem,50,80.0,,,pool:heldout
visreg_dmc_lambd4p5_seed7_104649,dmc,reacher,25,8,90210,cem,50,86.0,,,pool:heldout
visreg_dmc_lambd4p5_seed7_104649,dmc,dmc,25,9,42,cem,50,70.0,vis-bs128,7,ground_truth
visreg_dmc_lambd4p5_seed7_104649,dmc,dmc,25,10,42,cem,50,76.0,vis-bs128,7,ground_truth
sigreg_clsrecon_lowratio_ogb_lambd0p09_116378,ogb,pusht,25,1,42,cem,50,62.0,clsrecon,base,ground_truth
sigreg_clsrecon_lowratio_ogb_lambd0p09_116378,ogb,pusht,25,2,42,cem,50,62.0,clsrecon,base,ground_truth
sigreg_clsrecon_lowratio_ogb_lambd0p09_116378,ogb,pusht,25,3,42,cem,50,62.0,clsrecon,base,ground_truth
sigreg_clsrecon_lowratio_ogb_lambd0p09_116378,ogb,pusht,25,4,42,cem,50,57.99999999999999,clsrecon,base,ground_truth
sigreg_clsrecon_lowratio_ogb_lambd0p09_116378,ogb,pusht,25,5,42,cem,50,62.0,clsrecon,base,ground_truth
sigreg_clsrecon_lowratio_ogb_lambd0p09_116378,ogb,pusht,25,6,42,cem,50,64.0,clsrecon,base,ground_truth
sigreg_clsrecon_lowratio_ogb_lambd0p09_116378,ogb,pusht,25,7,42,cem,50,60.0,clsrecon,base,ground_truth
sigreg_clsrecon_lowratio_ogb_lambd0p09_116378,ogb,pusht,25,8,42,cem,50,62.0,clsrecon,base,ground_truth
sigreg_clsrecon_lowratio_ogb_lambd0p09_116378,ogb,pusht,25,9,42,cem,50,60.0,clsrecon,base,ground_truth
sigreg_clsrecon_lowratio_ogb_lambd0p09_116378,ogb,pusht,25,10,42,cem,50,62.0,clsrecon,base,ground_truth
sigreg_clsrecon_ogb_lambd0p09_115447,ogb,pusht,25,1,42,cem,50,64.0,clsrecon,base,ground_truth
sigreg_clsrecon_ogb_lambd0p09_115447,ogb,pusht,25,2,42,cem,50,64.0,clsrecon,base,ground_truth
sigreg_clsrecon_ogb_lambd0p09_115447,ogb,pusht,25,3,42,cem,50,57.99999999999999,clsrecon,base,ground_truth
sigreg_clsrecon_ogb_lambd0p09_115447,ogb,pusht,25,4,42,cem,50,68.0,clsrecon,base,ground_truth
sigreg_clsrecon_ogb_lambd0p09_115447,ogb,pusht,25,5,42,cem,50,60.0,clsrecon,base,ground_truth
sigreg_clsrecon_ogb_lambd0p09_115447,ogb,pusht,25,6,42,cem,50,64.0,clsrecon,base,ground_truth
sigreg_clsrecon_ogb_lambd0p09_115447,ogb,pusht,25,7,42,cem,50,66.0,clsrecon,base,ground_truth
sigreg_clsrecon_ogb_lambd0p09_115447,ogb,pusht,25,8,42,cem,50,57.99999999999999,clsrecon,base,ground_truth
sigreg_clsrecon_ogb_lambd0p09_115447,ogb,pusht,25,9,42,cem,50,60.0,clsrecon,base,ground_truth
sigreg_clsrecon_ogb_lambd0p09_115447,ogb,pusht,25,10,42,cem,50,57.99999999999999,clsrecon,base,ground_truth
sigreg_clsrecon_pred_ogb_lambd0p09_116158,ogb,pusht,25,1,42,cem,50,64.0,clsrecon,base,ground_truth
sigreg_clsrecon_pred_ogb_lambd0p09_116158,ogb,pusht,25,2,42,cem,50,66.0,clsrecon,base,ground_truth
sigreg_clsrecon_pred_ogb_lambd0p09_116158,ogb,pusht,25,3,42,cem,50,60.0,clsrecon,base,ground_truth
sigreg_clsrecon_pred_ogb_lambd0p09_116158,ogb,pusht,25,4,42,cem,50,52.0,clsrecon,base,ground_truth
sigreg_clsrecon_pred_ogb_lambd0p09_116158,ogb,pusht,25,5,42,cem,50,57.99999999999999,clsrecon,base,ground_truth
sigreg_clsrecon_pred_ogb_lambd0p09_116158,ogb,pusht,25,6,42,cem,50,62.0,clsrecon,base,ground_truth
sigreg_clsrecon_sepproj_ogb_lambd0p09_116009,ogb,pusht,25,1,42,cem,50,60.0,clsrecon,base,ground_truth
sigreg_clsrecon_sepproj_ogb_lambd0p09_116009,ogb,pusht,25,2,42,cem,50,57.99999999999999,clsrecon,base,ground_truth
sigreg_clsrecon_sepproj_ogb_lambd0p09_116009,ogb,pusht,25,3,42,cem,50,57.99999999999999,clsrecon,base,ground_truth
sigreg_clsrecon_sepproj_ogb_lambd0p09_116009,ogb,pusht,25,4,42,cem,50,66.0,clsrecon,base,ground_truth
sigreg_clsrecon_sepproj_ogb_lambd0p09_116009,ogb,pusht,25,5,42,cem,50,62.0,clsrecon,base,ground_truth
sigreg_clsrecon_sepproj_ogb_lambd0p09_116009,ogb,pusht,25,6,42,cem,50,56.00000000000001,clsrecon,base,ground_truth
sigreg_clsrecon_sepproj_ogb_lambd0p09_116009,ogb,pusht,25,7,42,cem,50,60.0,clsrecon,base,ground_truth
sigreg_clsrecon_sepproj_ogb_lambd0p09_116009,ogb,pusht,25,8,42,cem,50,62.0,clsrecon,base,ground_truth
sigreg_clsrecon_sepproj_ogb_lambd0p09_116009,ogb,pusht,25,9,42,cem,50,57.99999999999999,clsrecon,base,ground_truth
sigreg_clsrecon_sepproj_ogb_lambd0p09_116009,ogb,pusht,25,10,42,cem,50,60.0,clsrecon,base,ground_truth
sigreg_clsrecon_w0p01_ogb_lambd0p09_116379,ogb,pusht,25,1,42,cem,50,54.0,clsrecon,base,ground_truth
sigreg_clsrecon_w0p01_ogb_lambd0p09_116379,ogb,pusht,25,2,42,cem,50,62.0,clsrecon,base,ground_truth
sigreg_clsrecon_w0p01_ogb_lambd0p09_116379,ogb,pusht,25,3,42,cem,50,57.99999999999999,clsrecon,base,ground_truth
sigreg_clsrecon_w0p01_ogb_lambd0p09_116379,ogb,pusht,25,4,42,cem,50,60.0,clsrecon,base,ground_truth
sigreg_clsrecon_w0p01_ogb_lambd0p09_116379,ogb,pusht,25,5,42,cem,50,60.0,clsrecon,base,ground_truth
sigreg_clsrecon_w0p01_ogb_lambd0p09_116379,ogb,pusht,25,6,42,cem,50,56.00000000000001,clsrecon,base,ground_truth
sigreg_clsrecon_w0p01_ogb_lambd0p09_116379,ogb,pusht,25,7,42,cem,50,57.99999999999999,clsrecon,base,ground_truth
sigreg_clsrecon_w0p01_ogb_lambd0p09_116379,ogb,pusht,25,8,42,cem,50,60.0,clsrecon,base,ground_truth
sigreg_clsrecon_w0p01_ogb_lambd0p09_116379,ogb,pusht,25,9,42,cem,50,66.0,clsrecon,base,ground_truth
sigreg_clsrecon_w0p01_ogb_lambd0p09_116379,ogb,pusht,25,10,42,cem,50,60.0,clsrecon,base,ground_truth
sigreg_clsrecon_w0p1_ogb_lambd0p09_116380,ogb,pusht,25,1,42,cem,50,52.0,clsrecon,base,ground_truth
sigreg_clsrecon_w0p1_ogb_lambd0p09_116380,ogb,pusht,25,2,42,cem,50,54.0,clsrecon,base,ground_truth
sigreg_clsrecon_w0p1_ogb_lambd0p09_116380,ogb,pusht,25,3,42,cem,50,64.0,clsrecon,base,ground_truth
sigreg_clsrecon_w0p1_ogb_lambd0p09_116380,ogb,pusht,25,4,42,cem,50,57.99999999999999,clsrecon,base,ground_truth
sigreg_clsrecon_w0p1_ogb_lambd0p09_116380,ogb,pusht,25,5,42,cem,50,60.0,clsrecon,base,ground_truth
sigreg_clsrecon_w0p1_ogb_lambd0p09_116380,ogb,pusht,25,6,42,cem,50,62.0,clsrecon,base,ground_truth
sigreg_clsrecon_w0p1_ogb_lambd0p09_116380,ogb,pusht,25,7,42,cem,50,56.00000000000001,clsrecon,base,ground_truth
sigreg_clsrecon_w0p1_ogb_lambd0p09_116380,ogb,pusht,25,8,42,cem,50,60.0,clsrecon,base,ground_truth
sigreg_clsrecon_w0p1_ogb_lambd0p09_116380,ogb,pusht,25,9,42,cem,50,66.0,clsrecon,base,ground_truth
sigreg_clsrecon_w0p1_ogb_lambd0p09_116380,ogb,pusht,25,10,42,cem,50,60.0,clsrecon,base,ground_truth
sigreg_clsrecon_w0p3_noregmask_ogb_lambd0p09_116742,ogb,pusht,25,1,42,cem,50,60.0,clsrecon,base,ground_truth
sigreg_clsrecon_w0p3_noregmask_ogb_lambd0p09_116742,ogb,pusht,25,2,42,cem,50,57.99999999999999,clsrecon,base,ground_truth
sigreg_clsrecon_w0p3_noregmask_ogb_lambd0p09_116742,ogb,pusht,25,3,42,cem,50,57.99999999999999,clsrecon,base,ground_truth
sigreg_clsrecon_w0p3_noregmask_ogb_lambd0p09_116742,ogb,pusht,25,4,42,cem,50,60.0,clsrecon,base,ground_truth
sigreg_clsrecon_w0p3_noregmask_ogb_lambd0p09_116742,ogb,pusht,25,5,42,cem,50,57.99999999999999,clsrecon,base,ground_truth
sigreg_clsrecon_w0p3_noregmask_ogb_lambd0p09_116742,ogb,pusht,25,6,42,cem,50,60.0,clsrecon,base,ground_truth
sigreg_clsrecon_w0p3_noregmask_ogb_lambd0p09_116742,ogb,pusht,25,7,42,cem,50,56.00000000000001,clsrecon,base,ground_truth
sigreg_clsrecon_w0p3_noregmask_ogb_lambd0p09_116742,ogb,pusht,25,8,42,cem,50,52.0,clsrecon,base,ground_truth
sigreg_clsrecon_w0p3_noregmask_ogb_lambd0p09_116742,ogb,pusht,25,9,42,cem,50,56.00000000000001,clsrecon,base,ground_truth
sigreg_clsrecon_w0p3_noregmask_ogb_lambd0p09_116742,ogb,pusht,25,10,42,cem,50,56.00000000000001,clsrecon,base,ground_truth
sigreg_clsrecon_w0p3_noregmask_ogb_lambd0p09_seed1_117230,ogb,pusht,25,1,42,cem,50,62.0,clsrecon,1,ground_truth
sigreg_clsrecon_w0p3_noregmask_ogb_lambd0p09_seed1_117230,ogb,pusht,25,2,42,cem,50,62.0,clsrecon,1,ground_truth
sigreg_clsrecon_w0p3_noregmask_ogb_lambd0p09_seed1_117230,ogb,pusht,25,3,42,cem,50,60.0,clsrecon,1,ground_truth
sigreg_clsrecon_w0p3_noregmask_ogb_lambd0p09_seed1_117230,ogb,pusht,25,4,42,cem,50,62.0,clsrecon,1,ground_truth
sigreg_clsrecon_w0p3_noregmask_ogb_lambd0p09_seed1_117230,ogb,pusht,25,5,42,cem,50,64.0,clsrecon,1,ground_truth
sigreg_clsrecon_w0p3_noregmask_ogb_lambd0p09_seed1_117230,ogb,pusht,25,6,42,cem,50,64.0,clsrecon,1,ground_truth
sigreg_clsrecon_w0p3_noregmask_ogb_lambd0p09_seed1_117230,ogb,pusht,25,7,42,cem,50,60.0,clsrecon,1,ground_truth
sigreg_clsrecon_w0p3_noregmask_ogb_lambd0p09_seed1_117230,ogb,pusht,25,8,42,cem,50,62.0,clsrecon,1,ground_truth
sigreg_clsrecon_w0p3_noregmask_ogb_lambd0p09_seed1_117230,ogb,pusht,25,9,42,cem,50,60.0,clsrecon,1,ground_truth
sigreg_clsrecon_w0p3_noregmask_ogb_lambd0p09_seed1_117230,ogb,pusht,25,10,42,cem,50,60.0,clsrecon,1,ground_truth
sigreg_clsrecon_w0p3_noregmask_ogb_lambd0p09_seed7_117238,ogb,pusht,25,1,42,cem,50,54.0,clsrecon,7,ground_truth
sigreg_clsrecon_w0p3_noregmask_ogb_lambd0p09_seed7_117238,ogb,pusht,25,2,42,cem,50,62.0,clsrecon,7,ground_truth
sigreg_clsrecon_w0p3_noregmask_ogb_lambd0p09_seed7_117238,ogb,pusht,25,3,42,cem,50,62.0,clsrecon,7,ground_truth
sigreg_clsrecon_w0p3_noregmask_ogb_lambd0p09_seed7_117238,ogb,pusht,25,4,42,cem,50,64.0,clsrecon,7,ground_truth
sigreg_clsrecon_w0p3_noregmask_ogb_lambd0p09_seed7_117238,ogb,pusht,25,5,42,cem,50,60.0,clsrecon,7,ground_truth
sigreg_clsrecon_w0p3_noregmask_ogb_lambd0p09_seed7_117238,ogb,pusht,25,6,42,cem,50,57.99999999999999,clsrecon,7,ground_truth
sigreg_clsrecon_w0p3_noregmask_ogb_lambd0p09_seed7_117238,ogb,pusht,25,7,42,cem,50,64.0,clsrecon,7,ground_truth
sigreg_clsrecon_w0p3_noregmask_ogb_lambd0p09_seed7_117238,ogb,pusht,25,8,42,cem,50,56.00000000000001,clsrecon,7,ground_truth
sigreg_clsrecon_w0p3_noregmask_ogb_lambd0p09_seed7_117238,ogb,pusht,25,9,42,cem,50,57.99999999999999,clsrecon,7,ground_truth
sigreg_clsrecon_w0p3_noregmask_ogb_lambd0p09_seed7_117238,ogb,pusht,25,10,42,cem,50,60.0,clsrecon,7,ground_truth
sigreg_clsrecon_w0p3_ogb_lambd0p09_116381,ogb,pusht,25,1,42,cem,50,66.0,clsrecon,base,ground_truth
sigreg_clsrecon_w0p3_ogb_lambd0p09_116381,ogb,pusht,25,2,42,cem,50,76.0,clsrecon,base,ground_truth
sigreg_clsrecon_w0p3_ogb_lambd0p09_116381,ogb,pusht,25,3,42,cem,50,70.0,clsrecon,base,ground_truth
sigreg_clsrecon_w0p3_ogb_lambd0p09_116381,ogb,pusht,25,4,42,cem,50,70.0,clsrecon,base,ground_truth
sigreg_clsrecon_w0p3_ogb_lambd0p09_116381,ogb,pusht,25,5,42,cem,50,72.0,clsrecon,base,ground_truth
sigreg_clsrecon_w0p3_ogb_lambd0p09_116381,ogb,pusht,25,6,42,cem,50,70.0,clsrecon,base,ground_truth
sigreg_clsrecon_w0p3_ogb_lambd0p09_116381,ogb,pusht,25,7,42,cem,50,78.0,clsrecon,base,ground_truth
sigreg_clsrecon_w0p3_ogb_lambd0p09_116381,ogb,pusht,25,8,42,cem,50,78.0,clsrecon,base,ground_truth
sigreg_clsrecon_w0p3_ogb_lambd0p09_116381,ogb,pusht,25,9,42,cem,50,74.0,clsrecon,base,ground_truth
sigreg_clsrecon_w0p3_ogb_lambd0p09_116381,ogb,pusht,25,10,42,cem,50,72.0,clsrecon,base,ground_truth
sigreg_clsrecon_w0p3_patch_noregmask_ogb_lambd0p09_117127,ogb,pusht,25,1,42,cem,50,70.0,clsrecon,base,ground_truth
sigreg_clsrecon_w0p3_patch_noregmask_ogb_lambd0p09_117127,ogb,pusht,25,2,42,cem,50,74.0,clsrecon,base,ground_truth
sigreg_clsrecon_w0p3_patch_noregmask_ogb_lambd0p09_117127,ogb,pusht,25,3,42,cem,50,76.0,clsrecon,base,ground_truth
sigreg_clsrecon_w0p3_patch_noregmask_ogb_lambd0p09_117127,ogb,pusht,25,4,42,cem,50,74.0,clsrecon,base,ground_truth
sigreg_clsrecon_w0p3_patch_noregmask_ogb_lambd0p09_117127,ogb,pusht,25,5,42,cem,50,70.0,clsrecon,base,ground_truth
sigreg_clsrecon_w0p3_patch_noregmask_ogb_lambd0p09_117127,ogb,pusht,25,6,42,cem,50,80.0,clsrecon,base,ground_truth
sigreg_clsrecon_w0p3_patch_noregmask_ogb_lambd0p09_117127,ogb,pusht,25,7,42,cem,50,76.0,clsrecon,base,ground_truth
sigreg_clsrecon_w0p3_patch_noregmask_ogb_lambd0p09_117127,ogb,pusht,25,8,42,cem,50,76.0,clsrecon,base,ground_truth
sigreg_clsrecon_w0p3_patch_noregmask_ogb_lambd0p09_117127,ogb,pusht,25,9,42,cem,50,78.0,clsrecon,base,ground_truth
sigreg_clsrecon_w0p3_patch_noregmask_ogb_lambd0p09_117127,ogb,pusht,25,10,42,cem,50,76.0,clsrecon,base,ground_truth
sigreg_clsrecon_w0p3_patch_noregmask_ogb_lambd0p09_seed1_117231,ogb,pusht,25,1,42,cem,50,66.0,clsrecon,1,ground_truth
sigreg_clsrecon_w0p3_patch_noregmask_ogb_lambd0p09_seed1_117231,ogb,pusht,25,2,42,cem,50,78.0,clsrecon,1,ground_truth
sigreg_clsrecon_w0p3_patch_noregmask_ogb_lambd0p09_seed1_117231,ogb,pusht,25,3,42,cem,50,74.0,clsrecon,1,ground_truth
sigreg_clsrecon_w0p3_patch_noregmask_ogb_lambd0p09_seed1_117231,ogb,pusht,25,4,42,cem,50,78.0,clsrecon,1,ground_truth
sigreg_clsrecon_w0p3_patch_noregmask_ogb_lambd0p09_seed1_117231,ogb,pusht,25,5,42,cem,50,74.0,clsrecon,1,ground_truth
sigreg_clsrecon_w0p3_patch_noregmask_ogb_lambd0p09_seed1_117231,ogb,pusht,25,6,42,cem,50,72.0,clsrecon,1,ground_truth
sigreg_clsrecon_w0p3_patch_noregmask_ogb_lambd0p09_seed1_117231,ogb,pusht,25,7,42,cem,50,74.0,clsrecon,1,ground_truth
sigreg_clsrecon_w0p3_patch_noregmask_ogb_lambd0p09_seed1_117231,ogb,pusht,25,8,42,cem,50,74.0,clsrecon,1,ground_truth
sigreg_clsrecon_w0p3_patch_noregmask_ogb_lambd0p09_seed1_117231,ogb,pusht,25,9,42,cem,50,74.0,clsrecon,1,ground_truth
sigreg_clsrecon_w0p3_patch_noregmask_ogb_lambd0p09_seed1_117231,ogb,pusht,25,10,42,cem,50,74.0,clsrecon,1,ground_truth
sigreg_clsrecon_w0p3_patch_noregmask_ogb_lambd0p09_seed7_117239,ogb,pusht,25,1,42,cem,50,62.0,clsrecon,7,ground_truth
sigreg_clsrecon_w0p3_patch_noregmask_ogb_lambd0p09_seed7_117239,ogb,pusht,25,2,42,cem,50,68.0,clsrecon,7,ground_truth
sigreg_clsrecon_w0p3_patch_noregmask_ogb_lambd0p09_seed7_117239,ogb,pusht,25,3,42,cem,50,68.0,clsrecon,7,ground_truth
sigreg_clsrecon_w0p3_patch_noregmask_ogb_lambd0p09_seed7_117239,ogb,pusht,25,4,42,cem,50,70.0,clsrecon,7,ground_truth
sigreg_clsrecon_w0p3_patch_noregmask_ogb_lambd0p09_seed7_117239,ogb,pusht,25,5,42,cem,50,70.0,clsrecon,7,ground_truth
sigreg_clsrecon_w0p3_patch_noregmask_ogb_lambd0p09_seed7_117239,ogb,pusht,25,6,42,cem,50,76.0,clsrecon,7,ground_truth
sigreg_clsrecon_w0p3_patch_noregmask_ogb_lambd0p09_seed7_117239,ogb,pusht,25,7,42,cem,50,76.0,clsrecon,7,ground_truth
sigreg_clsrecon_w0p3_patch_noregmask_ogb_lambd0p09_seed7_117239,ogb,pusht,25,8,42,cem,50,74.0,clsrecon,7,ground_truth
sigreg_clsrecon_w0p3_patch_noregmask_ogb_lambd0p09_seed7_117239,ogb,pusht,25,9,42,cem,50,76.0,clsrecon,7,ground_truth
sigreg_clsrecon_w0p3_patch_noregmask_ogb_lambd0p09_seed7_117239,ogb,pusht,25,10,42,cem,50,74.0,clsrecon,7,ground_truth
sigreg_clsrecon_w0p3_patch_ogb_lambd0p09_116987,ogb,pusht,25,1,42,cem,50,60.0,clsrecon,base,ground_truth
sigreg_clsrecon_w0p3_patch_ogb_lambd0p09_116987,ogb,pusht,25,2,42,cem,50,54.0,clsrecon,base,ground_truth
sigreg_clsrecon_w0p3_patch_ogb_lambd0p09_116987,ogb,pusht,25,3,42,cem,50,60.0,clsrecon,base,ground_truth
sigreg_clsrecon_w0p3_patch_ogb_lambd0p09_116987,ogb,pusht,25,4,42,cem,50,62.0,clsrecon,base,ground_truth
sigreg_clsrecon_w0p3_patch_ogb_lambd0p09_116987,ogb,pusht,25,5,42,cem,50,60.0,clsrecon,base,ground_truth
sigreg_clsrecon_w0p3_patch_ogb_lambd0p09_116987,ogb,pusht,25,6,42,cem,50,62.0,clsrecon,base,ground_truth
sigreg_clsrecon_w0p3_patch_ogb_lambd0p09_116987,ogb,pusht,25,7,42,cem,50,62.0,clsrecon,base,ground_truth
sigreg_clsrecon_w0p3_patch_ogb_lambd0p09_116987,ogb,pusht,25,8,42,cem,50,56.00000000000001,clsrecon,base,ground_truth
sigreg_clsrecon_w0p3_patch_ogb_lambd0p09_116987,ogb,pusht,25,9,42,cem,50,60.0,clsrecon,base,ground_truth
sigreg_clsrecon_w0p3_patch_ogb_lambd0p09_116987,ogb,pusht,25,10,42,cem,50,54.0,clsrecon,base,ground_truth
sigreg_clsrecon_w3_ogb_lambd0p09_116382,ogb,pusht,25,1,42,cem,50,70.0,clsrecon,base,ground_truth
sigreg_clsrecon_w3_ogb_lambd0p09_116382,ogb,pusht,25,2,42,cem,50,62.0,clsrecon,base,ground_truth
sigreg_clsrecon_w3_ogb_lambd0p09_116382,ogb,pusht,25,3,42,cem,50,60.0,clsrecon,base,ground_truth
sigreg_clsrecon_w3_ogb_lambd0p09_116382,ogb,pusht,25,4,42,cem,50,64.0,clsrecon,base,ground_truth
sigreg_clsrecon_w3_ogb_lambd0p09_116382,ogb,pusht,25,5,42,cem,50,57.99999999999999,clsrecon,base,ground_truth
sigreg_clsrecon_w3_ogb_lambd0p09_116382,ogb,pusht,25,6,42,cem,50,62.0,clsrecon,base,ground_truth
sigreg_clsrecon_w3_ogb_lambd0p09_116382,ogb,pusht,25,7,42,cem,50,57.99999999999999,clsrecon,base,ground_truth
sigreg_clsrecon_w3_ogb_lambd0p09_116382,ogb,pusht,25,8,42,cem,50,57.99999999999999,clsrecon,base,ground_truth
sigreg_clsrecon_w3_ogb_lambd0p09_116382,ogb,pusht,25,9,42,cem,50,56.00000000000001,clsrecon,base,ground_truth
sigreg_clsrecon_w3_ogb_lambd0p09_116382,ogb,pusht,25,10,42,cem,50,57.99999999999999,clsrecon,base,ground_truth
visreg_ogb_lambd4p5_102702,ogb,pusht,25,1,42,cem,50,64.0,vis-bs128,base,ground_truth
visreg_ogb_lambd4p5_102702,ogb,pusht,25,2,42,cem,50,74.0,vis-bs128,base,ground_truth
visreg_ogb_lambd4p5_102702,ogb,pusht,25,3,42,cem,50,70.0,vis-bs128,base,ground_truth
visreg_ogb_lambd4p5_102702,ogb,pusht,25,4,42,cem,50,72.0,vis-bs128,base,ground_truth
visreg_ogb_lambd4p5_102702,ogb,pusht,25,5,42,cem,50,72.0,vis-bs128,base,ground_truth
visreg_ogb_lambd4p5_102702,ogb,pusht,25,6,42,cem,50,72.0,vis-bs128,base,ground_truth
visreg_ogb_lambd4p5_102702,ogb,pusht,25,7,42,cem,50,72.0,vis-bs128,base,ground_truth
visreg_ogb_lambd4p5_102702,ogb,pusht,25,8,42,cem,50,70.0,vis-bs128,base,ground_truth
visreg_ogb_lambd4p5_102702,ogb,pusht,25,9,42,cem,50,70.0,vis-bs128,base,ground_truth
visreg_ogb_lambd4p5_102702,ogb,pusht,25,10,42,cem,50,68.0,vis-bs128,base,ground_truth
visreg_ogb_lambd4p5_lr1e-4_103030,ogb,pusht,25,1,42,cem,50,80.0,vis-bs128,base,ground_truth
visreg_ogb_lambd4p5_lr1e-4_103030,ogb,pusht,25,2,42,cem,50,76.0,vis-bs128,base,ground_truth
visreg_ogb_lambd4p5_lr1e-4_103030,ogb,pusht,25,3,42,cem,50,76.0,vis-bs128,base,ground_truth
visreg_ogb_lambd4p5_lr1e-4_103030,ogb,pusht,25,4,42,cem,50,74.0,vis-bs128,base,ground_truth
visreg_ogb_lambd4p5_lr1e-4_103030,ogb,pusht,25,5,42,cem,50,74.0,vis-bs128,base,ground_truth
visreg_ogb_lambd4p5_lr1e-4_103030,ogb,pusht,25,6,42,cem,50,74.0,vis-bs128,base,ground_truth
visreg_ogb_lambd4p5_lr1e-4_103030,ogb,pusht,25,7,42,cem,50,74.0,vis-bs128,base,ground_truth
visreg_ogb_lambd4p5_lr1e-4_103030,ogb,pusht,25,8,42,cem,50,72.0,vis-bs128,base,ground_truth
visreg_ogb_lambd4p5_lr1e-4_103030,ogb,pusht,25,9,42,cem,50,70.0,vis-bs128,base,ground_truth
visreg_ogb_lambd4p5_lr1e-4_103030,ogb,pusht,25,10,42,cem,50,70.0,vis-bs128,base,ground_truth
visreg_ogb_lambd4p5_lr1e-4_seed403_151589,ogb,pusht,25,1,42,cem,50,70.0,vis-bs128,403,ground_truth
visreg_ogb_lambd4p5_lr1e-4_seed403_151589,ogb,pusht,25,2,42,cem,50,72.0,vis-bs128,403,ground_truth
visreg_ogb_lambd4p5_lr1e-4_seed403_151589,ogb,pusht,25,3,42,cem,50,74.0,vis-bs128,403,ground_truth
visreg_ogb_lambd4p5_lr1e-4_seed403_151589,ogb,pusht,25,4,42,cem,50,76.0,vis-bs128,403,ground_truth
visreg_ogb_lambd4p5_lr1e-4_seed403_151589,ogb,pusht,25,5,42,cem,50,76.0,vis-bs128,403,ground_truth
visreg_ogb_lambd4p5_lr1e-4_seed403_151589,ogb,pusht,25,6,0,cem,50,76.0,vis-bs128,403,ground_truth
visreg_ogb_lambd4p5_lr1e-4_seed403_151589,ogb,pusht,25,6,1025,cem,50,68.0,vis-bs128,403,ground_truth
visreg_ogb_lambd4p5_lr1e-4_seed403_151589,ogb,pusht,25,6,123,cem,50,74.0,vis-bs128,403,ground_truth
visreg_ogb_lambd4p5_lr1e-4_seed403_151589,ogb,pusht,25,6,2024,cem,50,54.0,vis-bs128,403,ground_truth
visreg_ogb_lambd4p5_lr1e-4_seed403_151589,ogb,pusht,25,6,3014,cem,50,70.0,vis-bs128,403,ground_truth
visreg_ogb_lambd4p5_lr1e-4_seed403_151589,ogb,pusht,25,6,42,cem,50,78.0,vis-bs128,403,ground_truth
visreg_ogb_lambd4p5_lr1e-4_seed403_151589,ogb,pusht,25,6,5976,cem,50,72.0,vis-bs128,403,ground_truth
visreg_ogb_lambd4p5_lr1e-4_seed403_151589,ogb,pusht,25,7,42,cem,50,74.0,vis-bs128,403,ground_truth
visreg_ogb_lambd4p5_lr1e-4_seed403_151589,ogb,pusht,25,8,42,cem,50,74.0,vis-bs128,403,ground_truth
visreg_ogb_lambd4p5_lr1e-4_seed403_151589,ogb,pusht,25,9,42,cem,50,74.0,vis-bs128,403,ground_truth
visreg_ogb_lambd4p5_lr1e-4_seed403_151589,ogb,pusht,25,10,42,cem,50,74.0,vis-bs128,403,ground_truth
visreg_ogb_lambd4p5_lr1e-4_seed46_151591,ogb,pusht,25,1,42,cem,50,74.0,vis-bs128,46,ground_truth
visreg_ogb_lambd4p5_lr1e-4_seed46_151591,ogb,pusht,25,2,42,cem,50,74.0,vis-bs128,46,ground_truth
visreg_ogb_lambd4p5_lr1e-4_seed46_151591,ogb,pusht,25,3,42,cem,50,74.0,vis-bs128,46,ground_truth
visreg_ogb_lambd4p5_lr1e-4_seed46_151591,ogb,pusht,25,4,42,cem,50,74.0,vis-bs128,46,ground_truth
visreg_ogb_lambd4p5_lr1e-4_seed46_151591,ogb,pusht,25,5,42,cem,50,72.0,vis-bs128,46,ground_truth
visreg_ogb_lambd4p5_lr1e-4_seed46_151591,ogb,pusht,25,6,42,cem,50,74.0,vis-bs128,46,ground_truth
visreg_ogb_lambd4p5_lr1e-4_seed46_151591,ogb,pusht,25,7,42,cem,50,76.0,vis-bs128,46,ground_truth
visreg_ogb_lambd4p5_lr1e-4_seed46_151591,ogb,pusht,25,8,0,cem,50,72.0,vis-bs128,46,ground_truth
visreg_ogb_lambd4p5_lr1e-4_seed46_151591,ogb,pusht,25,8,1025,cem,50,72.0,vis-bs128,46,ground_truth
visreg_ogb_lambd4p5_lr1e-4_seed46_151591,ogb,pusht,25,8,123,cem,50,74.0,vis-bs128,46,ground_truth
visreg_ogb_lambd4p5_lr1e-4_seed46_151591,ogb,pusht,25,8,2024,cem,50,60.0,vis-bs128,46,ground_truth
visreg_ogb_lambd4p5_lr1e-4_seed46_151591,ogb,pusht,25,8,3014,cem,50,72.0,vis-bs128,46,ground_truth
visreg_ogb_lambd4p5_lr1e-4_seed46_151591,ogb,pusht,25,8,42,cem,50,76.0,vis-bs128,46,ground_truth
visreg_ogb_lambd4p5_lr1e-4_seed46_151591,ogb,pusht,25,8,5976,cem,50,70.0,vis-bs128,46,ground_truth
visreg_ogb_lambd4p5_lr1e-4_seed46_151591,ogb,pusht,25,9,42,cem,50,72.0,vis-bs128,46,ground_truth
visreg_ogb_lambd4p5_lr1e-4_seed46_151591,ogb,pusht,25,10,42,cem,50,74.0,vis-bs128,46,ground_truth
visreg_ogb_lambd4p5_lr1e-4_seed729_150690,ogb,pusht,25,1,42,cem,50,74.0,vis-bs128,729,ground_truth
visreg_ogb_lambd4p5_lr1e-4_seed729_150690,ogb,pusht,25,2,42,cem,50,76.0,vis-bs128,729,ground_truth
visreg_ogb_lambd4p5_lr1e-4_seed729_150690,ogb,pusht,25,3,42,cem,50,76.0,vis-bs128,729,ground_truth
visreg_ogb_lambd4p5_lr1e-4_seed729_150690,ogb,pusht,25,4,0,cem,50,76.0,vis-bs128,729,ground_truth
visreg_ogb_lambd4p5_lr1e-4_seed729_150690,ogb,pusht,25,4,1025,cem,50,72.0,vis-bs128,729,ground_truth
visreg_ogb_lambd4p5_lr1e-4_seed729_150690,ogb,pusht,25,4,123,cem,50,70.0,vis-bs128,729,ground_truth
visreg_ogb_lambd4p5_lr1e-4_seed729_150690,ogb,pusht,25,4,2024,cem,50,64.0,vis-bs128,729,ground_truth
visreg_ogb_lambd4p5_lr1e-4_seed729_150690,ogb,pusht,25,4,3014,cem,50,70.0,vis-bs128,729,ground_truth
visreg_ogb_lambd4p5_lr1e-4_seed729_150690,ogb,pusht,25,4,42,cem,50,78.0,vis-bs128,729,ground_truth
visreg_ogb_lambd4p5_lr1e-4_seed729_150690,ogb,pusht,25,4,5976,cem,50,68.0,vis-bs128,729,ground_truth
visreg_ogb_lambd4p5_lr1e-4_seed729_150690,ogb,pusht,25,5,42,cem,50,74.0,vis-bs128,729,ground_truth
visreg_ogb_lambd4p5_lr1e-4_seed729_150690,ogb,pusht,25,6,42,cem,50,74.0,vis-bs128,729,ground_truth
visreg_ogb_lambd4p5_lr1e-4_seed729_150690,ogb,pusht,25,7,42,cem,50,74.0,vis-bs128,729,ground_truth
visreg_ogb_lambd4p5_lr1e-4_seed729_150690,ogb,pusht,25,8,42,cem,50,74.0,vis-bs128,729,ground_truth
visreg_ogb_lambd4p5_lr1e-4_seed729_150690,ogb,pusht,25,9,42,cem,50,74.0,vis-bs128,729,ground_truth
visreg_ogb_lambd4p5_lr1e-4_seed729_150690,ogb,pusht,25,10,42,cem,50,72.0,vis-bs128,729,ground_truth
dinocls_pusht_s0,pusht,pusht,25,0,1025,cem,50,52.0,,,pool:heldout-method
dinocls_pusht_s0,pusht,pusht,25,0,2027,cem,50,46.0,,,pool:heldout-method
dinocls_pusht_s0,pusht,pusht,25,0,3014,cem,50,50.0,,,pool:heldout-method
dinocls_pusht_s0,pusht,pusht,25,0,42,cem,50,42.0,,,pool:heldout-method
dinocls_pusht_s0,pusht,pusht,25,0,5501,cem,50,36.0,,,pool:heldout-method
dinocls_pusht_s0,pusht,pusht,25,0,60601,cem,50,50.0,,,pool:heldout-method
dinocls_pusht_s0,pusht,pusht,25,0,65537,cem,50,42.0,,,pool:heldout-method
dinocls_pusht_s0,pusht,pusht,25,0,8191,cem,50,46.0,,,pool:heldout-method
dinocls_pusht_s0,pusht,pusht,25,0,90210,cem,50,56.00000000000001,,,pool:heldout-method
ext_intact_full_pusht_s0,pusht,pusht,25,0,1025,cem,50,74.0,,,pool:heldout-method
ext_intact_full_pusht_s0,pusht,pusht,25,0,2027,cem,50,72.0,,,pool:heldout-method
ext_intact_full_pusht_s0,pusht,pusht,25,0,3014,cem,50,80.0,,,pool:heldout-method
ext_intact_full_pusht_s0,pusht,pusht,25,0,42,cem,50,82.0,,,pool:heldout-method
ext_intact_full_pusht_s0,pusht,pusht,25,0,5501,cem,50,84.0,,,pool:heldout-method
ext_intact_full_pusht_s0,pusht,pusht,25,0,60601,cem,50,88.0,,,pool:heldout-method
ext_intact_full_pusht_s0,pusht,pusht,25,0,65537,cem,50,82.0,,,pool:heldout-method
ext_intact_full_pusht_s0,pusht,pusht,25,0,8191,cem,50,74.0,,,pool:heldout-method
ext_intact_full_pusht_s0,pusht,pusht,25,0,90210,cem,50,84.0,,,pool:heldout-method
ext_intact_full_pusht_s3072,pusht,pusht,25,0,1025,cem,50,78.0,,,pool:heldout-method
ext_intact_full_pusht_s3072,pusht,pusht,25,0,2027,cem,50,80.0,,,pool:heldout-method
ext_intact_full_pusht_s3072,pusht,pusht,25,0,3014,cem,50,88.0,,,pool:heldout-method
ext_intact_full_pusht_s3072,pusht,pusht,25,0,42,cem,50,92.0,,,pool:heldout-method
ext_intact_full_pusht_s3072,pusht,pusht,25,0,5501,cem,50,72.0,,,pool:heldout-method
ext_intact_full_pusht_s3072,pusht,pusht,25,0,60601,cem,50,84.0,,,pool:heldout-method
ext_intact_full_pusht_s3072,pusht,pusht,25,0,65537,cem,50,80.0,,,pool:heldout-method
ext_intact_full_pusht_s3072,pusht,pusht,25,0,8191,cem,50,76.0,,,pool:heldout-method
ext_intact_full_pusht_s3072,pusht,pusht,25,0,90210,cem,50,82.0,,,pool:heldout-method
ext_intact_full_pusht_s42,pusht,pusht,25,0,1025,cem,50,86.0,,,pool:heldout-method
ext_intact_full_pusht_s42,pusht,pusht,25,0,2027,cem,50,72.0,,,pool:heldout-method
ext_intact_full_pusht_s42,pusht,pusht,25,0,3014,cem,50,84.0,,,pool:heldout-method
ext_intact_full_pusht_s42,pusht,pusht,25,0,42,cem,50,80.0,,,pool:heldout-method
ext_intact_full_pusht_s42,pusht,pusht,25,0,5501,cem,50,86.0,,,pool:heldout-method
ext_intact_full_pusht_s42,pusht,pusht,25,0,60601,cem,50,82.0,,,pool:heldout-method
ext_intact_full_pusht_s42,pusht,pusht,25,0,65537,cem,50,76.0,,,pool:heldout-method
ext_intact_full_pusht_s42,pusht,pusht,25,0,8191,cem,50,70.0,,,pool:heldout-method
ext_intact_full_pusht_s42,pusht,pusht,25,0,90210,cem,50,74.0,,,pool:heldout-method
ext_qantara_pusht_s11,pusht,pusht,25,0,1025,cem,50,84.0,,,pool:heldout-method
ext_qantara_pusht_s11,pusht,pusht,25,0,2027,cem,50,94.0,,,pool:heldout-method
ext_qantara_pusht_s11,pusht,pusht,25,0,3014,cem,50,90.0,,,pool:heldout-method
ext_qantara_pusht_s11,pusht,pusht,25,0,42,cem,50,98.0,,,pool:heldout-method
ext_qantara_pusht_s11,pusht,pusht,25,0,5501,cem,50,88.0,,,pool:heldout-method
ext_qantara_pusht_s11,pusht,pusht,25,0,60601,cem,50,92.0,,,pool:heldout-method
ext_qantara_pusht_s11,pusht,pusht,25,0,65537,cem,50,86.0,,,pool:heldout-method
ext_qantara_pusht_s11,pusht,pusht,25,0,8191,cem,50,88.0,,,pool:heldout-method
ext_qantara_pusht_s11,pusht,pusht,25,0,90210,cem,50,88.0,,,pool:heldout-method
ext_qantara_pusht_s22,pusht,pusht,25,0,1025,cem,50,92.0,,,pool:heldout-method
ext_qantara_pusht_s22,pusht,pusht,25,0,2027,cem,50,96.0,,,pool:heldout-method
ext_qantara_pusht_s22,pusht,pusht,25,0,3014,cem,50,94.0,,,pool:heldout-method
ext_qantara_pusht_s22,pusht,pusht,25,0,42,cem,50,94.0,,,pool:heldout-method
ext_qantara_pusht_s22,pusht,pusht,25,0,5501,cem,50,84.0,,,pool:heldout-method
ext_qantara_pusht_s22,pusht,pusht,25,0,60601,cem,50,98.0,,,pool:heldout-method
ext_qantara_pusht_s22,pusht,pusht,25,0,65537,cem,50,84.0,,,pool:heldout-method
ext_qantara_pusht_s22,pusht,pusht,25,0,8191,cem,50,84.0,,,pool:heldout-method
ext_qantara_pusht_s22,pusht,pusht,25,0,90210,cem,50,90.0,,,pool:heldout-method
ext_qantara_pusht_s33,pusht,pusht,25,0,1025,cem,50,92.0,,,pool:heldout-method
ext_qantara_pusht_s33,pusht,pusht,25,0,2027,cem,50,90.0,,,pool:heldout-method
ext_qantara_pusht_s33,pusht,pusht,25,0,3014,cem,50,84.0,,,pool:heldout-method
ext_qantara_pusht_s33,pusht,pusht,25,0,42,cem,50,94.0,,,pool:heldout-method
ext_qantara_pusht_s33,pusht,pusht,25,0,5501,cem,50,82.0,,,pool:heldout-method
ext_qantara_pusht_s33,pusht,pusht,25,0,60601,cem,50,94.0,,,pool:heldout-method
ext_qantara_pusht_s33,pusht,pusht,25,0,65537,cem,50,88.0,,,pool:heldout-method
ext_qantara_pusht_s33,pusht,pusht,25,0,8191,cem,50,88.0,,,pool:heldout-method
ext_qantara_pusht_s33,pusht,pusht,25,0,90210,cem,50,92.0,,,pool:heldout-method
sigreg_clsrecon_pusht_lambd0p09_115445,pusht,pusht,25,1,42,cem,50,52.0,clsrecon,base,ground_truth
sigreg_clsrecon_pusht_lambd0p09_115445,pusht,pusht,25,2,42,cem,50,70.0,clsrecon,base,ground_truth
sigreg_clsrecon_pusht_lambd0p09_115445,pusht,pusht,25,3,42,cem,50,70.0,clsrecon,base,ground_truth
sigreg_clsrecon_pusht_lambd0p09_115445,pusht,pusht,25,4,42,cem,50,82.0,clsrecon,base,ground_truth
sigreg_clsrecon_pusht_lambd0p09_115445,pusht,pusht,25,5,42,cem,50,84.0,clsrecon,base,ground_truth
sigreg_clsrecon_pusht_lambd0p09_115445,pusht,pusht,25,6,42,cem,50,86.0,clsrecon,base,ground_truth
sigreg_clsrecon_pusht_lambd0p09_115445,pusht,pusht,25,7,42,cem,50,92.0,clsrecon,base,ground_truth
sigreg_clsrecon_pusht_lambd0p09_115445,pusht,pusht,25,8,42,cem,50,18.0,clsrecon,base,ground_truth
sigreg_clsrecon_pusht_lambd0p09_115445,pusht,pusht,25,9,42,cem,50,96.0,clsrecon,base,ground_truth
sigreg_clsrecon_pusht_lambd0p09_115445,pusht,pusht,25,10,42,cem,50,92.0,clsrecon,base,ground_truth
sigreg_clsrecon_w0p3_noregmask_pusht_lambd0p09_116732,pusht,pusht,25,1,2027,cem,50,68.0,,,pool:heldout
sigreg_clsrecon_w0p3_noregmask_pusht_lambd0p09_116732,pusht,pusht,25,1,42,cem,50,54.0,clsrecon,base,ground_truth
sigreg_clsrecon_w0p3_noregmask_pusht_lambd0p09_116732,pusht,pusht,25,1,65537,cem,50,70.0,,,pool:heldout
sigreg_clsrecon_w0p3_noregmask_pusht_lambd0p09_116732,pusht,pusht,25,1,8191,cem,50,56.0,,,pool:heldout
sigreg_clsrecon_w0p3_noregmask_pusht_lambd0p09_116732,pusht,pusht,25,2,42,cem,50,82.0,clsrecon,base,ground_truth
sigreg_clsrecon_w0p3_noregmask_pusht_lambd0p09_116732,pusht,pusht,25,3,42,cem,50,80.0,clsrecon,base,ground_truth
sigreg_clsrecon_w0p3_noregmask_pusht_lambd0p09_116732,pusht,pusht,25,4,42,cem,50,80.0,clsrecon,base,ground_truth
sigreg_clsrecon_w0p3_noregmask_pusht_lambd0p09_116732,pusht,pusht,25,5,42,cem,50,88.0,clsrecon,base,ground_truth
sigreg_clsrecon_w0p3_noregmask_pusht_lambd0p09_116732,pusht,pusht,25,6,42,cem,50,92.0,clsrecon,base,ground_truth
sigreg_clsrecon_w0p3_noregmask_pusht_lambd0p09_116732,pusht,pusht,25,7,2027,cem,50,90.0,,,pool:heldout
sigreg_clsrecon_w0p3_noregmask_pusht_lambd0p09_116732,pusht,pusht,25,7,42,cem,50,90.0,clsrecon,base,ground_truth
sigreg_clsrecon_w0p3_noregmask_pusht_lambd0p09_116732,pusht,pusht,25,7,65537,cem,50,88.0,,,pool:heldout
sigreg_clsrecon_w0p3_noregmask_pusht_lambd0p09_116732,pusht,pusht,25,7,8191,cem,50,84.0,,,pool:heldout
sigreg_clsrecon_w0p3_noregmask_pusht_lambd0p09_116732,pusht,pusht,25,8,42,cem,50,94.0,clsrecon,base,ground_truth
sigreg_clsrecon_w0p3_noregmask_pusht_lambd0p09_116732,pusht,pusht,25,9,42,cem,50,94.0,clsrecon,base,ground_truth
sigreg_clsrecon_w0p3_noregmask_pusht_lambd0p09_116732,pusht,pusht,25,10,42,cem,50,92.0,clsrecon,base,ground_truth
sigreg_clsrecon_w0p3_noregmask_pusht_lambd0p09_seed1_117226,pusht,pusht,25,1,42,cem,50,74.0,clsrecon,1,ground_truth
sigreg_clsrecon_w0p3_noregmask_pusht_lambd0p09_seed1_117226,pusht,pusht,25,2,42,cem,50,74.0,clsrecon,1,ground_truth
sigreg_clsrecon_w0p3_noregmask_pusht_lambd0p09_seed1_117226,pusht,pusht,25,3,42,cem,50,92.0,clsrecon,1,ground_truth
sigreg_clsrecon_w0p3_noregmask_pusht_lambd0p09_seed1_117226,pusht,pusht,25,4,42,cem,50,82.0,clsrecon,1,ground_truth
sigreg_clsrecon_w0p3_noregmask_pusht_lambd0p09_seed1_117226,pusht,pusht,25,5,42,cem,50,90.0,clsrecon,1,ground_truth
sigreg_clsrecon_w0p3_noregmask_pusht_lambd0p09_seed1_117226,pusht,pusht,25,6,42,cem,50,88.0,clsrecon,1,ground_truth
sigreg_clsrecon_w0p3_noregmask_pusht_lambd0p09_seed1_117226,pusht,pusht,25,7,42,cem,50,92.0,clsrecon,1,ground_truth
sigreg_clsrecon_w0p3_noregmask_pusht_lambd0p09_seed1_117226,pusht,pusht,25,8,42,cem,50,94.0,clsrecon,1,ground_truth
sigreg_clsrecon_w0p3_noregmask_pusht_lambd0p09_seed1_117226,pusht,pusht,25,9,42,cem,50,96.0,clsrecon,1,ground_truth
sigreg_clsrecon_w0p3_noregmask_pusht_lambd0p09_seed1_117226,pusht,pusht,25,10,42,cem,50,94.0,clsrecon,1,ground_truth
sigreg_clsrecon_w0p3_noregmask_pusht_lambd0p09_seed7_117234,pusht,pusht,25,1,42,cem,50,68.0,clsrecon,7,ground_truth
sigreg_clsrecon_w0p3_noregmask_pusht_lambd0p09_seed7_117234,pusht,pusht,25,2,42,cem,50,92.0,clsrecon,7,ground_truth
sigreg_clsrecon_w0p3_noregmask_pusht_lambd0p09_seed7_117234,pusht,pusht,25,3,2027,cem,50,84.0,,,pool:heldout
sigreg_clsrecon_w0p3_noregmask_pusht_lambd0p09_seed7_117234,pusht,pusht,25,3,42,cem,50,84.0,clsrecon,7,ground_truth
sigreg_clsrecon_w0p3_noregmask_pusht_lambd0p09_seed7_117234,pusht,pusht,25,3,65537,cem,50,86.0,,,pool:heldout
sigreg_clsrecon_w0p3_noregmask_pusht_lambd0p09_seed7_117234,pusht,pusht,25,3,8191,cem,50,70.0,,,pool:heldout
sigreg_clsrecon_w0p3_noregmask_pusht_lambd0p09_seed7_117234,pusht,pusht,25,4,42,cem,50,94.0,clsrecon,7,ground_truth
sigreg_clsrecon_w0p3_noregmask_pusht_lambd0p09_seed7_117234,pusht,pusht,25,5,42,cem,50,88.0,clsrecon,7,ground_truth
sigreg_clsrecon_w0p3_noregmask_pusht_lambd0p09_seed7_117234,pusht,pusht,25,6,42,cem,50,92.0,clsrecon,7,ground_truth
sigreg_clsrecon_w0p3_noregmask_pusht_lambd0p09_seed7_117234,pusht,pusht,25,7,42,cem,50,96.0,clsrecon,7,ground_truth
sigreg_clsrecon_w0p3_noregmask_pusht_lambd0p09_seed7_117234,pusht,pusht,25,8,42,cem,50,92.0,clsrecon,7,ground_truth
sigreg_clsrecon_w0p3_noregmask_pusht_lambd0p09_seed7_117234,pusht,pusht,25,9,42,cem,50,94.0,clsrecon,7,ground_truth
sigreg_clsrecon_w0p3_noregmask_pusht_lambd0p09_seed7_117234,pusht,pusht,25,10,42,cem,50,92.0,clsrecon,7,ground_truth
sigreg_clsrecon_w0p3_patch_noregmask_pusht_lambd0p09_117125,pusht,pusht,25,1,2027,cem,50,18.0,,,pool:heldout
sigreg_clsrecon_w0p3_patch_noregmask_pusht_lambd0p09_117125,pusht,pusht,25,1,42,cem,50,18.0,clsrecon,base,ground_truth
sigreg_clsrecon_w0p3_patch_noregmask_pusht_lambd0p09_117125,pusht,pusht,25,1,65537,cem,50,6.0,,,pool:heldout
sigreg_clsrecon_w0p3_patch_noregmask_pusht_lambd0p09_117125,pusht,pusht,25,1,8191,cem,50,16.0,,,pool:heldout
sigreg_clsrecon_w0p3_patch_noregmask_pusht_lambd0p09_117125,pusht,pusht,25,2,42,cem,50,80.0,clsrecon,base,ground_truth
sigreg_clsrecon_w0p3_patch_noregmask_pusht_lambd0p09_117125,pusht,pusht,25,3,42,cem,50,86.0,clsrecon,base,ground_truth
sigreg_clsrecon_w0p3_patch_noregmask_pusht_lambd0p09_117125,pusht,pusht,25,4,42,cem,50,86.0,clsrecon,base,ground_truth
sigreg_clsrecon_w0p3_patch_noregmask_pusht_lambd0p09_117125,pusht,pusht,25,5,42,cem,50,94.0,clsrecon,base,ground_truth
sigreg_clsrecon_w0p3_patch_noregmask_pusht_lambd0p09_117125,pusht,pusht,25,6,42,cem,50,94.0,clsrecon,base,ground_truth
sigreg_clsrecon_w0p3_patch_noregmask_pusht_lambd0p09_117125,pusht,pusht,25,7,42,cem,50,94.0,clsrecon,base,ground_truth
sigreg_clsrecon_w0p3_patch_noregmask_pusht_lambd0p09_117125,pusht,pusht,25,8,42,cem,50,94.0,clsrecon,base,ground_truth
sigreg_clsrecon_w0p3_patch_noregmask_pusht_lambd0p09_117125,pusht,pusht,25,9,42,cem,50,96.0,clsrecon,base,ground_truth
sigreg_clsrecon_w0p3_patch_noregmask_pusht_lambd0p09_117125,pusht,pusht,25,10,42,cem,50,96.0,clsrecon,base,ground_truth
sigreg_clsrecon_w0p3_patch_noregmask_pusht_lambd0p09_seed1_117227,pusht,pusht,25,1,2027,cem,50,16.0,,,pool:heldout
sigreg_clsrecon_w0p3_patch_noregmask_pusht_lambd0p09_seed1_117227,pusht,pusht,25,1,42,cem,50,20.0,clsrecon,1,ground_truth
sigreg_clsrecon_w0p3_patch_noregmask_pusht_lambd0p09_seed1_117227,pusht,pusht,25,1,65537,cem,50,16.0,,,pool:heldout
sigreg_clsrecon_w0p3_patch_noregmask_pusht_lambd0p09_seed1_117227,pusht,pusht,25,1,8191,cem,50,16.0,,,pool:heldout
sigreg_clsrecon_w0p3_patch_noregmask_pusht_lambd0p09_seed1_117227,pusht,pusht,25,2,42,cem,50,57.99999999999999,clsrecon,1,ground_truth
sigreg_clsrecon_w0p3_patch_noregmask_pusht_lambd0p09_seed1_117227,pusht,pusht,25,3,2027,cem,50,64.0,,,pool:heldout
sigreg_clsrecon_w0p3_patch_noregmask_pusht_lambd0p09_seed1_117227,pusht,pusht,25,3,42,cem,50,62.0,clsrecon,1,ground_truth
sigreg_clsrecon_w0p3_patch_noregmask_pusht_lambd0p09_seed1_117227,pusht,pusht,25,3,65537,cem,50,58.0,,,pool:heldout
sigreg_clsrecon_w0p3_patch_noregmask_pusht_lambd0p09_seed1_117227,pusht,pusht,25,3,8191,cem,50,68.0,,,pool:heldout
sigreg_clsrecon_w0p3_patch_noregmask_pusht_lambd0p09_seed1_117227,pusht,pusht,25,4,42,cem,50,74.0,clsrecon,1,ground_truth
sigreg_clsrecon_w0p3_patch_noregmask_pusht_lambd0p09_seed1_117227,pusht,pusht,25,5,42,cem,50,68.0,clsrecon,1,ground_truth
sigreg_clsrecon_w0p3_patch_noregmask_pusht_lambd0p09_seed1_117227,pusht,pusht,25,6,42,cem,50,74.0,clsrecon,1,ground_truth
sigreg_clsrecon_w0p3_patch_noregmask_pusht_lambd0p09_seed1_117227,pusht,pusht,25,7,42,cem,50,74.0,clsrecon,1,ground_truth
sigreg_clsrecon_w0p3_patch_noregmask_pusht_lambd0p09_seed1_117227,pusht,pusht,25,8,42,cem,50,66.0,clsrecon,1,ground_truth
sigreg_clsrecon_w0p3_patch_noregmask_pusht_lambd0p09_seed1_117227,pusht,pusht,25,9,42,cem,50,66.0,clsrecon,1,ground_truth
sigreg_clsrecon_w0p3_patch_noregmask_pusht_lambd0p09_seed1_117227,pusht,pusht,25,10,42,cem,50,70.0,clsrecon,1,ground_truth
sigreg_clsrecon_w0p3_patch_noregmask_pusht_lambd0p09_seed7_117235,pusht,pusht,25,1,2027,cem,50,12.0,,,pool:heldout
sigreg_clsrecon_w0p3_patch_noregmask_pusht_lambd0p09_seed7_117235,pusht,pusht,25,1,42,cem,50,10.0,clsrecon,7,ground_truth
sigreg_clsrecon_w0p3_patch_noregmask_pusht_lambd0p09_seed7_117235,pusht,pusht,25,1,65537,cem,50,8.0,,,pool:heldout
sigreg_clsrecon_w0p3_patch_noregmask_pusht_lambd0p09_seed7_117235,pusht,pusht,25,1,8191,cem,50,12.0,,,pool:heldout
sigreg_clsrecon_w0p3_patch_noregmask_pusht_lambd0p09_seed7_117235,pusht,pusht,25,2,2027,cem,50,32.0,,,pool:heldout
sigreg_clsrecon_w0p3_patch_noregmask_pusht_lambd0p09_seed7_117235,pusht,pusht,25,2,42,cem,50,50.0,clsrecon,7,ground_truth
sigreg_clsrecon_w0p3_patch_noregmask_pusht_lambd0p09_seed7_117235,pusht,pusht,25,2,65537,cem,50,28.0,,,pool:heldout
sigreg_clsrecon_w0p3_patch_noregmask_pusht_lambd0p09_seed7_117235,pusht,pusht,25,2,8191,cem,50,42.0,,,pool:heldout
sigreg_clsrecon_w0p3_patch_noregmask_pusht_lambd0p09_seed7_117235,pusht,pusht,25,3,42,cem,50,68.0,clsrecon,7,ground_truth
sigreg_clsrecon_w0p3_patch_noregmask_pusht_lambd0p09_seed7_117235,pusht,pusht,25,4,42,cem,50,68.0,clsrecon,7,ground_truth
sigreg_clsrecon_w0p3_patch_noregmask_pusht_lambd0p09_seed7_117235,pusht,pusht,25,5,42,cem,50,70.0,clsrecon,7,ground_truth
sigreg_clsrecon_w0p3_patch_noregmask_pusht_lambd0p09_seed7_117235,pusht,pusht,25,6,42,cem,50,60.0,clsrecon,7,ground_truth
sigreg_clsrecon_w0p3_patch_noregmask_pusht_lambd0p09_seed7_117235,pusht,pusht,25,7,42,cem,50,66.0,clsrecon,7,ground_truth
sigreg_clsrecon_w0p3_patch_noregmask_pusht_lambd0p09_seed7_117235,pusht,pusht,25,8,42,cem,50,70.0,clsrecon,7,ground_truth
sigreg_clsrecon_w0p3_patch_noregmask_pusht_lambd0p09_seed7_117235,pusht,pusht,25,9,42,cem,50,70.0,clsrecon,7,ground_truth
sigreg_clsrecon_w0p3_patch_noregmask_pusht_lambd0p09_seed7_117235,pusht,pusht,25,10,2027,cem,50,62.0,,,pool:heldout
sigreg_clsrecon_w0p3_patch_noregmask_pusht_lambd0p09_seed7_117235,pusht,pusht,25,10,42,cem,50,60.0,clsrecon,7,ground_truth
sigreg_clsrecon_w0p3_patch_noregmask_pusht_lambd0p09_seed7_117235,pusht,pusht,25,10,65537,cem,50,60.0,,,pool:heldout
sigreg_clsrecon_w0p3_patch_noregmask_pusht_lambd0p09_seed7_117235,pusht,pusht,25,10,8191,cem,50,64.0,,,pool:heldout
sigreg_clsrecon_w0p3_patch_pusht_lambd0p09_116985,pusht,pusht,25,1,42,cem,50,6.0,clsrecon,base,ground_truth
sigreg_clsrecon_w0p3_patch_pusht_lambd0p09_116985,pusht,pusht,25,2,2027,cem,50,4.0,,,pool:heldout
sigreg_clsrecon_w0p3_patch_pusht_lambd0p09_116985,pusht,pusht,25,2,42,cem,50,4.0,clsrecon,base,ground_truth
sigreg_clsrecon_w0p3_patch_pusht_lambd0p09_116985,pusht,pusht,25,2,65537,cem,50,0.0,,,pool:heldout
sigreg_clsrecon_w0p3_patch_pusht_lambd0p09_116985,pusht,pusht,25,2,8191,cem,50,4.0,,,pool:heldout
sigreg_clsrecon_w0p3_patch_pusht_lambd0p09_116985,pusht,pusht,25,3,2027,cem,50,12.0,,,pool:heldout
sigreg_clsrecon_w0p3_patch_pusht_lambd0p09_116985,pusht,pusht,25,3,42,cem,50,14.000000000000002,clsrecon,base,ground_truth
sigreg_clsrecon_w0p3_patch_pusht_lambd0p09_116985,pusht,pusht,25,3,65537,cem,50,6.0,,,pool:heldout
sigreg_clsrecon_w0p3_patch_pusht_lambd0p09_116985,pusht,pusht,25,3,8191,cem,50,2.0,,,pool:heldout
sigreg_clsrecon_w0p3_patch_pusht_lambd0p09_116985,pusht,pusht,25,4,2027,cem,50,32.0,,,pool:heldout
sigreg_clsrecon_w0p3_patch_pusht_lambd0p09_116985,pusht,pusht,25,4,42,cem,50,30.0,clsrecon,base,ground_truth
sigreg_clsrecon_w0p3_patch_pusht_lambd0p09_116985,pusht,pusht,25,4,65537,cem,50,28.0,,,pool:heldout
sigreg_clsrecon_w0p3_patch_pusht_lambd0p09_116985,pusht,pusht,25,4,8191,cem,50,30.0,,,pool:heldout
sigreg_clsrecon_w0p3_patch_pusht_lambd0p09_116985,pusht,pusht,25,5,42,cem,50,46.0,clsrecon,base,ground_truth
sigreg_clsrecon_w0p3_patch_pusht_lambd0p09_116985,pusht,pusht,25,6,42,cem,50,56.00000000000001,clsrecon,base,ground_truth
sigreg_clsrecon_w0p3_patch_pusht_lambd0p09_116985,pusht,pusht,25,7,42,cem,50,64.0,clsrecon,base,ground_truth
sigreg_clsrecon_w0p3_patch_pusht_lambd0p09_116985,pusht,pusht,25,8,42,cem,50,62.0,clsrecon,base,ground_truth
sigreg_clsrecon_w0p3_patch_pusht_lambd0p09_116985,pusht,pusht,25,9,2027,cem,50,66.0,,,pool:heldout
sigreg_clsrecon_w0p3_patch_pusht_lambd0p09_116985,pusht,pusht,25,9,42,cem,50,57.99999999999999,clsrecon,base,ground_truth
sigreg_clsrecon_w0p3_patch_pusht_lambd0p09_116985,pusht,pusht,25,9,65537,cem,50,64.0,,,pool:heldout
sigreg_clsrecon_w0p3_patch_pusht_lambd0p09_116985,pusht,pusht,25,9,8191,cem,50,60.0,,,pool:heldout
sigreg_clsrecon_w0p3_patch_pusht_lambd0p09_116985,pusht,pusht,25,10,42,cem,50,70.0,clsrecon,base,ground_truth
sigreg_clsrecon_w0p3_pusht_lambd0p09_116567,pusht,pusht,25,1,2027,cem,50,12.0,,,pool:heldout
sigreg_clsrecon_w0p3_pusht_lambd0p09_116567,pusht,pusht,25,1,42,cem,50,14.000000000000002,clsrecon,base,ground_truth
sigreg_clsrecon_w0p3_pusht_lambd0p09_116567,pusht,pusht,25,1,65537,cem,50,8.0,,,pool:heldout
sigreg_clsrecon_w0p3_pusht_lambd0p09_116567,pusht,pusht,25,1,8191,cem,50,20.0,,,pool:heldout
sigreg_clsrecon_w0p3_pusht_lambd0p09_116567,pusht,pusht,25,2,2027,cem,50,40.0,,,pool:heldout
sigreg_clsrecon_w0p3_pusht_lambd0p09_116567,pusht,pusht,25,2,42,cem,50,42.0,clsrecon,base,ground_truth
sigreg_clsrecon_w0p3_pusht_lambd0p09_116567,pusht,pusht,25,2,65537,cem,50,42.0,,,pool:heldout
sigreg_clsrecon_w0p3_pusht_lambd0p09_116567,pusht,pusht,25,2,8191,cem,50,50.0,,,pool:heldout
sigreg_clsrecon_w0p3_pusht_lambd0p09_116567,pusht,pusht,25,3,2027,cem,50,76.0,,,pool:heldout
sigreg_clsrecon_w0p3_pusht_lambd0p09_116567,pusht,pusht,25,3,42,cem,50,72.0,clsrecon,base,ground_truth
sigreg_clsrecon_w0p3_pusht_lambd0p09_116567,pusht,pusht,25,3,65537,cem,50,70.0,,,pool:heldout
sigreg_clsrecon_w0p3_pusht_lambd0p09_116567,pusht,pusht,25,3,8191,cem,50,62.0,,,pool:heldout
sigreg_clsrecon_w0p3_pusht_lambd0p09_116567,pusht,pusht,25,4,42,cem,50,78.0,clsrecon,base,ground_truth
sigreg_clsrecon_w0p3_pusht_lambd0p09_116567,pusht,pusht,25,5,42,cem,50,88.0,clsrecon,base,ground_truth
sigreg_clsrecon_w0p3_pusht_lambd0p09_116567,pusht,pusht,25,6,42,cem,50,90.0,clsrecon,base,ground_truth
sigreg_clsrecon_w0p3_pusht_lambd0p09_116567,pusht,pusht,25,7,42,cem,50,92.0,clsrecon,base,ground_truth
sigreg_clsrecon_w0p3_pusht_lambd0p09_116567,pusht,pusht,25,8,42,cem,50,96.0,clsrecon,base,ground_truth
sigreg_clsrecon_w0p3_pusht_lambd0p09_116567,pusht,pusht,25,9,42,cem,50,92.0,clsrecon,base,ground_truth
sigreg_clsrecon_w0p3_pusht_lambd0p09_116567,pusht,pusht,25,10,42,cem,50,92.0,clsrecon,base,ground_truth
sigreg_pusht_lambd0p09_179619,pusht,pusht,25,1,42,cem,50,48.0,sig-128,base,ground_truth
sigreg_pusht_lambd0p09_179619,pusht,pusht,25,2,42,cem,50,82.0,sig-128,base,ground_truth
sigreg_pusht_lambd0p09_179619,pusht,pusht,25,3,42,cem,50,92.0,sig-128,base,ground_truth
sigreg_pusht_lambd0p09_179619,pusht,pusht,25,4,42,cem,50,88.0,sig-128,base,ground_truth
sigreg_pusht_lambd0p09_179619,pusht,pusht,25,5,42,cem,50,92.0,sig-128,base,ground_truth
sigreg_pusht_lambd0p09_179619,pusht,pusht,25,6,42,cem,50,88.0,sig-128,base,ground_truth
sigreg_pusht_lambd0p09_179619,pusht,pusht,25,7,42,cem,50,98.0,sig-128,base,ground_truth
sigreg_pusht_lambd0p09_179619,pusht,pusht,25,8,42,cem,50,96.0,sig-128,base,ground_truth
sigreg_pusht_lambd0p09_179619,pusht,pusht,25,9,42,cem,50,96.0,sig-128,base,ground_truth
sigreg_pusht_lambd0p09_179619,pusht,pusht,25,10,42,cem,50,96.0,sig-128,base,ground_truth
sigreg_pusht_lambd0p09_seed403_180833,pusht,pusht,25,1,42,cem,50,64.0,sig-128,403,ground_truth
sigreg_pusht_lambd0p09_seed403_180833,pusht,pusht,25,2,42,cem,50,86.0,sig-128,403,ground_truth
sigreg_pusht_lambd0p09_seed403_180833,pusht,pusht,25,3,42,cem,50,90.0,sig-128,403,ground_truth
sigreg_pusht_lambd0p09_seed403_180833,pusht,pusht,25,3,5501,cem,50,86.0,,,pool:heldout
sigreg_pusht_lambd0p09_seed403_180833,pusht,pusht,25,3,60601,cem,50,84.0,,,pool:heldout
sigreg_pusht_lambd0p09_seed403_180833,pusht,pusht,25,3,90210,cem,50,86.0,,,pool:heldout
sigreg_pusht_lambd0p09_seed403_180833,pusht,pusht,25,4,42,cem,50,86.0,sig-128,403,ground_truth
sigreg_pusht_lambd0p09_seed403_180833,pusht,pusht,25,4,5501,cem,50,86.0,,,pool:heldout
sigreg_pusht_lambd0p09_seed403_180833,pusht,pusht,25,4,60601,cem,50,88.0,,,pool:heldout
sigreg_pusht_lambd0p09_seed403_180833,pusht,pusht,25,4,90210,cem,50,90.0,,,pool:heldout
sigreg_pusht_lambd0p09_seed403_180833,pusht,pusht,25,5,42,cem,50,90.0,sig-128,403,ground_truth
sigreg_pusht_lambd0p09_seed403_180833,pusht,pusht,25,5,5501,cem,50,92.0,,,pool:heldout
sigreg_pusht_lambd0p09_seed403_180833,pusht,pusht,25,5,60601,cem,50,88.0,,,pool:heldout
sigreg_pusht_lambd0p09_seed403_180833,pusht,pusht,25,5,90210,cem,50,92.0,,,pool:heldout
sigreg_pusht_lambd0p09_seed403_180833,pusht,pusht,25,6,42,cem,50,96.0,sig-128,403,ground_truth
sigreg_pusht_lambd0p09_seed403_180833,pusht,pusht,25,6,5501,cem,50,92.0,,,pool:heldout
sigreg_pusht_lambd0p09_seed403_180833,pusht,pusht,25,6,60601,cem,50,94.0,,,pool:heldout
sigreg_pusht_lambd0p09_seed403_180833,pusht,pusht,25,6,90210,cem,50,96.0,,,pool:heldout
sigreg_pusht_lambd0p09_seed403_180833,pusht,pushobj_I,25,7,1025,cem,50,80.0,sig-128,403,ground_truth
sigreg_pusht_lambd0p09_seed403_180833,pusht,pushobj_I,25,7,3014,cem,50,70.0,sig-128,403,ground_truth
sigreg_pusht_lambd0p09_seed403_180833,pusht,pushobj_I,25,7,5976,cem,50,66.0,sig-128,403,ground_truth
sigreg_pusht_lambd0p09_seed403_180833,pusht,pushobj_I,50,7,1025,cem,50,56.0,sig-128,403,ground_truth
sigreg_pusht_lambd0p09_seed403_180833,pusht,pushobj_I,50,7,3014,cem,50,58.0,sig-128,403,ground_truth
sigreg_pusht_lambd0p09_seed403_180833,pusht,pushobj_I,50,7,5976,cem,50,50.0,sig-128,403,ground_truth
sigreg_pusht_lambd0p09_seed403_180833,pusht,pushobj_I,75,7,1025,cem,50,32.0,sig-128,403,ground_truth
sigreg_pusht_lambd0p09_seed403_180833,pusht,pushobj_I,75,7,3014,cem,50,44.0,sig-128,403,ground_truth
sigreg_pusht_lambd0p09_seed403_180833,pusht,pushobj_I,75,7,5976,cem,50,38.0,sig-128,403,ground_truth
sigreg_pusht_lambd0p09_seed403_180833,pusht,pushobj_L,25,7,1025,cem,50,86.0,sig-128,403,ground_truth
sigreg_pusht_lambd0p09_seed403_180833,pusht,pushobj_L,25,7,3014,cem,50,84.0,sig-128,403,ground_truth
sigreg_pusht_lambd0p09_seed403_180833,pusht,pushobj_L,25,7,5976,cem,50,84.0,sig-128,403,ground_truth
sigreg_pusht_lambd0p09_seed403_180833,pusht,pushobj_L,50,7,1025,cem,50,74.0,sig-128,403,ground_truth
sigreg_pusht_lambd0p09_seed403_180833,pusht,pushobj_L,50,7,3014,cem,50,72.0,sig-128,403,ground_truth
sigreg_pusht_lambd0p09_seed403_180833,pusht,pushobj_L,50,7,5976,cem,50,68.0,sig-128,403,ground_truth
sigreg_pusht_lambd0p09_seed403_180833,pusht,pushobj_L,75,7,1025,cem,50,60.0,sig-128,403,ground_truth
sigreg_pusht_lambd0p09_seed403_180833,pusht,pushobj_L,75,7,3014,cem,50,40.0,sig-128,403,ground_truth
sigreg_pusht_lambd0p09_seed403_180833,pusht,pushobj_L,75,7,5976,cem,50,48.0,sig-128,403,ground_truth
sigreg_pusht_lambd0p09_seed403_180833,pusht,pushobj_Z,25,7,1025,cem,50,88.0,sig-128,403,ground_truth
sigreg_pusht_lambd0p09_seed403_180833,pusht,pushobj_Z,25,7,3014,cem,50,80.0,sig-128,403,ground_truth
sigreg_pusht_lambd0p09_seed403_180833,pusht,pushobj_Z,25,7,5976,cem,50,76.0,sig-128,403,ground_truth
sigreg_pusht_lambd0p09_seed403_180833,pusht,pushobj_Z,50,7,1025,cem,50,54.0,sig-128,403,ground_truth
sigreg_pusht_lambd0p09_seed403_180833,pusht,pushobj_Z,50,7,3014,cem,50,74.0,sig-128,403,ground_truth
sigreg_pusht_lambd0p09_seed403_180833,pusht,pushobj_Z,50,7,5976,cem,50,66.0,sig-128,403,ground_truth
sigreg_pusht_lambd0p09_seed403_180833,pusht,pushobj_Z,75,7,1025,cem,50,60.0,sig-128,403,ground_truth
sigreg_pusht_lambd0p09_seed403_180833,pusht,pushobj_Z,75,7,3014,cem,50,44.0,sig-128,403,ground_truth
sigreg_pusht_lambd0p09_seed403_180833,pusht,pushobj_Z,75,7,5976,cem,50,40.0,sig-128,403,ground_truth
sigreg_pusht_lambd0p09_seed403_180833,pusht,pushobj_plus,25,7,1025,cem,50,70.0,sig-128,403,ground_truth
sigreg_pusht_lambd0p09_seed403_180833,pusht,pushobj_plus,25,7,3014,cem,50,76.0,sig-128,403,ground_truth
sigreg_pusht_lambd0p09_seed403_180833,pusht,pushobj_plus,25,7,5976,cem,50,78.0,sig-128,403,ground_truth
sigreg_pusht_lambd0p09_seed403_180833,pusht,pushobj_plus,50,7,1025,cem,50,66.0,sig-128,403,ground_truth
sigreg_pusht_lambd0p09_seed403_180833,pusht,pushobj_plus,50,7,3014,cem,50,56.0,sig-128,403,ground_truth
sigreg_pusht_lambd0p09_seed403_180833,pusht,pushobj_plus,50,7,5976,cem,50,52.0,sig-128,403,ground_truth
sigreg_pusht_lambd0p09_seed403_180833,pusht,pushobj_plus,75,7,1025,cem,50,38.0,sig-128,403,ground_truth
sigreg_pusht_lambd0p09_seed403_180833,pusht,pushobj_plus,75,7,3014,cem,50,40.0,sig-128,403,ground_truth
sigreg_pusht_lambd0p09_seed403_180833,pusht,pushobj_plus,75,7,5976,cem,50,42.0,sig-128,403,ground_truth
sigreg_pusht_lambd0p09_seed403_180833,pusht,pushobj_small_tee,25,7,1025,cem,50,86.0,sig-128,403,ground_truth
sigreg_pusht_lambd0p09_seed403_180833,pusht,pushobj_small_tee,25,7,3014,cem,50,74.0,sig-128,403,ground_truth
sigreg_pusht_lambd0p09_seed403_180833,pusht,pushobj_small_tee,25,7,5976,cem,50,84.0,sig-128,403,ground_truth
sigreg_pusht_lambd0p09_seed403_180833,pusht,pushobj_small_tee,50,7,1025,cem,50,56.0,sig-128,403,ground_truth
sigreg_pusht_lambd0p09_seed403_180833,pusht,pushobj_small_tee,50,7,3014,cem,50,62.0,sig-128,403,ground_truth
sigreg_pusht_lambd0p09_seed403_180833,pusht,pushobj_small_tee,50,7,5976,cem,50,66.0,sig-128,403,ground_truth
sigreg_pusht_lambd0p09_seed403_180833,pusht,pushobj_small_tee,75,7,1025,cem,50,44.0,sig-128,403,ground_truth
sigreg_pusht_lambd0p09_seed403_180833,pusht,pushobj_small_tee,75,7,3014,cem,50,32.0,sig-128,403,ground_truth
sigreg_pusht_lambd0p09_seed403_180833,pusht,pushobj_small_tee,75,7,5976,cem,50,42.0,sig-128,403,ground_truth
sigreg_pusht_lambd0p09_seed403_180833,pusht,pushobj_square,25,7,1025,cem,50,80.0,sig-128,403,ground_truth
sigreg_pusht_lambd0p09_seed403_180833,pusht,pushobj_square,25,7,3014,cem,50,74.0,sig-128,403,ground_truth
sigreg_pusht_lambd0p09_seed403_180833,pusht,pushobj_square,25,7,5976,cem,50,72.0,sig-128,403,ground_truth
sigreg_pusht_lambd0p09_seed403_180833,pusht,pushobj_square,50,7,1025,cem,50,62.0,sig-128,403,ground_truth
sigreg_pusht_lambd0p09_seed403_180833,pusht,pushobj_square,50,7,3014,cem,50,62.0,sig-128,403,ground_truth
sigreg_pusht_lambd0p09_seed403_180833,pusht,pushobj_square,50,7,5976,cem,50,52.0,sig-128,403,ground_truth
sigreg_pusht_lambd0p09_seed403_180833,pusht,pushobj_square,75,7,1025,cem,50,40.0,sig-128,403,ground_truth
sigreg_pusht_lambd0p09_seed403_180833,pusht,pushobj_square,75,7,3014,cem,50,48.0,sig-128,403,ground_truth
sigreg_pusht_lambd0p09_seed403_180833,pusht,pushobj_square,75,7,5976,cem,50,46.0,sig-128,403,ground_truth
sigreg_pusht_lambd0p09_seed403_180833,pusht,pusht,25,7,1025,cem,50,90.0,sig-128,403,ground_truth
sigreg_pusht_lambd0p09_seed403_180833,pusht,pusht,25,7,3014,cem,50,88.0,sig-128,403,ground_truth
sigreg_pusht_lambd0p09_seed403_180833,pusht,pusht,25,7,42,cem,50,98.0,sig-128,403,ground_truth
sigreg_pusht_lambd0p09_seed403_180833,pusht,pusht,25,7,5501,cem,50,94.0,,,pool:heldout
sigreg_pusht_lambd0p09_seed403_180833,pusht,pusht,25,7,5976,cem,50,88.0,sig-128,403,ground_truth
sigreg_pusht_lambd0p09_seed403_180833,pusht,pusht,25,7,60601,cem,50,96.0,,,pool:heldout
sigreg_pusht_lambd0p09_seed403_180833,pusht,pusht,25,7,90210,cem,50,96.0,,,pool:heldout
sigreg_pusht_lambd0p09_seed403_180833,pusht,pusht,50,7,1025,cem,50,40.0,sig-128,403,ground_truth
sigreg_pusht_lambd0p09_seed403_180833,pusht,pusht,50,7,3014,cem,50,42.0,sig-128,403,ground_truth
sigreg_pusht_lambd0p09_seed403_180833,pusht,pusht,50,7,5976,cem,50,46.0,sig-128,403,ground_truth
sigreg_pusht_lambd0p09_seed403_180833,pusht,pusht,75,7,1025,cem,50,26.0,sig-128,403,ground_truth
sigreg_pusht_lambd0p09_seed403_180833,pusht,pusht,75,7,3014,cem,50,22.0,sig-128,403,ground_truth
sigreg_pusht_lambd0p09_seed403_180833,pusht,pusht,75,7,5976,cem,50,20.0,sig-128,403,ground_truth
sigreg_pusht_lambd0p09_seed403_180833,pusht,pushobj_I,25,10,1025,cem,50,72.0,sig-128,403,ground_truth
sigreg_pusht_lambd0p09_seed403_180833,pusht,pushobj_I,25,10,3014,cem,50,72.0,sig-128,403,ground_truth
sigreg_pusht_lambd0p09_seed403_180833,pusht,pushobj_I,25,10,5976,cem,50,80.0,sig-128,403,ground_truth
sigreg_pusht_lambd0p09_seed403_180833,pusht,pushobj_I,50,10,1025,cem,50,56.0,sig-128,403,ground_truth
sigreg_pusht_lambd0p09_seed403_180833,pusht,pushobj_I,50,10,3014,cem,50,60.0,sig-128,403,ground_truth
sigreg_pusht_lambd0p09_seed403_180833,pusht,pushobj_I,50,10,5976,cem,50,60.0,sig-128,403,ground_truth
sigreg_pusht_lambd0p09_seed403_180833,pusht,pushobj_I,75,10,1025,cem,50,36.0,sig-128,403,ground_truth
sigreg_pusht_lambd0p09_seed403_180833,pusht,pushobj_I,75,10,3014,cem,50,34.0,sig-128,403,ground_truth
sigreg_pusht_lambd0p09_seed403_180833,pusht,pushobj_I,75,10,5976,cem,50,40.0,sig-128,403,ground_truth
sigreg_pusht_lambd0p09_seed403_180833,pusht,pushobj_L,25,10,1025,cem,50,78.0,sig-128,403,ground_truth
sigreg_pusht_lambd0p09_seed403_180833,pusht,pushobj_L,25,10,3014,cem,50,84.0,sig-128,403,ground_truth
sigreg_pusht_lambd0p09_seed403_180833,pusht,pushobj_L,25,10,5976,cem,50,78.0,sig-128,403,ground_truth
sigreg_pusht_lambd0p09_seed403_180833,pusht,pushobj_L,50,10,1025,cem,50,74.0,sig-128,403,ground_truth
sigreg_pusht_lambd0p09_seed403_180833,pusht,pushobj_L,50,10,3014,cem,50,68.0,sig-128,403,ground_truth
sigreg_pusht_lambd0p09_seed403_180833,pusht,pushobj_L,50,10,5976,cem,50,74.0,sig-128,403,ground_truth
sigreg_pusht_lambd0p09_seed403_180833,pusht,pushobj_L,75,10,1025,cem,50,74.0,sig-128,403,ground_truth
sigreg_pusht_lambd0p09_seed403_180833,pusht,pushobj_L,75,10,3014,cem,50,48.0,sig-128,403,ground_truth
sigreg_pusht_lambd0p09_seed403_180833,pusht,pushobj_L,75,10,5976,cem,50,46.0,sig-128,403,ground_truth
sigreg_pusht_lambd0p09_seed403_180833,pusht,pushobj_T,25,10,1025,cem,50,94.0,sig-128,403,ground_truth
sigreg_pusht_lambd0p09_seed403_180833,pusht,pushobj_T,25,10,3014,cem,50,96.0,sig-128,403,ground_truth
sigreg_pusht_lambd0p09_seed403_180833,pusht,pushobj_T,25,10,5976,cem,50,94.0,sig-128,403,ground_truth
sigreg_pusht_lambd0p09_seed403_180833,pusht,pushobj_T,50,10,1025,cem,50,42.0,sig-128,403,ground_truth
sigreg_pusht_lambd0p09_seed403_180833,pusht,pushobj_T,50,10,3014,cem,50,54.0,sig-128,403,ground_truth
sigreg_pusht_lambd0p09_seed403_180833,pusht,pushobj_T,50,10,5976,cem,50,50.0,sig-128,403,ground_truth
sigreg_pusht_lambd0p09_seed403_180833,pusht,pushobj_T,75,10,1025,cem,50,18.0,sig-128,403,ground_truth
sigreg_pusht_lambd0p09_seed403_180833,pusht,pushobj_T,75,10,3014,cem,50,16.0,sig-128,403,ground_truth
sigreg_pusht_lambd0p09_seed403_180833,pusht,pushobj_T,75,10,5976,cem,50,24.0,sig-128,403,ground_truth
sigreg_pusht_lambd0p09_seed403_180833,pusht,pushobj_Z,25,10,1025,cem,50,74.0,sig-128,403,ground_truth
sigreg_pusht_lambd0p09_seed403_180833,pusht,pushobj_Z,25,10,3014,cem,50,88.0,sig-128,403,ground_truth
sigreg_pusht_lambd0p09_seed403_180833,pusht,pushobj_Z,25,10,5976,cem,50,82.0,sig-128,403,ground_truth
sigreg_pusht_lambd0p09_seed403_180833,pusht,pushobj_Z,50,10,1025,cem,50,68.0,sig-128,403,ground_truth
sigreg_pusht_lambd0p09_seed403_180833,pusht,pushobj_Z,50,10,3014,cem,50,60.0,sig-128,403,ground_truth
sigreg_pusht_lambd0p09_seed403_180833,pusht,pushobj_Z,50,10,5976,cem,50,78.0,sig-128,403,ground_truth
sigreg_pusht_lambd0p09_seed403_180833,pusht,pushobj_Z,75,10,1025,cem,50,64.0,sig-128,403,ground_truth
sigreg_pusht_lambd0p09_seed403_180833,pusht,pushobj_Z,75,10,3014,cem,50,40.0,sig-128,403,ground_truth
sigreg_pusht_lambd0p09_seed403_180833,pusht,pushobj_Z,75,10,5976,cem,50,42.0,sig-128,403,ground_truth
sigreg_pusht_lambd0p09_seed403_180833,pusht,pushobj_plus,25,10,1025,cem,50,76.0,sig-128,403,ground_truth
sigreg_pusht_lambd0p09_seed403_180833,pusht,pushobj_plus,25,10,3014,cem,50,84.0,sig-128,403,ground_truth
sigreg_pusht_lambd0p09_seed403_180833,pusht,pushobj_plus,25,10,5976,cem,50,82.0,sig-128,403,ground_truth
sigreg_pusht_lambd0p09_seed403_180833,pusht,pushobj_plus,50,10,1025,cem,50,66.0,sig-128,403,ground_truth
sigreg_pusht_lambd0p09_seed403_180833,pusht,pushobj_plus,50,10,3014,cem,50,58.0,sig-128,403,ground_truth
sigreg_pusht_lambd0p09_seed403_180833,pusht,pushobj_plus,50,10,5976,cem,50,56.0,sig-128,403,ground_truth
sigreg_pusht_lambd0p09_seed403_180833,pusht,pushobj_plus,75,10,1025,cem,50,42.0,sig-128,403,ground_truth
sigreg_pusht_lambd0p09_seed403_180833,pusht,pushobj_plus,75,10,3014,cem,50,26.0,sig-128,403,ground_truth
sigreg_pusht_lambd0p09_seed403_180833,pusht,pushobj_plus,75,10,5976,cem,50,36.0,sig-128,403,ground_truth
sigreg_pusht_lambd0p09_seed403_180833,pusht,pushobj_small_tee,25,10,1025,cem,50,78.0,sig-128,403,ground_truth
sigreg_pusht_lambd0p09_seed403_180833,pusht,pushobj_small_tee,25,10,3014,cem,50,84.0,sig-128,403,ground_truth
sigreg_pusht_lambd0p09_seed403_180833,pusht,pushobj_small_tee,25,10,5976,cem,50,90.0,sig-128,403,ground_truth
sigreg_pusht_lambd0p09_seed403_180833,pusht,pushobj_small_tee,50,10,1025,cem,50,54.0,sig-128,403,ground_truth
sigreg_pusht_lambd0p09_seed403_180833,pusht,pushobj_small_tee,50,10,3014,cem,50,62.0,sig-128,403,ground_truth
sigreg_pusht_lambd0p09_seed403_180833,pusht,pushobj_small_tee,50,10,5976,cem,50,54.0,sig-128,403,ground_truth
sigreg_pusht_lambd0p09_seed403_180833,pusht,pushobj_small_tee,75,10,1025,cem,50,38.0,sig-128,403,ground_truth
sigreg_pusht_lambd0p09_seed403_180833,pusht,pushobj_small_tee,75,10,3014,cem,50,38.0,sig-128,403,ground_truth
sigreg_pusht_lambd0p09_seed403_180833,pusht,pushobj_small_tee,75,10,5976,cem,50,46.0,sig-128,403,ground_truth
sigreg_pusht_lambd0p09_seed403_180833,pusht,pushobj_square,25,10,1025,cem,50,76.0,sig-128,403,ground_truth
sigreg_pusht_lambd0p09_seed403_180833,pusht,pushobj_square,25,10,3014,cem,50,74.0,sig-128,403,ground_truth
sigreg_pusht_lambd0p09_seed403_180833,pusht,pushobj_square,25,10,5976,cem,50,78.0,sig-128,403,ground_truth
sigreg_pusht_lambd0p09_seed403_180833,pusht,pushobj_square,50,10,1025,cem,50,52.0,sig-128,403,ground_truth
sigreg_pusht_lambd0p09_seed403_180833,pusht,pushobj_square,50,10,3014,cem,50,58.0,sig-128,403,ground_truth
sigreg_pusht_lambd0p09_seed403_180833,pusht,pushobj_square,50,10,5976,cem,50,60.0,sig-128,403,ground_truth
sigreg_pusht_lambd0p09_seed403_180833,pusht,pushobj_square,75,10,1025,cem,50,42.0,sig-128,403,ground_truth
sigreg_pusht_lambd0p09_seed403_180833,pusht,pushobj_square,75,10,3014,cem,50,40.0,sig-128,403,ground_truth
sigreg_pusht_lambd0p09_seed403_180833,pusht,pushobj_square,75,10,5976,cem,50,48.0,sig-128,403,ground_truth
sigreg_pusht_lambd0p09_seed46_180832,pusht,pusht,25,1,42,cem,50,74.0,sig-128,46,ground_truth
sigreg_pusht_lambd0p09_seed46_180832,pusht,pusht,25,2,2027,cem,50,72.0,,,pool:heldout
sigreg_pusht_lambd0p09_seed46_180832,pusht,pusht,25,2,42,cem,50,84.0,sig-128,46,ground_truth
sigreg_pusht_lambd0p09_seed46_180832,pusht,pusht,25,2,5501,cem,50,86.0,,,pool:heldout
sigreg_pusht_lambd0p09_seed46_180832,pusht,pusht,25,2,60601,cem,50,80.0,,,pool:heldout
sigreg_pusht_lambd0p09_seed46_180832,pusht,pusht,25,2,65537,cem,50,82.0,,,pool:heldout
sigreg_pusht_lambd0p09_seed46_180832,pusht,pusht,25,2,8191,cem,50,74.0,,,pool:heldout
sigreg_pusht_lambd0p09_seed46_180832,pusht,pusht,25,2,90210,cem,50,84.0,,,pool:heldout
sigreg_pusht_lambd0p09_seed46_180832,pusht,pusht,25,3,42,cem,50,90.0,sig-128,46,ground_truth
sigreg_pusht_lambd0p09_seed46_180832,pusht,pusht,25,4,42,cem,50,90.0,sig-128,46,ground_truth
sigreg_pusht_lambd0p09_seed46_180832,pusht,pusht,25,4,5501,cem,50,84.0,,,pool:heldout
sigreg_pusht_lambd0p09_seed46_180832,pusht,pusht,25,4,60601,cem,50,90.0,,,pool:heldout
sigreg_pusht_lambd0p09_seed46_180832,pusht,pusht,25,4,90210,cem,50,92.0,,,pool:heldout
sigreg_pusht_lambd0p09_seed46_180832,pusht,pusht,25,5,42,cem,50,90.0,sig-128,46,ground_truth
sigreg_pusht_lambd0p09_seed46_180832,pusht,pusht,25,6,42,cem,50,92.0,sig-128,46,ground_truth
sigreg_pusht_lambd0p09_seed46_180832,pusht,pusht,25,6,5501,cem,50,88.0,,,pool:heldout
sigreg_pusht_lambd0p09_seed46_180832,pusht,pusht,25,6,60601,cem,50,88.0,,,pool:heldout
sigreg_pusht_lambd0p09_seed46_180832,pusht,pusht,25,6,90210,cem,50,92.0,,,pool:heldout
sigreg_pusht_lambd0p09_seed46_180832,pusht,pushobj_I,25,7,1025,cem,50,78.0,sig-128,46,ground_truth
sigreg_pusht_lambd0p09_seed46_180832,pusht,pushobj_I,25,7,3014,cem,50,76.0,sig-128,46,ground_truth
sigreg_pusht_lambd0p09_seed46_180832,pusht,pushobj_I,25,7,5976,cem,50,78.0,sig-128,46,ground_truth
sigreg_pusht_lambd0p09_seed46_180832,pusht,pushobj_I,50,7,1025,cem,50,50.0,sig-128,46,ground_truth
sigreg_pusht_lambd0p09_seed46_180832,pusht,pushobj_I,50,7,3014,cem,50,58.0,sig-128,46,ground_truth
sigreg_pusht_lambd0p09_seed46_180832,pusht,pushobj_I,50,7,5976,cem,50,54.0,sig-128,46,ground_truth
sigreg_pusht_lambd0p09_seed46_180832,pusht,pushobj_I,75,7,1025,cem,50,40.0,sig-128,46,ground_truth
sigreg_pusht_lambd0p09_seed46_180832,pusht,pushobj_I,75,7,3014,cem,50,44.0,sig-128,46,ground_truth
sigreg_pusht_lambd0p09_seed46_180832,pusht,pushobj_I,75,7,5976,cem,50,52.0,sig-128,46,ground_truth
sigreg_pusht_lambd0p09_seed46_180832,pusht,pushobj_L,25,7,1025,cem,50,82.0,sig-128,46,ground_truth
sigreg_pusht_lambd0p09_seed46_180832,pusht,pushobj_L,25,7,3014,cem,50,90.0,sig-128,46,ground_truth
sigreg_pusht_lambd0p09_seed46_180832,pusht,pushobj_L,25,7,5976,cem,50,92.0,sig-128,46,ground_truth
sigreg_pusht_lambd0p09_seed46_180832,pusht,pushobj_L,50,7,1025,cem,50,82.0,sig-128,46,ground_truth
sigreg_pusht_lambd0p09_seed46_180832,pusht,pushobj_L,50,7,3014,cem,50,80.0,sig-128,46,ground_truth
sigreg_pusht_lambd0p09_seed46_180832,pusht,pushobj_L,50,7,5976,cem,50,58.0,sig-128,46,ground_truth
sigreg_pusht_lambd0p09_seed46_180832,pusht,pushobj_L,75,7,1025,cem,50,66.0,sig-128,46,ground_truth
sigreg_pusht_lambd0p09_seed46_180832,pusht,pushobj_L,75,7,3014,cem,50,60.0,sig-128,46,ground_truth
sigreg_pusht_lambd0p09_seed46_180832,pusht,pushobj_L,75,7,5976,cem,50,50.0,sig-128,46,ground_truth
sigreg_pusht_lambd0p09_seed46_180832,pusht,pushobj_Z,25,7,1025,cem,50,86.0,sig-128,46,ground_truth
sigreg_pusht_lambd0p09_seed46_180832,pusht,pushobj_Z,25,7,3014,cem,50,72.0,sig-128,46,ground_truth
sigreg_pusht_lambd0p09_seed46_180832,pusht,pushobj_Z,25,7,5976,cem,50,76.0,sig-128,46,ground_truth
sigreg_pusht_lambd0p09_seed46_180832,pusht,pushobj_Z,50,7,1025,cem,50,58.0,sig-128,46,ground_truth
sigreg_pusht_lambd0p09_seed46_180832,pusht,pushobj_Z,50,7,3014,cem,50,70.0,sig-128,46,ground_truth
sigreg_pusht_lambd0p09_seed46_180832,pusht,pushobj_Z,50,7,5976,cem,50,70.0,sig-128,46,ground_truth
sigreg_pusht_lambd0p09_seed46_180832,pusht,pushobj_Z,75,7,1025,cem,50,58.0,sig-128,46,ground_truth
sigreg_pusht_lambd0p09_seed46_180832,pusht,pushobj_Z,75,7,3014,cem,50,48.0,sig-128,46,ground_truth
sigreg_pusht_lambd0p09_seed46_180832,pusht,pushobj_Z,75,7,5976,cem,50,48.0,sig-128,46,ground_truth
sigreg_pusht_lambd0p09_seed46_180832,pusht,pushobj_plus,25,7,1025,cem,50,74.0,sig-128,46,ground_truth
sigreg_pusht_lambd0p09_seed46_180832,pusht,pushobj_plus,25,7,3014,cem,50,78.0,sig-128,46,ground_truth
sigreg_pusht_lambd0p09_seed46_180832,pusht,pushobj_plus,25,7,5976,cem,50,80.0,sig-128,46,ground_truth
sigreg_pusht_lambd0p09_seed46_180832,pusht,pushobj_plus,50,7,1025,cem,50,62.0,sig-128,46,ground_truth
sigreg_pusht_lambd0p09_seed46_180832,pusht,pushobj_plus,50,7,3014,cem,50,72.0,sig-128,46,ground_truth
sigreg_pusht_lambd0p09_seed46_180832,pusht,pushobj_plus,50,7,5976,cem,50,60.0,sig-128,46,ground_truth
sigreg_pusht_lambd0p09_seed46_180832,pusht,pushobj_plus,75,7,1025,cem,50,46.0,sig-128,46,ground_truth
sigreg_pusht_lambd0p09_seed46_180832,pusht,pushobj_plus,75,7,3014,cem,50,36.0,sig-128,46,ground_truth
sigreg_pusht_lambd0p09_seed46_180832,pusht,pushobj_plus,75,7,5976,cem,50,34.0,sig-128,46,ground_truth
sigreg_pusht_lambd0p09_seed46_180832,pusht,pushobj_small_tee,25,7,1025,cem,50,86.0,sig-128,46,ground_truth
sigreg_pusht_lambd0p09_seed46_180832,pusht,pushobj_small_tee,25,7,3014,cem,50,78.0,sig-128,46,ground_truth
sigreg_pusht_lambd0p09_seed46_180832,pusht,pushobj_small_tee,25,7,5976,cem,50,84.0,sig-128,46,ground_truth
sigreg_pusht_lambd0p09_seed46_180832,pusht,pushobj_small_tee,50,7,1025,cem,50,58.0,sig-128,46,ground_truth
sigreg_pusht_lambd0p09_seed46_180832,pusht,pushobj_small_tee,50,7,3014,cem,50,58.0,sig-128,46,ground_truth
sigreg_pusht_lambd0p09_seed46_180832,pusht,pushobj_small_tee,50,7,5976,cem,50,68.0,sig-128,46,ground_truth
sigreg_pusht_lambd0p09_seed46_180832,pusht,pushobj_small_tee,75,7,1025,cem,50,42.0,sig-128,46,ground_truth
sigreg_pusht_lambd0p09_seed46_180832,pusht,pushobj_small_tee,75,7,3014,cem,50,32.0,sig-128,46,ground_truth
sigreg_pusht_lambd0p09_seed46_180832,pusht,pushobj_small_tee,75,7,5976,cem,50,36.0,sig-128,46,ground_truth
sigreg_pusht_lambd0p09_seed46_180832,pusht,pushobj_square,25,7,1025,cem,50,90.0,sig-128,46,ground_truth
sigreg_pusht_lambd0p09_seed46_180832,pusht,pushobj_square,25,7,3014,cem,50,74.0,sig-128,46,ground_truth
sigreg_pusht_lambd0p09_seed46_180832,pusht,pushobj_square,25,7,5976,cem,50,68.0,sig-128,46,ground_truth
sigreg_pusht_lambd0p09_seed46_180832,pusht,pushobj_square,50,7,1025,cem,50,58.0,sig-128,46,ground_truth
sigreg_pusht_lambd0p09_seed46_180832,pusht,pushobj_square,50,7,3014,cem,50,62.0,sig-128,46,ground_truth
sigreg_pusht_lambd0p09_seed46_180832,pusht,pushobj_square,50,7,5976,cem,50,50.0,sig-128,46,ground_truth
sigreg_pusht_lambd0p09_seed46_180832,pusht,pushobj_square,75,7,1025,cem,50,42.0,sig-128,46,ground_truth
sigreg_pusht_lambd0p09_seed46_180832,pusht,pushobj_square,75,7,3014,cem,50,44.0,sig-128,46,ground_truth
sigreg_pusht_lambd0p09_seed46_180832,pusht,pushobj_square,75,7,5976,cem,50,50.0,sig-128,46,ground_truth
sigreg_pusht_lambd0p09_seed46_180832,pusht,pusht,25,7,1025,cem,50,94.0,sig-128,46,ground_truth
sigreg_pusht_lambd0p09_seed46_180832,pusht,pusht,25,7,3014,cem,50,92.0,sig-128,46,ground_truth
sigreg_pusht_lambd0p09_seed46_180832,pusht,pusht,25,7,42,cem,50,96.0,sig-128,46,ground_truth
sigreg_pusht_lambd0p09_seed46_180832,pusht,pusht,25,7,5976,cem,50,92.0,sig-128,46,ground_truth
sigreg_pusht_lambd0p09_seed46_180832,pusht,pusht,50,7,1025,cem,50,42.0,sig-128,46,ground_truth
sigreg_pusht_lambd0p09_seed46_180832,pusht,pusht,50,7,3014,cem,50,46.0,sig-128,46,ground_truth
sigreg_pusht_lambd0p09_seed46_180832,pusht,pusht,50,7,5976,cem,50,52.0,sig-128,46,ground_truth
sigreg_pusht_lambd0p09_seed46_180832,pusht,pusht,75,7,1025,cem,50,26.0,sig-128,46,ground_truth
sigreg_pusht_lambd0p09_seed46_180832,pusht,pusht,75,7,3014,cem,50,16.0,sig-128,46,ground_truth
sigreg_pusht_lambd0p09_seed46_180832,pusht,pusht,75,7,5976,cem,50,16.0,sig-128,46,ground_truth
sigreg_pusht_lambd0p09_seed46_180832,pusht,pusht,25,8,42,cem,50,94.0,sig-128,46,ground_truth
sigreg_pusht_lambd0p09_seed46_180832,pusht,pusht,25,8,5501,cem,50,90.0,,,pool:heldout
sigreg_pusht_lambd0p09_seed46_180832,pusht,pusht,25,8,60601,cem,50,98.0,,,pool:heldout
sigreg_pusht_lambd0p09_seed46_180832,pusht,pusht,25,8,90210,cem,50,98.0,,,pool:heldout
sigreg_pusht_lambd0p09_seed46_180832,pusht,pusht,25,9,2027,cem,50,92.0,,,pool:heldout
sigreg_pusht_lambd0p09_seed46_180832,pusht,pusht,25,9,42,cem,50,96.0,sig-128,46,ground_truth
sigreg_pusht_lambd0p09_seed46_180832,pusht,pusht,25,9,5501,cem,50,92.0,,,pool:heldout
sigreg_pusht_lambd0p09_seed46_180832,pusht,pusht,25,9,60601,cem,50,98.0,,,pool:heldout
sigreg_pusht_lambd0p09_seed46_180832,pusht,pusht,25,9,65537,cem,50,90.0,,,pool:heldout
sigreg_pusht_lambd0p09_seed46_180832,pusht,pusht,25,9,8191,cem,50,94.0,,,pool:heldout
sigreg_pusht_lambd0p09_seed46_180832,pusht,pusht,25,9,90210,cem,50,94.0,,,pool:heldout
sigreg_pusht_lambd0p09_seed46_180832,pusht,pushobj_I,25,10,1025,cem,50,70.0,sig-128,46,ground_truth
sigreg_pusht_lambd0p09_seed46_180832,pusht,pushobj_I,25,10,3014,cem,50,80.0,sig-128,46,ground_truth
sigreg_pusht_lambd0p09_seed46_180832,pusht,pushobj_I,25,10,5976,cem,50,76.0,sig-128,46,ground_truth
sigreg_pusht_lambd0p09_seed46_180832,pusht,pushobj_I,50,10,1025,cem,50,72.0,sig-128,46,ground_truth
sigreg_pusht_lambd0p09_seed46_180832,pusht,pushobj_I,50,10,3014,cem,50,58.0,sig-128,46,ground_truth
sigreg_pusht_lambd0p09_seed46_180832,pusht,pushobj_I,50,10,5976,cem,50,58.0,sig-128,46,ground_truth
sigreg_pusht_lambd0p09_seed46_180832,pusht,pushobj_I,75,10,1025,cem,50,38.0,sig-128,46,ground_truth
sigreg_pusht_lambd0p09_seed46_180832,pusht,pushobj_I,75,10,3014,cem,50,36.0,sig-128,46,ground_truth
sigreg_pusht_lambd0p09_seed46_180832,pusht,pushobj_I,75,10,5976,cem,50,44.0,sig-128,46,ground_truth
sigreg_pusht_lambd0p09_seed46_180832,pusht,pushobj_L,25,10,1025,cem,50,92.0,sig-128,46,ground_truth
sigreg_pusht_lambd0p09_seed46_180832,pusht,pushobj_L,25,10,3014,cem,50,84.0,sig-128,46,ground_truth
sigreg_pusht_lambd0p09_seed46_180832,pusht,pushobj_L,25,10,5976,cem,50,86.0,sig-128,46,ground_truth
sigreg_pusht_lambd0p09_seed46_180832,pusht,pushobj_L,50,10,1025,cem,50,76.0,sig-128,46,ground_truth
sigreg_pusht_lambd0p09_seed46_180832,pusht,pushobj_L,50,10,3014,cem,50,72.0,sig-128,46,ground_truth
sigreg_pusht_lambd0p09_seed46_180832,pusht,pushobj_L,50,10,5976,cem,50,74.0,sig-128,46,ground_truth
sigreg_pusht_lambd0p09_seed46_180832,pusht,pushobj_L,75,10,1025,cem,50,62.0,sig-128,46,ground_truth
sigreg_pusht_lambd0p09_seed46_180832,pusht,pushobj_L,75,10,3014,cem,50,54.0,sig-128,46,ground_truth
sigreg_pusht_lambd0p09_seed46_180832,pusht,pushobj_L,75,10,5976,cem,50,58.0,sig-128,46,ground_truth
sigreg_pusht_lambd0p09_seed46_180832,pusht,pushobj_T,25,10,1025,cem,50,94.0,sig-128,46,ground_truth
sigreg_pusht_lambd0p09_seed46_180832,pusht,pushobj_T,25,10,3014,cem,50,98.0,sig-128,46,ground_truth
sigreg_pusht_lambd0p09_seed46_180832,pusht,pushobj_T,25,10,5976,cem,50,98.0,sig-128,46,ground_truth
sigreg_pusht_lambd0p09_seed46_180832,pusht,pushobj_T,50,10,1025,cem,50,42.0,sig-128,46,ground_truth
sigreg_pusht_lambd0p09_seed46_180832,pusht,pushobj_T,50,10,3014,cem,50,40.0,sig-128,46,ground_truth
sigreg_pusht_lambd0p09_seed46_180832,pusht,pushobj_T,50,10,5976,cem,50,52.0,sig-128,46,ground_truth
sigreg_pusht_lambd0p09_seed46_180832,pusht,pushobj_T,75,10,1025,cem,50,20.0,sig-128,46,ground_truth
sigreg_pusht_lambd0p09_seed46_180832,pusht,pushobj_T,75,10,3014,cem,50,14.0,sig-128,46,ground_truth
sigreg_pusht_lambd0p09_seed46_180832,pusht,pushobj_T,75,10,5976,cem,50,20.0,sig-128,46,ground_truth
sigreg_pusht_lambd0p09_seed46_180832,pusht,pushobj_Z,25,10,1025,cem,50,76.0,sig-128,46,ground_truth
sigreg_pusht_lambd0p09_seed46_180832,pusht,pushobj_Z,25,10,3014,cem,50,92.0,sig-128,46,ground_truth
sigreg_pusht_lambd0p09_seed46_180832,pusht,pushobj_Z,25,10,5976,cem,50,78.0,sig-128,46,ground_truth
sigreg_pusht_lambd0p09_seed46_180832,pusht,pushobj_Z,50,10,1025,cem,50,66.0,sig-128,46,ground_truth
sigreg_pusht_lambd0p09_seed46_180832,pusht,pushobj_Z,50,10,3014,cem,50,62.0,sig-128,46,ground_truth
sigreg_pusht_lambd0p09_seed46_180832,pusht,pushobj_Z,50,10,5976,cem,50,76.0,sig-128,46,ground_truth
sigreg_pusht_lambd0p09_seed46_180832,pusht,pushobj_Z,75,10,1025,cem,50,68.0,sig-128,46,ground_truth
sigreg_pusht_lambd0p09_seed46_180832,pusht,pushobj_Z,75,10,3014,cem,50,48.0,sig-128,46,ground_truth
sigreg_pusht_lambd0p09_seed46_180832,pusht,pushobj_Z,75,10,5976,cem,50,54.0,sig-128,46,ground_truth
sigreg_pusht_lambd0p09_seed46_180832,pusht,pushobj_plus,25,10,1025,cem,50,80.0,sig-128,46,ground_truth
sigreg_pusht_lambd0p09_seed46_180832,pusht,pushobj_plus,25,10,3014,cem,50,82.0,sig-128,46,ground_truth
sigreg_pusht_lambd0p09_seed46_180832,pusht,pushobj_plus,25,10,5976,cem,50,80.0,sig-128,46,ground_truth
sigreg_pusht_lambd0p09_seed46_180832,pusht,pushobj_plus,50,10,1025,cem,50,58.0,sig-128,46,ground_truth
sigreg_pusht_lambd0p09_seed46_180832,pusht,pushobj_plus,50,10,3014,cem,50,48.0,sig-128,46,ground_truth
sigreg_pusht_lambd0p09_seed46_180832,pusht,pushobj_plus,50,10,5976,cem,50,54.0,sig-128,46,ground_truth
sigreg_pusht_lambd0p09_seed46_180832,pusht,pushobj_plus,75,10,1025,cem,50,34.0,sig-128,46,ground_truth
sigreg_pusht_lambd0p09_seed46_180832,pusht,pushobj_plus,75,10,3014,cem,50,28.0,sig-128,46,ground_truth
sigreg_pusht_lambd0p09_seed46_180832,pusht,pushobj_plus,75,10,5976,cem,50,38.0,sig-128,46,ground_truth
sigreg_pusht_lambd0p09_seed46_180832,pusht,pushobj_small_tee,25,10,1025,cem,50,78.0,sig-128,46,ground_truth
sigreg_pusht_lambd0p09_seed46_180832,pusht,pushobj_small_tee,25,10,3014,cem,50,84.0,sig-128,46,ground_truth
sigreg_pusht_lambd0p09_seed46_180832,pusht,pushobj_small_tee,25,10,5976,cem,50,84.0,sig-128,46,ground_truth
sigreg_pusht_lambd0p09_seed46_180832,pusht,pushobj_small_tee,50,10,1025,cem,50,56.0,sig-128,46,ground_truth
sigreg_pusht_lambd0p09_seed46_180832,pusht,pushobj_small_tee,50,10,3014,cem,50,60.0,sig-128,46,ground_truth
sigreg_pusht_lambd0p09_seed46_180832,pusht,pushobj_small_tee,50,10,5976,cem,50,50.0,sig-128,46,ground_truth
sigreg_pusht_lambd0p09_seed46_180832,pusht,pushobj_small_tee,75,10,1025,cem,50,30.0,sig-128,46,ground_truth
sigreg_pusht_lambd0p09_seed46_180832,pusht,pushobj_small_tee,75,10,3014,cem,50,40.0,sig-128,46,ground_truth
sigreg_pusht_lambd0p09_seed46_180832,pusht,pushobj_small_tee,75,10,5976,cem,50,42.0,sig-128,46,ground_truth
sigreg_pusht_lambd0p09_seed46_180832,pusht,pushobj_square,25,10,1025,cem,50,74.0,sig-128,46,ground_truth
sigreg_pusht_lambd0p09_seed46_180832,pusht,pushobj_square,25,10,3014,cem,50,76.0,sig-128,46,ground_truth
sigreg_pusht_lambd0p09_seed46_180832,pusht,pushobj_square,25,10,5976,cem,50,80.0,sig-128,46,ground_truth
sigreg_pusht_lambd0p09_seed46_180832,pusht,pushobj_square,50,10,1025,cem,50,54.0,sig-128,46,ground_truth
sigreg_pusht_lambd0p09_seed46_180832,pusht,pushobj_square,50,10,3014,cem,50,60.0,sig-128,46,ground_truth
sigreg_pusht_lambd0p09_seed46_180832,pusht,pushobj_square,50,10,5976,cem,50,64.0,sig-128,46,ground_truth
sigreg_pusht_lambd0p09_seed46_180832,pusht,pushobj_square,75,10,1025,cem,50,34.0,sig-128,46,ground_truth
sigreg_pusht_lambd0p09_seed46_180832,pusht,pushobj_square,75,10,3014,cem,50,48.0,sig-128,46,ground_truth
sigreg_pusht_lambd0p09_seed46_180832,pusht,pushobj_square,75,10,5976,cem,50,42.0,sig-128,46,ground_truth
sigreg_pusht_lambd0p09_seed46_180832,pusht,pusht,25,10,42,cem,50,96.0,sig-128,46,ground_truth
sigreg_pusht_lambd0p09_seed46_180832,pusht,pusht,25,10,5501,cem,50,96.0,,,pool:heldout
sigreg_pusht_lambd0p09_seed46_180832,pusht,pusht,25,10,60601,cem,50,96.0,,,pool:heldout
sigreg_pusht_lambd0p09_seed46_180832,pusht,pusht,25,10,90210,cem,50,96.0,,,pool:heldout
sigreg_pusht_lambd0p09_seed729_180834,pusht,pusht,25,1,42,cem,50,60.0,sig-128,729,ground_truth
sigreg_pusht_lambd0p09_seed729_180834,pusht,pusht,25,2,42,cem,50,82.0,sig-128,729,ground_truth
sigreg_pusht_lambd0p09_seed729_180834,pusht,pusht,25,3,42,cem,50,90.0,sig-128,729,ground_truth
sigreg_pusht_lambd0p09_seed729_180834,pusht,pusht,25,4,42,cem,50,74.0,sig-128,729,ground_truth
sigreg_pusht_lambd0p09_seed729_180834,pusht,pusht,25,4,5501,cem,50,82.0,,,pool:heldout
sigreg_pusht_lambd0p09_seed729_180834,pusht,pusht,25,4,60601,cem,50,88.0,,,pool:heldout
sigreg_pusht_lambd0p09_seed729_180834,pusht,pusht,25,4,90210,cem,50,88.0,,,pool:heldout
sigreg_pusht_lambd0p09_seed729_180834,pusht,pusht,25,5,42,cem,50,92.0,sig-128,729,ground_truth
sigreg_pusht_lambd0p09_seed729_180834,pusht,pushobj_I,25,6,1025,cem,50,84.0,sig-128,729,ground_truth
sigreg_pusht_lambd0p09_seed729_180834,pusht,pushobj_I,25,6,3014,cem,50,72.0,sig-128,729,ground_truth
sigreg_pusht_lambd0p09_seed729_180834,pusht,pushobj_I,25,6,5976,cem,50,66.0,sig-128,729,ground_truth
sigreg_pusht_lambd0p09_seed729_180834,pusht,pushobj_I,50,6,1025,cem,50,52.0,sig-128,729,ground_truth
sigreg_pusht_lambd0p09_seed729_180834,pusht,pushobj_I,50,6,3014,cem,50,58.0,sig-128,729,ground_truth
sigreg_pusht_lambd0p09_seed729_180834,pusht,pushobj_I,50,6,5976,cem,50,46.0,sig-128,729,ground_truth
sigreg_pusht_lambd0p09_seed729_180834,pusht,pushobj_I,75,6,1025,cem,50,38.0,sig-128,729,ground_truth
sigreg_pusht_lambd0p09_seed729_180834,pusht,pushobj_I,75,6,3014,cem,50,36.0,sig-128,729,ground_truth
sigreg_pusht_lambd0p09_seed729_180834,pusht,pushobj_I,75,6,5976,cem,50,50.0,sig-128,729,ground_truth
sigreg_pusht_lambd0p09_seed729_180834,pusht,pushobj_L,25,6,1025,cem,50,88.0,sig-128,729,ground_truth
sigreg_pusht_lambd0p09_seed729_180834,pusht,pushobj_L,25,6,3014,cem,50,82.0,sig-128,729,ground_truth
sigreg_pusht_lambd0p09_seed729_180834,pusht,pushobj_L,25,6,5976,cem,50,90.0,sig-128,729,ground_truth
sigreg_pusht_lambd0p09_seed729_180834,pusht,pushobj_L,50,6,1025,cem,50,78.0,sig-128,729,ground_truth
sigreg_pusht_lambd0p09_seed729_180834,pusht,pushobj_L,50,6,3014,cem,50,74.0,sig-128,729,ground_truth
sigreg_pusht_lambd0p09_seed729_180834,pusht,pushobj_L,50,6,5976,cem,50,66.0,sig-128,729,ground_truth
sigreg_pusht_lambd0p09_seed729_180834,pusht,pushobj_L,75,6,1025,cem,50,58.0,sig-128,729,ground_truth
sigreg_pusht_lambd0p09_seed729_180834,pusht,pushobj_L,75,6,3014,cem,50,56.0,sig-128,729,ground_truth
sigreg_pusht_lambd0p09_seed729_180834,pusht,pushobj_L,75,6,5976,cem,50,44.0,sig-128,729,ground_truth
sigreg_pusht_lambd0p09_seed729_180834,pusht,pushobj_Z,25,6,1025,cem,50,88.0,sig-128,729,ground_truth
sigreg_pusht_lambd0p09_seed729_180834,pusht,pushobj_Z,25,6,3014,cem,50,72.0,sig-128,729,ground_truth
sigreg_pusht_lambd0p09_seed729_180834,pusht,pushobj_Z,25,6,5976,cem,50,76.0,sig-128,729,ground_truth
sigreg_pusht_lambd0p09_seed729_180834,pusht,pushobj_Z,50,6,1025,cem,50,54.0,sig-128,729,ground_truth
sigreg_pusht_lambd0p09_seed729_180834,pusht,pushobj_Z,50,6,3014,cem,50,70.0,sig-128,729,ground_truth
sigreg_pusht_lambd0p09_seed729_180834,pusht,pushobj_Z,50,6,5976,cem,50,62.0,sig-128,729,ground_truth
sigreg_pusht_lambd0p09_seed729_180834,pusht,pushobj_Z,75,6,1025,cem,50,58.0,sig-128,729,ground_truth
sigreg_pusht_lambd0p09_seed729_180834,pusht,pushobj_Z,75,6,3014,cem,50,46.0,sig-128,729,ground_truth
sigreg_pusht_lambd0p09_seed729_180834,pusht,pushobj_Z,75,6,5976,cem,50,38.0,sig-128,729,ground_truth
sigreg_pusht_lambd0p09_seed729_180834,pusht,pushobj_plus,25,6,1025,cem,50,72.0,sig-128,729,ground_truth
sigreg_pusht_lambd0p09_seed729_180834,pusht,pushobj_plus,25,6,3014,cem,50,74.0,sig-128,729,ground_truth
sigreg_pusht_lambd0p09_seed729_180834,pusht,pushobj_plus,25,6,5976,cem,50,78.0,sig-128,729,ground_truth
sigreg_pusht_lambd0p09_seed729_180834,pusht,pushobj_plus,50,6,1025,cem,50,62.0,sig-128,729,ground_truth
sigreg_pusht_lambd0p09_seed729_180834,pusht,pushobj_plus,50,6,3014,cem,50,72.0,sig-128,729,ground_truth
sigreg_pusht_lambd0p09_seed729_180834,pusht,pushobj_plus,50,6,5976,cem,50,56.0,sig-128,729,ground_truth
sigreg_pusht_lambd0p09_seed729_180834,pusht,pushobj_plus,75,6,1025,cem,50,50.0,sig-128,729,ground_truth
sigreg_pusht_lambd0p09_seed729_180834,pusht,pushobj_plus,75,6,3014,cem,50,36.0,sig-128,729,ground_truth
sigreg_pusht_lambd0p09_seed729_180834,pusht,pushobj_plus,75,6,5976,cem,50,40.0,sig-128,729,ground_truth
sigreg_pusht_lambd0p09_seed729_180834,pusht,pushobj_small_tee,25,6,1025,cem,50,84.0,sig-128,729,ground_truth
sigreg_pusht_lambd0p09_seed729_180834,pusht,pushobj_small_tee,25,6,3014,cem,50,76.0,sig-128,729,ground_truth
sigreg_pusht_lambd0p09_seed729_180834,pusht,pushobj_small_tee,25,6,5976,cem,50,78.0,sig-128,729,ground_truth
sigreg_pusht_lambd0p09_seed729_180834,pusht,pushobj_small_tee,50,6,1025,cem,50,58.0,sig-128,729,ground_truth
sigreg_pusht_lambd0p09_seed729_180834,pusht,pushobj_small_tee,50,6,3014,cem,50,60.0,sig-128,729,ground_truth
sigreg_pusht_lambd0p09_seed729_180834,pusht,pushobj_small_tee,50,6,5976,cem,50,62.0,sig-128,729,ground_truth
sigreg_pusht_lambd0p09_seed729_180834,pusht,pushobj_small_tee,75,6,1025,cem,50,42.0,sig-128,729,ground_truth
sigreg_pusht_lambd0p09_seed729_180834,pusht,pushobj_small_tee,75,6,3014,cem,50,26.0,sig-128,729,ground_truth
sigreg_pusht_lambd0p09_seed729_180834,pusht,pushobj_small_tee,75,6,5976,cem,50,34.0,sig-128,729,ground_truth
sigreg_pusht_lambd0p09_seed729_180834,pusht,pushobj_square,25,6,1025,cem,50,88.0,sig-128,729,ground_truth
sigreg_pusht_lambd0p09_seed729_180834,pusht,pushobj_square,25,6,3014,cem,50,82.0,sig-128,729,ground_truth
sigreg_pusht_lambd0p09_seed729_180834,pusht,pushobj_square,25,6,5976,cem,50,74.0,sig-128,729,ground_truth
sigreg_pusht_lambd0p09_seed729_180834,pusht,pushobj_square,50,6,1025,cem,50,64.0,sig-128,729,ground_truth
sigreg_pusht_lambd0p09_seed729_180834,pusht,pushobj_square,50,6,3014,cem,50,56.0,sig-128,729,ground_truth
sigreg_pusht_lambd0p09_seed729_180834,pusht,pushobj_square,50,6,5976,cem,50,52.0,sig-128,729,ground_truth
sigreg_pusht_lambd0p09_seed729_180834,pusht,pushobj_square,75,6,1025,cem,50,42.0,sig-128,729,ground_truth
sigreg_pusht_lambd0p09_seed729_180834,pusht,pushobj_square,75,6,3014,cem,50,52.0,sig-128,729,ground_truth
sigreg_pusht_lambd0p09_seed729_180834,pusht,pushobj_square,75,6,5976,cem,50,42.0,sig-128,729,ground_truth
sigreg_pusht_lambd0p09_seed729_180834,pusht,pusht,25,6,1025,cem,50,94.0,sig-128,729,ground_truth
sigreg_pusht_lambd0p09_seed729_180834,pusht,pusht,25,6,3014,cem,50,92.0,sig-128,729,ground_truth
sigreg_pusht_lambd0p09_seed729_180834,pusht,pusht,25,6,42,cem,50,94.0,sig-128,729,ground_truth
sigreg_pusht_lambd0p09_seed729_180834,pusht,pusht,25,6,5501,cem,50,92.0,,,pool:heldout
sigreg_pusht_lambd0p09_seed729_180834,pusht,pusht,25,6,5976,cem,50,86.0,sig-128,729,ground_truth
sigreg_pusht_lambd0p09_seed729_180834,pusht,pusht,25,6,60601,cem,50,90.0,,,pool:heldout
sigreg_pusht_lambd0p09_seed729_180834,pusht,pusht,25,6,90210,cem,50,90.0,,,pool:heldout
sigreg_pusht_lambd0p09_seed729_180834,pusht,pusht,50,6,1025,cem,50,42.0,sig-128,729,ground_truth
sigreg_pusht_lambd0p09_seed729_180834,pusht,pusht,50,6,3014,cem,50,48.0,sig-128,729,ground_truth
sigreg_pusht_lambd0p09_seed729_180834,pusht,pusht,50,6,5976,cem,50,40.0,sig-128,729,ground_truth
sigreg_pusht_lambd0p09_seed729_180834,pusht,pusht,75,6,1025,cem,50,30.0,sig-128,729,ground_truth
sigreg_pusht_lambd0p09_seed729_180834,pusht,pusht,75,6,3014,cem,50,14.0,sig-128,729,ground_truth
sigreg_pusht_lambd0p09_seed729_180834,pusht,pusht,75,6,5976,cem,50,20.0,sig-128,729,ground_truth
sigreg_pusht_lambd0p09_seed729_180834,pusht,pusht,25,7,42,cem,50,94.0,sig-128,729,ground_truth
sigreg_pusht_lambd0p09_seed729_180834,pusht,pusht,25,8,42,cem,50,94.0,sig-128,729,ground_truth
sigreg_pusht_lambd0p09_seed729_180834,pusht,pusht,25,8,5501,cem,50,98.0,,,pool:heldout
sigreg_pusht_lambd0p09_seed729_180834,pusht,pusht,25,8,60601,cem,50,94.0,,,pool:heldout
sigreg_pusht_lambd0p09_seed729_180834,pusht,pusht,25,8,90210,cem,50,96.0,,,pool:heldout
sigreg_pusht_lambd0p09_seed729_180834,pusht,pusht,25,9,42,cem,50,94.0,sig-128,729,ground_truth
sigreg_pusht_lambd0p09_seed729_180834,pusht,pusht,25,9,5501,cem,50,94.0,,,pool:heldout
sigreg_pusht_lambd0p09_seed729_180834,pusht,pusht,25,9,60601,cem,50,96.0,,,pool:heldout
sigreg_pusht_lambd0p09_seed729_180834,pusht,pusht,25,9,90210,cem,50,96.0,,,pool:heldout
sigreg_pusht_lambd0p09_seed729_180834,pusht,pushobj_I,25,10,1025,cem,50,68.0,sig-128,729,ground_truth
sigreg_pusht_lambd0p09_seed729_180834,pusht,pushobj_I,25,10,3014,cem,50,64.0,sig-128,729,ground_truth
sigreg_pusht_lambd0p09_seed729_180834,pusht,pushobj_I,25,10,5976,cem,50,76.0,sig-128,729,ground_truth
sigreg_pusht_lambd0p09_seed729_180834,pusht,pushobj_I,50,10,1025,cem,50,62.0,sig-128,729,ground_truth
sigreg_pusht_lambd0p09_seed729_180834,pusht,pushobj_I,50,10,3014,cem,50,52.0,sig-128,729,ground_truth
sigreg_pusht_lambd0p09_seed729_180834,pusht,pushobj_I,50,10,5976,cem,50,58.0,sig-128,729,ground_truth
sigreg_pusht_lambd0p09_seed729_180834,pusht,pushobj_I,75,10,1025,cem,50,28.0,sig-128,729,ground_truth
sigreg_pusht_lambd0p09_seed729_180834,pusht,pushobj_I,75,10,3014,cem,50,28.0,sig-128,729,ground_truth
sigreg_pusht_lambd0p09_seed729_180834,pusht,pushobj_I,75,10,5976,cem,50,40.0,sig-128,729,ground_truth
sigreg_pusht_lambd0p09_seed729_180834,pusht,pushobj_L,25,10,1025,cem,50,90.0,sig-128,729,ground_truth
sigreg_pusht_lambd0p09_seed729_180834,pusht,pushobj_L,25,10,3014,cem,50,86.0,sig-128,729,ground_truth
sigreg_pusht_lambd0p09_seed729_180834,pusht,pushobj_L,25,10,5976,cem,50,84.0,sig-128,729,ground_truth
sigreg_pusht_lambd0p09_seed729_180834,pusht,pushobj_L,50,10,1025,cem,50,78.0,sig-128,729,ground_truth
sigreg_pusht_lambd0p09_seed729_180834,pusht,pushobj_L,50,10,3014,cem,50,76.0,sig-128,729,ground_truth
sigreg_pusht_lambd0p09_seed729_180834,pusht,pushobj_L,50,10,5976,cem,50,64.0,sig-128,729,ground_truth
sigreg_pusht_lambd0p09_seed729_180834,pusht,pushobj_L,75,10,1025,cem,50,64.0,sig-128,729,ground_truth
sigreg_pusht_lambd0p09_seed729_180834,pusht,pushobj_L,75,10,3014,cem,50,54.0,sig-128,729,ground_truth
sigreg_pusht_lambd0p09_seed729_180834,pusht,pushobj_L,75,10,5976,cem,50,76.0,sig-128,729,ground_truth
sigreg_pusht_lambd0p09_seed729_180834,pusht,pushobj_T,25,10,1025,cem,50,96.0,sig-128,729,ground_truth
sigreg_pusht_lambd0p09_seed729_180834,pusht,pushobj_T,25,10,3014,cem,50,100.0,sig-128,729,ground_truth
sigreg_pusht_lambd0p09_seed729_180834,pusht,pushobj_T,25,10,5976,cem,50,98.0,sig-128,729,ground_truth
sigreg_pusht_lambd0p09_seed729_180834,pusht,pushobj_T,50,10,1025,cem,50,42.0,sig-128,729,ground_truth
sigreg_pusht_lambd0p09_seed729_180834,pusht,pushobj_T,50,10,3014,cem,50,50.0,sig-128,729,ground_truth
sigreg_pusht_lambd0p09_seed729_180834,pusht,pushobj_T,50,10,5976,cem,50,54.0,sig-128,729,ground_truth
sigreg_pusht_lambd0p09_seed729_180834,pusht,pushobj_T,75,10,1025,cem,50,18.0,sig-128,729,ground_truth
sigreg_pusht_lambd0p09_seed729_180834,pusht,pushobj_T,75,10,3014,cem,50,14.0,sig-128,729,ground_truth
sigreg_pusht_lambd0p09_seed729_180834,pusht,pushobj_T,75,10,5976,cem,50,26.0,sig-128,729,ground_truth
sigreg_pusht_lambd0p09_seed729_180834,pusht,pushobj_Z,25,10,1025,cem,50,82.0,sig-128,729,ground_truth
sigreg_pusht_lambd0p09_seed729_180834,pusht,pushobj_Z,25,10,3014,cem,50,92.0,sig-128,729,ground_truth
sigreg_pusht_lambd0p09_seed729_180834,pusht,pushobj_Z,25,10,5976,cem,50,88.0,sig-128,729,ground_truth
sigreg_pusht_lambd0p09_seed729_180834,pusht,pushobj_Z,50,10,1025,cem,50,62.0,sig-128,729,ground_truth
sigreg_pusht_lambd0p09_seed729_180834,pusht,pushobj_Z,50,10,3014,cem,50,62.0,sig-128,729,ground_truth
sigreg_pusht_lambd0p09_seed729_180834,pusht,pushobj_Z,50,10,5976,cem,50,68.0,sig-128,729,ground_truth
sigreg_pusht_lambd0p09_seed729_180834,pusht,pushobj_Z,75,10,1025,cem,50,64.0,sig-128,729,ground_truth
sigreg_pusht_lambd0p09_seed729_180834,pusht,pushobj_Z,75,10,3014,cem,50,46.0,sig-128,729,ground_truth
sigreg_pusht_lambd0p09_seed729_180834,pusht,pushobj_Z,75,10,5976,cem,50,50.0,sig-128,729,ground_truth
sigreg_pusht_lambd0p09_seed729_180834,pusht,pushobj_plus,25,10,1025,cem,50,86.0,sig-128,729,ground_truth
sigreg_pusht_lambd0p09_seed729_180834,pusht,pushobj_plus,25,10,3014,cem,50,78.0,sig-128,729,ground_truth
sigreg_pusht_lambd0p09_seed729_180834,pusht,pushobj_plus,25,10,5976,cem,50,78.0,sig-128,729,ground_truth
sigreg_pusht_lambd0p09_seed729_180834,pusht,pushobj_plus,50,10,1025,cem,50,58.0,sig-128,729,ground_truth
sigreg_pusht_lambd0p09_seed729_180834,pusht,pushobj_plus,50,10,3014,cem,50,54.0,sig-128,729,ground_truth
sigreg_pusht_lambd0p09_seed729_180834,pusht,pushobj_plus,50,10,5976,cem,50,58.0,sig-128,729,ground_truth
sigreg_pusht_lambd0p09_seed729_180834,pusht,pushobj_plus,75,10,1025,cem,50,46.0,sig-128,729,ground_truth
sigreg_pusht_lambd0p09_seed729_180834,pusht,pushobj_plus,75,10,3014,cem,50,36.0,sig-128,729,ground_truth
sigreg_pusht_lambd0p09_seed729_180834,pusht,pushobj_plus,75,10,5976,cem,50,34.0,sig-128,729,ground_truth
sigreg_pusht_lambd0p09_seed729_180834,pusht,pushobj_small_tee,25,10,1025,cem,50,82.0,sig-128,729,ground_truth
sigreg_pusht_lambd0p09_seed729_180834,pusht,pushobj_small_tee,25,10,3014,cem,50,86.0,sig-128,729,ground_truth
sigreg_pusht_lambd0p09_seed729_180834,pusht,pushobj_small_tee,25,10,5976,cem,50,82.0,sig-128,729,ground_truth
sigreg_pusht_lambd0p09_seed729_180834,pusht,pushobj_small_tee,50,10,1025,cem,50,60.0,sig-128,729,ground_truth
sigreg_pusht_lambd0p09_seed729_180834,pusht,pushobj_small_tee,50,10,3014,cem,50,72.0,sig-128,729,ground_truth
sigreg_pusht_lambd0p09_seed729_180834,pusht,pushobj_small_tee,50,10,5976,cem,50,62.0,sig-128,729,ground_truth
sigreg_pusht_lambd0p09_seed729_180834,pusht,pushobj_small_tee,75,10,1025,cem,50,44.0,sig-128,729,ground_truth
sigreg_pusht_lambd0p09_seed729_180834,pusht,pushobj_small_tee,75,10,3014,cem,50,36.0,sig-128,729,ground_truth
sigreg_pusht_lambd0p09_seed729_180834,pusht,pushobj_small_tee,75,10,5976,cem,50,44.0,sig-128,729,ground_truth
sigreg_pusht_lambd0p09_seed729_180834,pusht,pushobj_square,25,10,1025,cem,50,72.0,sig-128,729,ground_truth
sigreg_pusht_lambd0p09_seed729_180834,pusht,pushobj_square,25,10,3014,cem,50,78.0,sig-128,729,ground_truth
sigreg_pusht_lambd0p09_seed729_180834,pusht,pushobj_square,25,10,5976,cem,50,80.0,sig-128,729,ground_truth
sigreg_pusht_lambd0p09_seed729_180834,pusht,pushobj_square,50,10,1025,cem,50,48.0,sig-128,729,ground_truth
sigreg_pusht_lambd0p09_seed729_180834,pusht,pushobj_square,50,10,3014,cem,50,60.0,sig-128,729,ground_truth
sigreg_pusht_lambd0p09_seed729_180834,pusht,pushobj_square,50,10,5976,cem,50,58.0,sig-128,729,ground_truth
sigreg_pusht_lambd0p09_seed729_180834,pusht,pushobj_square,75,10,1025,cem,50,36.0,sig-128,729,ground_truth
sigreg_pusht_lambd0p09_seed729_180834,pusht,pushobj_square,75,10,3014,cem,50,32.0,sig-128,729,ground_truth
sigreg_pusht_lambd0p09_seed729_180834,pusht,pushobj_square,75,10,5976,cem,50,44.0,sig-128,729,ground_truth
sigreg_pusht_lambd0p09_seed729_180834,pusht,pusht,25,10,42,cem,50,92.0,sig-128,729,ground_truth
sigreg_pusht_lambd0p09_seed729_180834,pusht,pusht,25,10,5501,cem,50,94.0,,,pool:heldout
sigreg_pusht_lambd0p09_seed729_180834,pusht,pusht,25,10,60601,cem,50,98.0,,,pool:heldout
sigreg_pusht_lambd0p09_seed729_180834,pusht,pusht,25,10,90210,cem,50,92.0,,,pool:heldout
visreg_pusht_lambd4p5_102703,pusht,pusht,25,1,42,cem,50,74.0,vis-bs128,base,ground_truth
visreg_pusht_lambd4p5_102703,pusht,pusht,25,2,42,cem,50,86.0,vis-bs128,base,ground_truth
visreg_pusht_lambd4p5_102703,pusht,pusht,25,3,42,cem,50,86.0,vis-bs128,base,ground_truth
visreg_pusht_lambd4p5_102703,pusht,pusht,25,4,42,cem,50,96.0,vis-bs128,base,ground_truth
visreg_pusht_lambd4p5_102703,pusht,pusht,25,5,42,cem,50,96.0,vis-bs128,base,ground_truth
visreg_pusht_lambd4p5_102703,pusht,pusht,25,6,42,cem,50,94.0,vis-bs128,base,ground_truth
visreg_pusht_lambd4p5_102703,pusht,pusht,25,7,42,cem,50,90.0,vis-bs128,base,ground_truth
visreg_pusht_lambd4p5_102703,pusht,pusht,25,8,42,cem,50,92.0,vis-bs128,base,ground_truth
visreg_pusht_lambd4p5_102703,pusht,pusht,25,9,42,cem,50,96.0,vis-bs128,base,ground_truth
visreg_pusht_lambd4p5_102703,pusht,pusht,25,10,42,cem,50,98.0,vis-bs128,base,ground_truth
visreg_pusht_lambd4p5_bs256_lr1e-4_seed403_184423,pusht,pusht,25,1,42,cem,50,66.0,vis-bs256,403,ground_truth
visreg_pusht_lambd4p5_bs256_lr1e-4_seed403_184423,pusht,pusht,25,2,42,cem,50,82.0,vis-bs256,403,ground_truth
visreg_pusht_lambd4p5_bs256_lr1e-4_seed403_184423,pusht,pusht,25,3,42,cem,50,88.0,vis-bs256,403,ground_truth
visreg_pusht_lambd4p5_bs256_lr1e-4_seed403_184423,pusht,pusht,25,4,42,cem,50,88.0,vis-bs256,403,ground_truth
visreg_pusht_lambd4p5_bs256_lr1e-4_seed403_184423,pusht,pusht,25,5,42,cem,50,86.0,vis-bs256,403,ground_truth
visreg_pusht_lambd4p5_bs256_lr1e-4_seed403_184423,pusht,pusht,25,6,42,cem,50,92.0,vis-bs256,403,ground_truth
visreg_pusht_lambd4p5_bs256_lr1e-4_seed403_184423,pusht,pusht,25,7,42,cem,50,92.0,vis-bs256,403,ground_truth
visreg_pusht_lambd4p5_bs256_lr1e-4_seed403_184423,pusht,pusht,25,8,42,cem,50,96.0,vis-bs256,403,ground_truth
visreg_pusht_lambd4p5_bs256_lr1e-4_seed403_184423,pusht,pushobj_I,25,9,1025,cem,50,84.0,vis-bs256,403,ground_truth
visreg_pusht_lambd4p5_bs256_lr1e-4_seed403_184423,pusht,pushobj_I,25,9,3014,cem,50,82.0,vis-bs256,403,ground_truth
visreg_pusht_lambd4p5_bs256_lr1e-4_seed403_184423,pusht,pushobj_I,25,9,5976,cem,50,70.0,vis-bs256,403,ground_truth
visreg_pusht_lambd4p5_bs256_lr1e-4_seed403_184423,pusht,pushobj_I,50,9,1025,cem,50,52.0,vis-bs256,403,ground_truth
visreg_pusht_lambd4p5_bs256_lr1e-4_seed403_184423,pusht,pushobj_I,50,9,3014,cem,50,52.0,vis-bs256,403,ground_truth
visreg_pusht_lambd4p5_bs256_lr1e-4_seed403_184423,pusht,pushobj_I,50,9,5976,cem,50,52.0,vis-bs256,403,ground_truth
visreg_pusht_lambd4p5_bs256_lr1e-4_seed403_184423,pusht,pushobj_I,75,9,1025,cem,50,30.0,vis-bs256,403,ground_truth
visreg_pusht_lambd4p5_bs256_lr1e-4_seed403_184423,pusht,pushobj_I,75,9,3014,cem,50,54.0,vis-bs256,403,ground_truth
visreg_pusht_lambd4p5_bs256_lr1e-4_seed403_184423,pusht,pushobj_I,75,9,5976,cem,50,44.0,vis-bs256,403,ground_truth
visreg_pusht_lambd4p5_bs256_lr1e-4_seed403_184423,pusht,pushobj_L,25,9,1025,cem,50,86.0,vis-bs256,403,ground_truth
visreg_pusht_lambd4p5_bs256_lr1e-4_seed403_184423,pusht,pushobj_L,25,9,3014,cem,50,90.0,vis-bs256,403,ground_truth
visreg_pusht_lambd4p5_bs256_lr1e-4_seed403_184423,pusht,pushobj_L,25,9,5976,cem,50,84.0,vis-bs256,403,ground_truth
visreg_pusht_lambd4p5_bs256_lr1e-4_seed403_184423,pusht,pushobj_L,50,9,1025,cem,50,80.0,vis-bs256,403,ground_truth
visreg_pusht_lambd4p5_bs256_lr1e-4_seed403_184423,pusht,pushobj_L,50,9,3014,cem,50,78.0,vis-bs256,403,ground_truth
visreg_pusht_lambd4p5_bs256_lr1e-4_seed403_184423,pusht,pushobj_L,50,9,5976,cem,50,72.0,vis-bs256,403,ground_truth
visreg_pusht_lambd4p5_bs256_lr1e-4_seed403_184423,pusht,pushobj_L,75,9,1025,cem,50,54.0,vis-bs256,403,ground_truth
visreg_pusht_lambd4p5_bs256_lr1e-4_seed403_184423,pusht,pushobj_L,75,9,3014,cem,50,54.0,vis-bs256,403,ground_truth
visreg_pusht_lambd4p5_bs256_lr1e-4_seed403_184423,pusht,pushobj_L,75,9,5976,cem,50,40.0,vis-bs256,403,ground_truth
visreg_pusht_lambd4p5_bs256_lr1e-4_seed403_184423,pusht,pushobj_Z,25,9,1025,cem,50,92.0,vis-bs256,403,ground_truth
visreg_pusht_lambd4p5_bs256_lr1e-4_seed403_184423,pusht,pushobj_Z,25,9,3014,cem,50,80.0,vis-bs256,403,ground_truth
visreg_pusht_lambd4p5_bs256_lr1e-4_seed403_184423,pusht,pushobj_Z,25,9,5976,cem,50,76.0,vis-bs256,403,ground_truth
visreg_pusht_lambd4p5_bs256_lr1e-4_seed403_184423,pusht,pushobj_Z,50,9,1025,cem,50,60.0,vis-bs256,403,ground_truth
visreg_pusht_lambd4p5_bs256_lr1e-4_seed403_184423,pusht,pushobj_Z,50,9,3014,cem,50,66.0,vis-bs256,403,ground_truth
visreg_pusht_lambd4p5_bs256_lr1e-4_seed403_184423,pusht,pushobj_Z,50,9,5976,cem,50,64.0,vis-bs256,403,ground_truth
visreg_pusht_lambd4p5_bs256_lr1e-4_seed403_184423,pusht,pushobj_Z,75,9,1025,cem,50,62.0,vis-bs256,403,ground_truth
visreg_pusht_lambd4p5_bs256_lr1e-4_seed403_184423,pusht,pushobj_Z,75,9,3014,cem,50,50.0,vis-bs256,403,ground_truth
visreg_pusht_lambd4p5_bs256_lr1e-4_seed403_184423,pusht,pushobj_Z,75,9,5976,cem,50,42.0,vis-bs256,403,ground_truth
visreg_pusht_lambd4p5_bs256_lr1e-4_seed403_184423,pusht,pushobj_plus,25,9,1025,cem,50,84.0,vis-bs256,403,ground_truth
visreg_pusht_lambd4p5_bs256_lr1e-4_seed403_184423,pusht,pushobj_plus,25,9,3014,cem,50,84.0,vis-bs256,403,ground_truth
visreg_pusht_lambd4p5_bs256_lr1e-4_seed403_184423,pusht,pushobj_plus,25,9,5976,cem,50,78.0,vis-bs256,403,ground_truth
visreg_pusht_lambd4p5_bs256_lr1e-4_seed403_184423,pusht,pushobj_plus,50,9,1025,cem,50,60.0,vis-bs256,403,ground_truth
visreg_pusht_lambd4p5_bs256_lr1e-4_seed403_184423,pusht,pushobj_plus,50,9,3014,cem,50,72.0,vis-bs256,403,ground_truth
visreg_pusht_lambd4p5_bs256_lr1e-4_seed403_184423,pusht,pushobj_plus,50,9,5976,cem,50,52.0,vis-bs256,403,ground_truth
visreg_pusht_lambd4p5_bs256_lr1e-4_seed403_184423,pusht,pushobj_plus,75,9,1025,cem,50,50.0,vis-bs256,403,ground_truth
visreg_pusht_lambd4p5_bs256_lr1e-4_seed403_184423,pusht,pushobj_plus,75,9,3014,cem,50,44.0,vis-bs256,403,ground_truth
visreg_pusht_lambd4p5_bs256_lr1e-4_seed403_184423,pusht,pushobj_plus,75,9,5976,cem,50,38.0,vis-bs256,403,ground_truth
visreg_pusht_lambd4p5_bs256_lr1e-4_seed403_184423,pusht,pushobj_small_tee,25,9,1025,cem,50,84.0,vis-bs256,403,ground_truth
visreg_pusht_lambd4p5_bs256_lr1e-4_seed403_184423,pusht,pushobj_small_tee,25,9,3014,cem,50,82.0,vis-bs256,403,ground_truth
visreg_pusht_lambd4p5_bs256_lr1e-4_seed403_184423,pusht,pushobj_small_tee,25,9,5976,cem,50,80.0,vis-bs256,403,ground_truth
visreg_pusht_lambd4p5_bs256_lr1e-4_seed403_184423,pusht,pushobj_small_tee,50,9,1025,cem,50,58.0,vis-bs256,403,ground_truth
visreg_pusht_lambd4p5_bs256_lr1e-4_seed403_184423,pusht,pushobj_small_tee,50,9,3014,cem,50,52.0,vis-bs256,403,ground_truth
visreg_pusht_lambd4p5_bs256_lr1e-4_seed403_184423,pusht,pushobj_small_tee,50,9,5976,cem,50,62.0,vis-bs256,403,ground_truth
visreg_pusht_lambd4p5_bs256_lr1e-4_seed403_184423,pusht,pushobj_small_tee,75,9,1025,cem,50,38.0,vis-bs256,403,ground_truth
visreg_pusht_lambd4p5_bs256_lr1e-4_seed403_184423,pusht,pushobj_small_tee,75,9,3014,cem,50,32.0,vis-bs256,403,ground_truth
visreg_pusht_lambd4p5_bs256_lr1e-4_seed403_184423,pusht,pushobj_small_tee,75,9,5976,cem,50,36.0,vis-bs256,403,ground_truth
visreg_pusht_lambd4p5_bs256_lr1e-4_seed403_184423,pusht,pushobj_square,25,9,1025,cem,50,86.0,vis-bs256,403,ground_truth
visreg_pusht_lambd4p5_bs256_lr1e-4_seed403_184423,pusht,pushobj_square,25,9,3014,cem,50,78.0,vis-bs256,403,ground_truth
visreg_pusht_lambd4p5_bs256_lr1e-4_seed403_184423,pusht,pushobj_square,25,9,5976,cem,50,72.0,vis-bs256,403,ground_truth
visreg_pusht_lambd4p5_bs256_lr1e-4_seed403_184423,pusht,pushobj_square,50,9,1025,cem,50,64.0,vis-bs256,403,ground_truth
visreg_pusht_lambd4p5_bs256_lr1e-4_seed403_184423,pusht,pushobj_square,50,9,3014,cem,50,60.0,vis-bs256,403,ground_truth
visreg_pusht_lambd4p5_bs256_lr1e-4_seed403_184423,pusht,pushobj_square,50,9,5976,cem,50,52.0,vis-bs256,403,ground_truth
visreg_pusht_lambd4p5_bs256_lr1e-4_seed403_184423,pusht,pushobj_square,75,9,1025,cem,50,36.0,vis-bs256,403,ground_truth
visreg_pusht_lambd4p5_bs256_lr1e-4_seed403_184423,pusht,pushobj_square,75,9,3014,cem,50,46.0,vis-bs256,403,ground_truth
visreg_pusht_lambd4p5_bs256_lr1e-4_seed403_184423,pusht,pushobj_square,75,9,5976,cem,50,46.0,vis-bs256,403,ground_truth
visreg_pusht_lambd4p5_bs256_lr1e-4_seed403_184423,pusht,pusht,25,9,1025,cem,50,96.0,vis-bs256,403,ground_truth
visreg_pusht_lambd4p5_bs256_lr1e-4_seed403_184423,pusht,pusht,25,9,3014,cem,50,86.0,vis-bs256,403,ground_truth
visreg_pusht_lambd4p5_bs256_lr1e-4_seed403_184423,pusht,pusht,25,9,42,cem,50,98.0,vis-bs256,403,ground_truth
visreg_pusht_lambd4p5_bs256_lr1e-4_seed403_184423,pusht,pusht,25,9,5976,cem,50,90.0,vis-bs256,403,ground_truth
visreg_pusht_lambd4p5_bs256_lr1e-4_seed403_184423,pusht,pusht,50,9,1025,cem,50,32.0,vis-bs256,403,ground_truth
visreg_pusht_lambd4p5_bs256_lr1e-4_seed403_184423,pusht,pusht,50,9,3014,cem,50,34.0,vis-bs256,403,ground_truth
visreg_pusht_lambd4p5_bs256_lr1e-4_seed403_184423,pusht,pusht,50,9,42,cem,50,56.0,vis-bs256,403,ground_truth
visreg_pusht_lambd4p5_bs256_lr1e-4_seed403_184423,pusht,pusht,50,9,5976,cem,50,46.0,vis-bs256,403,ground_truth
visreg_pusht_lambd4p5_bs256_lr1e-4_seed403_184423,pusht,pusht,75,9,1025,cem,50,24.0,vis-bs256,403,ground_truth
visreg_pusht_lambd4p5_bs256_lr1e-4_seed403_184423,pusht,pusht,75,9,3014,cem,50,16.0,vis-bs256,403,ground_truth
visreg_pusht_lambd4p5_bs256_lr1e-4_seed403_184423,pusht,pusht,75,9,42,cem,50,16.0,vis-bs256,403,ground_truth
visreg_pusht_lambd4p5_bs256_lr1e-4_seed403_184423,pusht,pusht,75,9,5976,cem,50,16.0,vis-bs256,403,ground_truth
visreg_pusht_lambd4p5_bs256_lr1e-4_seed403_184423,pusht,pusht,25,10,42,cem,50,94.0,vis-bs256,403,ground_truth
visreg_pusht_lambd4p5_bs256_lr1e-4_seed46_184425,pusht,pusht,25,1,42,cem,50,52.0,vis-bs256,46,ground_truth
visreg_pusht_lambd4p5_bs256_lr1e-4_seed46_184425,pusht,pusht,25,2,42,cem,50,80.0,vis-bs256,46,ground_truth
visreg_pusht_lambd4p5_bs256_lr1e-4_seed46_184425,pusht,pusht,25,3,42,cem,50,94.0,vis-bs256,46,ground_truth
visreg_pusht_lambd4p5_bs256_lr1e-4_seed46_184425,pusht,pusht,25,4,42,cem,50,90.0,vis-bs256,46,ground_truth
visreg_pusht_lambd4p5_bs256_lr1e-4_seed46_184425,pusht,pusht,25,5,42,cem,50,96.0,vis-bs256,46,ground_truth
visreg_pusht_lambd4p5_bs256_lr1e-4_seed46_184425,pusht,pusht,25,6,42,cem,50,96.0,vis-bs256,46,ground_truth
visreg_pusht_lambd4p5_bs256_lr1e-4_seed46_184425,pusht,pusht,25,7,42,cem,50,96.0,vis-bs256,46,ground_truth
visreg_pusht_lambd4p5_bs256_lr1e-4_seed46_184425,pusht,pusht,25,8,2027,cem,50,90.0,,,pool:heldout
visreg_pusht_lambd4p5_bs256_lr1e-4_seed46_184425,pusht,pusht,25,8,42,cem,50,100.0,vis-bs256,46,ground_truth
visreg_pusht_lambd4p5_bs256_lr1e-4_seed46_184425,pusht,pusht,25,8,5501,cem,50,90.0,,,pool:heldout
visreg_pusht_lambd4p5_bs256_lr1e-4_seed46_184425,pusht,pusht,25,8,60601,cem,50,96.0,,,pool:heldout
visreg_pusht_lambd4p5_bs256_lr1e-4_seed46_184425,pusht,pusht,25,8,65537,cem,50,90.0,,,pool:heldout
visreg_pusht_lambd4p5_bs256_lr1e-4_seed46_184425,pusht,pusht,25,8,8191,cem,50,88.0,,,pool:heldout
visreg_pusht_lambd4p5_bs256_lr1e-4_seed46_184425,pusht,pusht,25,8,90210,cem,50,96.0,,,pool:heldout
visreg_pusht_lambd4p5_bs256_lr1e-4_seed46_184425,pusht,pusht,25,9,42,cem,50,94.0,vis-bs256,46,ground_truth
visreg_pusht_lambd4p5_bs256_lr1e-4_seed46_184425,pusht,pushobj_I,25,10,1025,cem,50,86.0,vis-bs256,46,ground_truth
visreg_pusht_lambd4p5_bs256_lr1e-4_seed46_184425,pusht,pushobj_I,25,10,3014,cem,50,82.0,vis-bs256,46,ground_truth
visreg_pusht_lambd4p5_bs256_lr1e-4_seed46_184425,pusht,pushobj_I,25,10,5976,cem,50,78.0,vis-bs256,46,ground_truth
visreg_pusht_lambd4p5_bs256_lr1e-4_seed46_184425,pusht,pushobj_I,50,10,1025,cem,50,62.0,vis-bs256,46,ground_truth
visreg_pusht_lambd4p5_bs256_lr1e-4_seed46_184425,pusht,pushobj_I,50,10,3014,cem,50,50.0,vis-bs256,46,ground_truth
visreg_pusht_lambd4p5_bs256_lr1e-4_seed46_184425,pusht,pushobj_I,50,10,5976,cem,50,42.0,vis-bs256,46,ground_truth
visreg_pusht_lambd4p5_bs256_lr1e-4_seed46_184425,pusht,pushobj_I,75,10,1025,cem,50,32.0,vis-bs256,46,ground_truth
visreg_pusht_lambd4p5_bs256_lr1e-4_seed46_184425,pusht,pushobj_I,75,10,3014,cem,50,50.0,vis-bs256,46,ground_truth
visreg_pusht_lambd4p5_bs256_lr1e-4_seed46_184425,pusht,pushobj_I,75,10,5976,cem,50,48.0,vis-bs256,46,ground_truth
visreg_pusht_lambd4p5_bs256_lr1e-4_seed46_184425,pusht,pushobj_L,25,10,1025,cem,50,84.0,vis-bs256,46,ground_truth
visreg_pusht_lambd4p5_bs256_lr1e-4_seed46_184425,pusht,pushobj_L,25,10,3014,cem,50,94.0,vis-bs256,46,ground_truth
visreg_pusht_lambd4p5_bs256_lr1e-4_seed46_184425,pusht,pushobj_L,25,10,5976,cem,50,88.0,vis-bs256,46,ground_truth
visreg_pusht_lambd4p5_bs256_lr1e-4_seed46_184425,pusht,pushobj_L,50,10,1025,cem,50,82.0,vis-bs256,46,ground_truth
visreg_pusht_lambd4p5_bs256_lr1e-4_seed46_184425,pusht,pushobj_L,50,10,3014,cem,50,76.0,vis-bs256,46,ground_truth
visreg_pusht_lambd4p5_bs256_lr1e-4_seed46_184425,pusht,pushobj_L,50,10,5976,cem,50,72.0,vis-bs256,46,ground_truth
visreg_pusht_lambd4p5_bs256_lr1e-4_seed46_184425,pusht,pushobj_L,75,10,1025,cem,50,60.0,vis-bs256,46,ground_truth
visreg_pusht_lambd4p5_bs256_lr1e-4_seed46_184425,pusht,pushobj_L,75,10,3014,cem,50,52.0,vis-bs256,46,ground_truth
visreg_pusht_lambd4p5_bs256_lr1e-4_seed46_184425,pusht,pushobj_L,75,10,5976,cem,50,42.0,vis-bs256,46,ground_truth
visreg_pusht_lambd4p5_bs256_lr1e-4_seed46_184425,pusht,pushobj_Z,25,10,1025,cem,50,86.0,vis-bs256,46,ground_truth
visreg_pusht_lambd4p5_bs256_lr1e-4_seed46_184425,pusht,pushobj_Z,25,10,3014,cem,50,78.0,vis-bs256,46,ground_truth
visreg_pusht_lambd4p5_bs256_lr1e-4_seed46_184425,pusht,pushobj_Z,25,10,5976,cem,50,80.0,vis-bs256,46,ground_truth
visreg_pusht_lambd4p5_bs256_lr1e-4_seed46_184425,pusht,pushobj_Z,50,10,1025,cem,50,64.0,vis-bs256,46,ground_truth
visreg_pusht_lambd4p5_bs256_lr1e-4_seed46_184425,pusht,pushobj_Z,50,10,3014,cem,50,66.0,vis-bs256,46,ground_truth
visreg_pusht_lambd4p5_bs256_lr1e-4_seed46_184425,pusht,pushobj_Z,50,10,5976,cem,50,70.0,vis-bs256,46,ground_truth
visreg_pusht_lambd4p5_bs256_lr1e-4_seed46_184425,pusht,pushobj_Z,75,10,1025,cem,50,64.0,vis-bs256,46,ground_truth
visreg_pusht_lambd4p5_bs256_lr1e-4_seed46_184425,pusht,pushobj_Z,75,10,3014,cem,50,58.0,vis-bs256,46,ground_truth
visreg_pusht_lambd4p5_bs256_lr1e-4_seed46_184425,pusht,pushobj_Z,75,10,5976,cem,50,42.0,vis-bs256,46,ground_truth
visreg_pusht_lambd4p5_bs256_lr1e-4_seed46_184425,pusht,pushobj_plus,25,10,1025,cem,50,74.0,vis-bs256,46,ground_truth
visreg_pusht_lambd4p5_bs256_lr1e-4_seed46_184425,pusht,pushobj_plus,25,10,3014,cem,50,78.0,vis-bs256,46,ground_truth
visreg_pusht_lambd4p5_bs256_lr1e-4_seed46_184425,pusht,pushobj_plus,25,10,5976,cem,50,76.0,vis-bs256,46,ground_truth
visreg_pusht_lambd4p5_bs256_lr1e-4_seed46_184425,pusht,pushobj_plus,50,10,1025,cem,50,62.0,vis-bs256,46,ground_truth
visreg_pusht_lambd4p5_bs256_lr1e-4_seed46_184425,pusht,pushobj_plus,50,10,3014,cem,50,68.0,vis-bs256,46,ground_truth
visreg_pusht_lambd4p5_bs256_lr1e-4_seed46_184425,pusht,pushobj_plus,50,10,5976,cem,50,46.0,vis-bs256,46,ground_truth
visreg_pusht_lambd4p5_bs256_lr1e-4_seed46_184425,pusht,pushobj_plus,75,10,1025,cem,50,44.0,vis-bs256,46,ground_truth
visreg_pusht_lambd4p5_bs256_lr1e-4_seed46_184425,pusht,pushobj_plus,75,10,3014,cem,50,42.0,vis-bs256,46,ground_truth
visreg_pusht_lambd4p5_bs256_lr1e-4_seed46_184425,pusht,pushobj_plus,75,10,5976,cem,50,46.0,vis-bs256,46,ground_truth
visreg_pusht_lambd4p5_bs256_lr1e-4_seed46_184425,pusht,pushobj_small_tee,25,10,1025,cem,50,88.0,vis-bs256,46,ground_truth
visreg_pusht_lambd4p5_bs256_lr1e-4_seed46_184425,pusht,pushobj_small_tee,25,10,3014,cem,50,84.0,vis-bs256,46,ground_truth
visreg_pusht_lambd4p5_bs256_lr1e-4_seed46_184425,pusht,pushobj_small_tee,25,10,5976,cem,50,76.0,vis-bs256,46,ground_truth
visreg_pusht_lambd4p5_bs256_lr1e-4_seed46_184425,pusht,pushobj_small_tee,50,10,1025,cem,50,58.0,vis-bs256,46,ground_truth
visreg_pusht_lambd4p5_bs256_lr1e-4_seed46_184425,pusht,pushobj_small_tee,50,10,3014,cem,50,66.0,vis-bs256,46,ground_truth
visreg_pusht_lambd4p5_bs256_lr1e-4_seed46_184425,pusht,pushobj_small_tee,50,10,5976,cem,50,66.0,vis-bs256,46,ground_truth
visreg_pusht_lambd4p5_bs256_lr1e-4_seed46_184425,pusht,pushobj_small_tee,75,10,1025,cem,50,38.0,vis-bs256,46,ground_truth
visreg_pusht_lambd4p5_bs256_lr1e-4_seed46_184425,pusht,pushobj_small_tee,75,10,3014,cem,50,30.0,vis-bs256,46,ground_truth
visreg_pusht_lambd4p5_bs256_lr1e-4_seed46_184425,pusht,pushobj_small_tee,75,10,5976,cem,50,38.0,vis-bs256,46,ground_truth
visreg_pusht_lambd4p5_bs256_lr1e-4_seed46_184425,pusht,pushobj_square,25,10,1025,cem,50,86.0,vis-bs256,46,ground_truth
visreg_pusht_lambd4p5_bs256_lr1e-4_seed46_184425,pusht,pushobj_square,25,10,3014,cem,50,72.0,vis-bs256,46,ground_truth
visreg_pusht_lambd4p5_bs256_lr1e-4_seed46_184425,pusht,pushobj_square,25,10,5976,cem,50,74.0,vis-bs256,46,ground_truth
visreg_pusht_lambd4p5_bs256_lr1e-4_seed46_184425,pusht,pushobj_square,50,10,1025,cem,50,64.0,vis-bs256,46,ground_truth
visreg_pusht_lambd4p5_bs256_lr1e-4_seed46_184425,pusht,pushobj_square,50,10,3014,cem,50,64.0,vis-bs256,46,ground_truth
visreg_pusht_lambd4p5_bs256_lr1e-4_seed46_184425,pusht,pushobj_square,50,10,5976,cem,50,58.0,vis-bs256,46,ground_truth
visreg_pusht_lambd4p5_bs256_lr1e-4_seed46_184425,pusht,pushobj_square,75,10,1025,cem,50,42.0,vis-bs256,46,ground_truth
visreg_pusht_lambd4p5_bs256_lr1e-4_seed46_184425,pusht,pushobj_square,75,10,3014,cem,50,44.0,vis-bs256,46,ground_truth
visreg_pusht_lambd4p5_bs256_lr1e-4_seed46_184425,pusht,pushobj_square,75,10,5976,cem,50,46.0,vis-bs256,46,ground_truth
visreg_pusht_lambd4p5_bs256_lr1e-4_seed46_184425,pusht,pusht,25,10,1025,cem,50,92.0,vis-bs256,46,ground_truth
visreg_pusht_lambd4p5_bs256_lr1e-4_seed46_184425,pusht,pusht,25,10,2027,cem,50,96.0,,,pool:heldout
visreg_pusht_lambd4p5_bs256_lr1e-4_seed46_184425,pusht,pusht,25,10,3014,cem,50,92.0,vis-bs256,46,ground_truth
visreg_pusht_lambd4p5_bs256_lr1e-4_seed46_184425,pusht,pusht,25,10,42,cem,50,100.0,vis-bs256,46,ground_truth
visreg_pusht_lambd4p5_bs256_lr1e-4_seed46_184425,pusht,pusht,25,10,5501,cem,50,94.0,,,pool:heldout
visreg_pusht_lambd4p5_bs256_lr1e-4_seed46_184425,pusht,pusht,25,10,5976,cem,50,92.0,vis-bs256,46,ground_truth
visreg_pusht_lambd4p5_bs256_lr1e-4_seed46_184425,pusht,pusht,25,10,60601,cem,50,96.0,,,pool:heldout
visreg_pusht_lambd4p5_bs256_lr1e-4_seed46_184425,pusht,pusht,25,10,65537,cem,50,90.0,,,pool:heldout
visreg_pusht_lambd4p5_bs256_lr1e-4_seed46_184425,pusht,pusht,25,10,8191,cem,50,82.0,,,pool:heldout
visreg_pusht_lambd4p5_bs256_lr1e-4_seed46_184425,pusht,pusht,25,10,90210,cem,50,94.0,,,pool:heldout
visreg_pusht_lambd4p5_bs256_lr1e-4_seed46_184425,pusht,pusht,50,10,1025,cem,50,36.0,vis-bs256,46,ground_truth
visreg_pusht_lambd4p5_bs256_lr1e-4_seed46_184425,pusht,pusht,50,10,3014,cem,50,34.0,vis-bs256,46,ground_truth
visreg_pusht_lambd4p5_bs256_lr1e-4_seed46_184425,pusht,pusht,50,10,42,cem,50,56.0,vis-bs256,46,ground_truth
visreg_pusht_lambd4p5_bs256_lr1e-4_seed46_184425,pusht,pusht,50,10,5976,cem,50,44.0,vis-bs256,46,ground_truth
visreg_pusht_lambd4p5_bs256_lr1e-4_seed46_184425,pusht,pusht,75,10,1025,cem,50,30.0,vis-bs256,46,ground_truth
visreg_pusht_lambd4p5_bs256_lr1e-4_seed46_184425,pusht,pusht,75,10,3014,cem,50,12.0,vis-bs256,46,ground_truth
visreg_pusht_lambd4p5_bs256_lr1e-4_seed46_184425,pusht,pusht,75,10,42,cem,50,18.0,vis-bs256,46,ground_truth
visreg_pusht_lambd4p5_bs256_lr1e-4_seed46_184425,pusht,pusht,75,10,5976,cem,50,14.0,vis-bs256,46,ground_truth
visreg_pusht_lambd4p5_bs256_lr1e-4_seed729_184421,pusht,pusht,25,1,42,cem,50,62.0,vis-bs256,729,ground_truth
visreg_pusht_lambd4p5_bs256_lr1e-4_seed729_184421,pusht,pusht,25,2,42,cem,50,84.0,vis-bs256,729,ground_truth
visreg_pusht_lambd4p5_bs256_lr1e-4_seed729_184421,pusht,pusht,25,3,42,cem,50,86.0,vis-bs256,729,ground_truth
visreg_pusht_lambd4p5_bs256_lr1e-4_seed729_184421,pusht,pusht,25,4,42,cem,50,90.0,vis-bs256,729,ground_truth
visreg_pusht_lambd4p5_bs256_lr1e-4_seed729_184421,pusht,pusht,25,5,42,cem,50,92.0,vis-bs256,729,ground_truth
visreg_pusht_lambd4p5_bs256_lr1e-4_seed729_184421,pusht,pusht,25,6,42,cem,50,96.0,vis-bs256,729,ground_truth
visreg_pusht_lambd4p5_bs256_lr1e-4_seed729_184421,pusht,pusht,25,7,42,cem,50,94.0,vis-bs256,729,ground_truth
visreg_pusht_lambd4p5_bs256_lr1e-4_seed729_184421,pusht,pusht,25,8,42,cem,50,96.0,vis-bs256,729,ground_truth
visreg_pusht_lambd4p5_bs256_lr1e-4_seed729_184421,pusht,pushobj_I,25,9,1025,cem,50,86.0,vis-bs256,729,ground_truth
visreg_pusht_lambd4p5_bs256_lr1e-4_seed729_184421,pusht,pushobj_I,25,9,3014,cem,50,82.0,vis-bs256,729,ground_truth
visreg_pusht_lambd4p5_bs256_lr1e-4_seed729_184421,pusht,pushobj_I,25,9,5976,cem,50,76.0,vis-bs256,729,ground_truth
visreg_pusht_lambd4p5_bs256_lr1e-4_seed729_184421,pusht,pushobj_I,50,9,1025,cem,50,46.0,vis-bs256,729,ground_truth
visreg_pusht_lambd4p5_bs256_lr1e-4_seed729_184421,pusht,pushobj_I,50,9,3014,cem,50,56.0,vis-bs256,729,ground_truth
visreg_pusht_lambd4p5_bs256_lr1e-4_seed729_184421,pusht,pushobj_I,50,9,5976,cem,50,54.0,vis-bs256,729,ground_truth
visreg_pusht_lambd4p5_bs256_lr1e-4_seed729_184421,pusht,pushobj_I,75,9,1025,cem,50,32.0,vis-bs256,729,ground_truth
visreg_pusht_lambd4p5_bs256_lr1e-4_seed729_184421,pusht,pushobj_I,75,9,3014,cem,50,34.0,vis-bs256,729,ground_truth
visreg_pusht_lambd4p5_bs256_lr1e-4_seed729_184421,pusht,pushobj_I,75,9,5976,cem,50,42.0,vis-bs256,729,ground_truth
visreg_pusht_lambd4p5_bs256_lr1e-4_seed729_184421,pusht,pushobj_L,25,9,1025,cem,50,88.0,vis-bs256,729,ground_truth
visreg_pusht_lambd4p5_bs256_lr1e-4_seed729_184421,pusht,pushobj_L,25,9,3014,cem,50,90.0,vis-bs256,729,ground_truth
visreg_pusht_lambd4p5_bs256_lr1e-4_seed729_184421,pusht,pushobj_L,25,9,5976,cem,50,86.0,vis-bs256,729,ground_truth
visreg_pusht_lambd4p5_bs256_lr1e-4_seed729_184421,pusht,pushobj_L,50,9,1025,cem,50,80.0,vis-bs256,729,ground_truth
visreg_pusht_lambd4p5_bs256_lr1e-4_seed729_184421,pusht,pushobj_L,50,9,3014,cem,50,78.0,vis-bs256,729,ground_truth
visreg_pusht_lambd4p5_bs256_lr1e-4_seed729_184421,pusht,pushobj_L,50,9,5976,cem,50,68.0,vis-bs256,729,ground_truth
visreg_pusht_lambd4p5_bs256_lr1e-4_seed729_184421,pusht,pushobj_L,75,9,1025,cem,50,60.0,vis-bs256,729,ground_truth
visreg_pusht_lambd4p5_bs256_lr1e-4_seed729_184421,pusht,pushobj_L,75,9,3014,cem,50,56.0,vis-bs256,729,ground_truth
visreg_pusht_lambd4p5_bs256_lr1e-4_seed729_184421,pusht,pushobj_L,75,9,5976,cem,50,42.0,vis-bs256,729,ground_truth
visreg_pusht_lambd4p5_bs256_lr1e-4_seed729_184421,pusht,pushobj_Z,25,9,1025,cem,50,90.0,vis-bs256,729,ground_truth
visreg_pusht_lambd4p5_bs256_lr1e-4_seed729_184421,pusht,pushobj_Z,25,9,3014,cem,50,84.0,vis-bs256,729,ground_truth
visreg_pusht_lambd4p5_bs256_lr1e-4_seed729_184421,pusht,pushobj_Z,25,9,5976,cem,50,80.0,vis-bs256,729,ground_truth
visreg_pusht_lambd4p5_bs256_lr1e-4_seed729_184421,pusht,pushobj_Z,50,9,1025,cem,50,64.0,vis-bs256,729,ground_truth
visreg_pusht_lambd4p5_bs256_lr1e-4_seed729_184421,pusht,pushobj_Z,50,9,3014,cem,50,62.0,vis-bs256,729,ground_truth
visreg_pusht_lambd4p5_bs256_lr1e-4_seed729_184421,pusht,pushobj_Z,50,9,5976,cem,50,66.0,vis-bs256,729,ground_truth
visreg_pusht_lambd4p5_bs256_lr1e-4_seed729_184421,pusht,pushobj_Z,75,9,1025,cem,50,64.0,vis-bs256,729,ground_truth
visreg_pusht_lambd4p5_bs256_lr1e-4_seed729_184421,pusht,pushobj_Z,75,9,3014,cem,50,48.0,vis-bs256,729,ground_truth
visreg_pusht_lambd4p5_bs256_lr1e-4_seed729_184421,pusht,pushobj_Z,75,9,5976,cem,50,40.0,vis-bs256,729,ground_truth
visreg_pusht_lambd4p5_bs256_lr1e-4_seed729_184421,pusht,pushobj_plus,25,9,1025,cem,50,76.0,vis-bs256,729,ground_truth
visreg_pusht_lambd4p5_bs256_lr1e-4_seed729_184421,pusht,pushobj_plus,25,9,3014,cem,50,78.0,vis-bs256,729,ground_truth
visreg_pusht_lambd4p5_bs256_lr1e-4_seed729_184421,pusht,pushobj_plus,25,9,5976,cem,50,82.0,vis-bs256,729,ground_truth
visreg_pusht_lambd4p5_bs256_lr1e-4_seed729_184421,pusht,pushobj_plus,50,9,1025,cem,50,66.0,vis-bs256,729,ground_truth
visreg_pusht_lambd4p5_bs256_lr1e-4_seed729_184421,pusht,pushobj_plus,50,9,3014,cem,50,72.0,vis-bs256,729,ground_truth
visreg_pusht_lambd4p5_bs256_lr1e-4_seed729_184421,pusht,pushobj_plus,50,9,5976,cem,50,60.0,vis-bs256,729,ground_truth
visreg_pusht_lambd4p5_bs256_lr1e-4_seed729_184421,pusht,pushobj_plus,75,9,1025,cem,50,52.0,vis-bs256,729,ground_truth
visreg_pusht_lambd4p5_bs256_lr1e-4_seed729_184421,pusht,pushobj_plus,75,9,3014,cem,50,38.0,vis-bs256,729,ground_truth
visreg_pusht_lambd4p5_bs256_lr1e-4_seed729_184421,pusht,pushobj_plus,75,9,5976,cem,50,36.0,vis-bs256,729,ground_truth
visreg_pusht_lambd4p5_bs256_lr1e-4_seed729_184421,pusht,pushobj_small_tee,25,9,1025,cem,50,84.0,vis-bs256,729,ground_truth
visreg_pusht_lambd4p5_bs256_lr1e-4_seed729_184421,pusht,pushobj_small_tee,25,9,3014,cem,50,86.0,vis-bs256,729,ground_truth
visreg_pusht_lambd4p5_bs256_lr1e-4_seed729_184421,pusht,pushobj_small_tee,25,9,5976,cem,50,84.0,vis-bs256,729,ground_truth
visreg_pusht_lambd4p5_bs256_lr1e-4_seed729_184421,pusht,pushobj_small_tee,50,9,1025,cem,50,60.0,vis-bs256,729,ground_truth
visreg_pusht_lambd4p5_bs256_lr1e-4_seed729_184421,pusht,pushobj_small_tee,50,9,3014,cem,50,52.0,vis-bs256,729,ground_truth
visreg_pusht_lambd4p5_bs256_lr1e-4_seed729_184421,pusht,pushobj_small_tee,50,9,5976,cem,50,58.0,vis-bs256,729,ground_truth
visreg_pusht_lambd4p5_bs256_lr1e-4_seed729_184421,pusht,pushobj_small_tee,75,9,1025,cem,50,38.0,vis-bs256,729,ground_truth
visreg_pusht_lambd4p5_bs256_lr1e-4_seed729_184421,pusht,pushobj_small_tee,75,9,3014,cem,50,38.0,vis-bs256,729,ground_truth
visreg_pusht_lambd4p5_bs256_lr1e-4_seed729_184421,pusht,pushobj_small_tee,75,9,5976,cem,50,38.0,vis-bs256,729,ground_truth
visreg_pusht_lambd4p5_bs256_lr1e-4_seed729_184421,pusht,pushobj_square,25,9,1025,cem,50,88.0,vis-bs256,729,ground_truth
visreg_pusht_lambd4p5_bs256_lr1e-4_seed729_184421,pusht,pushobj_square,25,9,3014,cem,50,78.0,vis-bs256,729,ground_truth
visreg_pusht_lambd4p5_bs256_lr1e-4_seed729_184421,pusht,pushobj_square,25,9,5976,cem,50,76.0,vis-bs256,729,ground_truth
visreg_pusht_lambd4p5_bs256_lr1e-4_seed729_184421,pusht,pushobj_square,50,9,1025,cem,50,64.0,vis-bs256,729,ground_truth
visreg_pusht_lambd4p5_bs256_lr1e-4_seed729_184421,pusht,pushobj_square,50,9,3014,cem,50,58.0,vis-bs256,729,ground_truth
visreg_pusht_lambd4p5_bs256_lr1e-4_seed729_184421,pusht,pushobj_square,50,9,5976,cem,50,52.0,vis-bs256,729,ground_truth
visreg_pusht_lambd4p5_bs256_lr1e-4_seed729_184421,pusht,pushobj_square,75,9,1025,cem,50,40.0,vis-bs256,729,ground_truth
visreg_pusht_lambd4p5_bs256_lr1e-4_seed729_184421,pusht,pushobj_square,75,9,3014,cem,50,36.0,vis-bs256,729,ground_truth
visreg_pusht_lambd4p5_bs256_lr1e-4_seed729_184421,pusht,pushobj_square,75,9,5976,cem,50,42.0,vis-bs256,729,ground_truth
visreg_pusht_lambd4p5_bs256_lr1e-4_seed729_184421,pusht,pusht,25,9,1025,cem,50,96.0,vis-bs256,729,ground_truth
visreg_pusht_lambd4p5_bs256_lr1e-4_seed729_184421,pusht,pusht,25,9,3014,cem,50,86.0,vis-bs256,729,ground_truth
visreg_pusht_lambd4p5_bs256_lr1e-4_seed729_184421,pusht,pusht,25,9,42,cem,50,98.0,vis-bs256,729,ground_truth
visreg_pusht_lambd4p5_bs256_lr1e-4_seed729_184421,pusht,pusht,25,9,5976,cem,50,92.0,vis-bs256,729,ground_truth
visreg_pusht_lambd4p5_bs256_lr1e-4_seed729_184421,pusht,pusht,50,9,1025,cem,50,38.0,vis-bs256,729,ground_truth
visreg_pusht_lambd4p5_bs256_lr1e-4_seed729_184421,pusht,pusht,50,9,3014,cem,50,34.0,vis-bs256,729,ground_truth
visreg_pusht_lambd4p5_bs256_lr1e-4_seed729_184421,pusht,pusht,50,9,42,cem,50,56.0,vis-bs256,729,ground_truth
visreg_pusht_lambd4p5_bs256_lr1e-4_seed729_184421,pusht,pusht,50,9,5976,cem,50,42.0,vis-bs256,729,ground_truth
visreg_pusht_lambd4p5_bs256_lr1e-4_seed729_184421,pusht,pusht,75,9,1025,cem,50,26.0,vis-bs256,729,ground_truth
visreg_pusht_lambd4p5_bs256_lr1e-4_seed729_184421,pusht,pusht,75,9,3014,cem,50,10.0,vis-bs256,729,ground_truth
visreg_pusht_lambd4p5_bs256_lr1e-4_seed729_184421,pusht,pusht,75,9,42,cem,50,10.0,vis-bs256,729,ground_truth
visreg_pusht_lambd4p5_bs256_lr1e-4_seed729_184421,pusht,pusht,75,9,5976,cem,50,16.0,vis-bs256,729,ground_truth
visreg_pusht_lambd4p5_bs256_lr1e-4_seed729_184421,pusht,pusht,25,10,42,cem,50,94.0,vis-bs256,729,ground_truth
visreg_pusht_lambd4p5_bs256_lr2e-4_seed729_183125,pusht,pusht,25,1,2027,cem,50,66.0,,,pool:heldout
visreg_pusht_lambd4p5_bs256_lr2e-4_seed729_183125,pusht,pusht,25,1,42,cem,50,68.0,vis-bs256,729,ground_truth
visreg_pusht_lambd4p5_bs256_lr2e-4_seed729_183125,pusht,pusht,25,1,5501,cem,50,70.0,,,pool:heldout
visreg_pusht_lambd4p5_bs256_lr2e-4_seed729_183125,pusht,pusht,25,1,60601,cem,50,70.0,,,pool:heldout
visreg_pusht_lambd4p5_bs256_lr2e-4_seed729_183125,pusht,pusht,25,1,65537,cem,50,62.0,,,pool:heldout
visreg_pusht_lambd4p5_bs256_lr2e-4_seed729_183125,pusht,pusht,25,1,8191,cem,50,62.0,,,pool:heldout
visreg_pusht_lambd4p5_bs256_lr2e-4_seed729_183125,pusht,pusht,25,1,90210,cem,50,72.0,,,pool:heldout
visreg_pusht_lambd4p5_bs256_lr2e-4_seed729_183125,pusht,pusht,25,2,42,cem,50,72.0,vis-bs256,729,ground_truth
visreg_pusht_lambd4p5_bs256_lr2e-4_seed729_183125,pusht,pusht,25,3,42,cem,50,92.0,vis-bs256,729,ground_truth
visreg_pusht_lambd4p5_bs256_lr2e-4_seed729_183125,pusht,pusht,25,4,42,cem,50,94.0,vis-bs256,729,ground_truth
visreg_pusht_lambd4p5_bs256_lr2e-4_seed729_183125,pusht,pusht,25,5,42,cem,50,94.0,vis-bs256,729,ground_truth
visreg_pusht_lambd4p5_bs256_lr2e-4_seed729_183125,pusht,pusht,25,6,42,cem,50,94.0,vis-bs256,729,ground_truth
visreg_pusht_lambd4p5_bs256_lr2e-4_seed729_183125,pusht,pusht,25,7,42,cem,50,96.0,vis-bs256,729,ground_truth
visreg_pusht_lambd4p5_bs256_lr2e-4_seed729_183125,pusht,pusht,25,8,42,cem,50,96.0,vis-bs256,729,ground_truth
visreg_pusht_lambd4p5_bs256_lr2e-4_seed729_183125,pusht,pusht,25,9,42,cem,50,98.0,vis-bs256,729,ground_truth
visreg_pusht_lambd4p5_bs256_lr2e-4_seed729_183125,pusht,pusht,25,10,42,cem,50,94.0,vis-bs256,729,ground_truth
visreg_pusht_lambd4p5_bs512_lr1e-4_seed403_184424,pusht,pusht,25,1,2027,cem,50,30.0,,,pool:heldout
visreg_pusht_lambd4p5_bs512_lr1e-4_seed403_184424,pusht,pusht,25,1,42,cem,50,32.0,vis-bs512,403,ground_truth
visreg_pusht_lambd4p5_bs512_lr1e-4_seed403_184424,pusht,pusht,25,1,5501,cem,50,18.0,,,pool:heldout
visreg_pusht_lambd4p5_bs512_lr1e-4_seed403_184424,pusht,pusht,25,1,60601,cem,50,22.0,,,pool:heldout
visreg_pusht_lambd4p5_bs512_lr1e-4_seed403_184424,pusht,pusht,25,1,65537,cem,50,18.0,,,pool:heldout
visreg_pusht_lambd4p5_bs512_lr1e-4_seed403_184424,pusht,pusht,25,1,8191,cem,50,16.0,,,pool:heldout
visreg_pusht_lambd4p5_bs512_lr1e-4_seed403_184424,pusht,pusht,25,1,90210,cem,50,20.0,,,pool:heldout
visreg_pusht_lambd4p5_bs512_lr1e-4_seed403_184424,pusht,pusht,25,2,42,cem,50,72.0,vis-bs512,403,ground_truth
visreg_pusht_lambd4p5_bs512_lr1e-4_seed403_184424,pusht,pusht,25,3,42,cem,50,90.0,vis-bs512,403,ground_truth
visreg_pusht_lambd4p5_bs512_lr1e-4_seed403_184424,pusht,pusht,25,4,42,cem,50,86.0,vis-bs512,403,ground_truth
visreg_pusht_lambd4p5_bs512_lr1e-4_seed403_184424,pusht,pusht,25,5,42,cem,50,96.0,vis-bs512,403,ground_truth
visreg_pusht_lambd4p5_bs512_lr1e-4_seed403_184424,pusht,pusht,25,6,42,cem,50,94.0,vis-bs512,403,ground_truth
visreg_pusht_lambd4p5_bs512_lr1e-4_seed403_184424,pusht,pusht,25,7,42,cem,50,94.0,vis-bs512,403,ground_truth
visreg_pusht_lambd4p5_bs512_lr1e-4_seed403_184424,pusht,pushobj_I,25,8,1025,cem,50,82.0,vis-bs512,403,ground_truth
visreg_pusht_lambd4p5_bs512_lr1e-4_seed403_184424,pusht,pushobj_I,25,8,3014,cem,50,82.0,vis-bs512,403,ground_truth
visreg_pusht_lambd4p5_bs512_lr1e-4_seed403_184424,pusht,pushobj_I,25,8,5976,cem,50,82.0,vis-bs512,403,ground_truth
visreg_pusht_lambd4p5_bs512_lr1e-4_seed403_184424,pusht,pushobj_I,50,8,1025,cem,50,46.0,vis-bs512,403,ground_truth
visreg_pusht_lambd4p5_bs512_lr1e-4_seed403_184424,pusht,pushobj_I,50,8,3014,cem,50,58.0,vis-bs512,403,ground_truth
visreg_pusht_lambd4p5_bs512_lr1e-4_seed403_184424,pusht,pushobj_I,50,8,5976,cem,50,54.0,vis-bs512,403,ground_truth
visreg_pusht_lambd4p5_bs512_lr1e-4_seed403_184424,pusht,pushobj_I,75,8,1025,cem,50,38.0,vis-bs512,403,ground_truth
visreg_pusht_lambd4p5_bs512_lr1e-4_seed403_184424,pusht,pushobj_I,75,8,3014,cem,50,44.0,vis-bs512,403,ground_truth
visreg_pusht_lambd4p5_bs512_lr1e-4_seed403_184424,pusht,pushobj_I,75,8,5976,cem,50,46.0,vis-bs512,403,ground_truth
visreg_pusht_lambd4p5_bs512_lr1e-4_seed403_184424,pusht,pushobj_L,25,8,1025,cem,50,82.0,vis-bs512,403,ground_truth
visreg_pusht_lambd4p5_bs512_lr1e-4_seed403_184424,pusht,pushobj_L,25,8,3014,cem,50,84.0,vis-bs512,403,ground_truth
visreg_pusht_lambd4p5_bs512_lr1e-4_seed403_184424,pusht,pushobj_L,25,8,5976,cem,50,94.0,vis-bs512,403,ground_truth
visreg_pusht_lambd4p5_bs512_lr1e-4_seed403_184424,pusht,pushobj_L,50,8,1025,cem,50,78.0,vis-bs512,403,ground_truth
visreg_pusht_lambd4p5_bs512_lr1e-4_seed403_184424,pusht,pushobj_L,50,8,3014,cem,50,72.0,vis-bs512,403,ground_truth
visreg_pusht_lambd4p5_bs512_lr1e-4_seed403_184424,pusht,pushobj_L,50,8,5976,cem,50,72.0,vis-bs512,403,ground_truth
visreg_pusht_lambd4p5_bs512_lr1e-4_seed403_184424,pusht,pushobj_L,75,8,1025,cem,50,58.0,vis-bs512,403,ground_truth
visreg_pusht_lambd4p5_bs512_lr1e-4_seed403_184424,pusht,pushobj_L,75,8,3014,cem,50,62.0,vis-bs512,403,ground_truth
visreg_pusht_lambd4p5_bs512_lr1e-4_seed403_184424,pusht,pushobj_L,75,8,5976,cem,50,54.0,vis-bs512,403,ground_truth
visreg_pusht_lambd4p5_bs512_lr1e-4_seed403_184424,pusht,pushobj_Z,25,8,1025,cem,50,84.0,vis-bs512,403,ground_truth
visreg_pusht_lambd4p5_bs512_lr1e-4_seed403_184424,pusht,pushobj_Z,25,8,3014,cem,50,80.0,vis-bs512,403,ground_truth
visreg_pusht_lambd4p5_bs512_lr1e-4_seed403_184424,pusht,pushobj_Z,25,8,5976,cem,50,82.0,vis-bs512,403,ground_truth
visreg_pusht_lambd4p5_bs512_lr1e-4_seed403_184424,pusht,pushobj_Z,50,8,1025,cem,50,64.0,vis-bs512,403,ground_truth
visreg_pusht_lambd4p5_bs512_lr1e-4_seed403_184424,pusht,pushobj_Z,50,8,3014,cem,50,72.0,vis-bs512,403,ground_truth
visreg_pusht_lambd4p5_bs512_lr1e-4_seed403_184424,pusht,pushobj_Z,50,8,5976,cem,50,68.0,vis-bs512,403,ground_truth
visreg_pusht_lambd4p5_bs512_lr1e-4_seed403_184424,pusht,pushobj_Z,75,8,1025,cem,50,60.0,vis-bs512,403,ground_truth
visreg_pusht_lambd4p5_bs512_lr1e-4_seed403_184424,pusht,pushobj_Z,75,8,3014,cem,50,58.0,vis-bs512,403,ground_truth
visreg_pusht_lambd4p5_bs512_lr1e-4_seed403_184424,pusht,pushobj_Z,75,8,5976,cem,50,42.0,vis-bs512,403,ground_truth
visreg_pusht_lambd4p5_bs512_lr1e-4_seed403_184424,pusht,pushobj_plus,25,8,1025,cem,50,76.0,vis-bs512,403,ground_truth
visreg_pusht_lambd4p5_bs512_lr1e-4_seed403_184424,pusht,pushobj_plus,25,8,3014,cem,50,82.0,vis-bs512,403,ground_truth
visreg_pusht_lambd4p5_bs512_lr1e-4_seed403_184424,pusht,pushobj_plus,25,8,5976,cem,50,80.0,vis-bs512,403,ground_truth
visreg_pusht_lambd4p5_bs512_lr1e-4_seed403_184424,pusht,pushobj_plus,50,8,1025,cem,50,60.0,vis-bs512,403,ground_truth
visreg_pusht_lambd4p5_bs512_lr1e-4_seed403_184424,pusht,pushobj_plus,50,8,3014,cem,50,52.0,vis-bs512,403,ground_truth
visreg_pusht_lambd4p5_bs512_lr1e-4_seed403_184424,pusht,pushobj_plus,50,8,5976,cem,50,60.0,vis-bs512,403,ground_truth
visreg_pusht_lambd4p5_bs512_lr1e-4_seed403_184424,pusht,pushobj_plus,75,8,1025,cem,50,46.0,vis-bs512,403,ground_truth
visreg_pusht_lambd4p5_bs512_lr1e-4_seed403_184424,pusht,pushobj_plus,75,8,3014,cem,50,50.0,vis-bs512,403,ground_truth
visreg_pusht_lambd4p5_bs512_lr1e-4_seed403_184424,pusht,pushobj_plus,75,8,5976,cem,50,40.0,vis-bs512,403,ground_truth
visreg_pusht_lambd4p5_bs512_lr1e-4_seed403_184424,pusht,pushobj_small_tee,25,8,1025,cem,50,86.0,vis-bs512,403,ground_truth
visreg_pusht_lambd4p5_bs512_lr1e-4_seed403_184424,pusht,pushobj_small_tee,25,8,3014,cem,50,86.0,vis-bs512,403,ground_truth
visreg_pusht_lambd4p5_bs512_lr1e-4_seed403_184424,pusht,pushobj_small_tee,25,8,5976,cem,50,84.0,vis-bs512,403,ground_truth
visreg_pusht_lambd4p5_bs512_lr1e-4_seed403_184424,pusht,pushobj_small_tee,50,8,1025,cem,50,46.0,vis-bs512,403,ground_truth
visreg_pusht_lambd4p5_bs512_lr1e-4_seed403_184424,pusht,pushobj_small_tee,50,8,3014,cem,50,52.0,vis-bs512,403,ground_truth
visreg_pusht_lambd4p5_bs512_lr1e-4_seed403_184424,pusht,pushobj_small_tee,50,8,5976,cem,50,58.0,vis-bs512,403,ground_truth
visreg_pusht_lambd4p5_bs512_lr1e-4_seed403_184424,pusht,pushobj_small_tee,75,8,1025,cem,50,34.0,vis-bs512,403,ground_truth
visreg_pusht_lambd4p5_bs512_lr1e-4_seed403_184424,pusht,pushobj_small_tee,75,8,3014,cem,50,34.0,vis-bs512,403,ground_truth
visreg_pusht_lambd4p5_bs512_lr1e-4_seed403_184424,pusht,pushobj_small_tee,75,8,5976,cem,50,48.0,vis-bs512,403,ground_truth
visreg_pusht_lambd4p5_bs512_lr1e-4_seed403_184424,pusht,pushobj_square,25,8,1025,cem,50,86.0,vis-bs512,403,ground_truth
visreg_pusht_lambd4p5_bs512_lr1e-4_seed403_184424,pusht,pushobj_square,25,8,3014,cem,50,80.0,vis-bs512,403,ground_truth
visreg_pusht_lambd4p5_bs512_lr1e-4_seed403_184424,pusht,pushobj_square,25,8,5976,cem,50,72.0,vis-bs512,403,ground_truth
visreg_pusht_lambd4p5_bs512_lr1e-4_seed403_184424,pusht,pushobj_square,50,8,1025,cem,50,66.0,vis-bs512,403,ground_truth
visreg_pusht_lambd4p5_bs512_lr1e-4_seed403_184424,pusht,pushobj_square,50,8,3014,cem,50,62.0,vis-bs512,403,ground_truth
visreg_pusht_lambd4p5_bs512_lr1e-4_seed403_184424,pusht,pushobj_square,50,8,5976,cem,50,58.0,vis-bs512,403,ground_truth
visreg_pusht_lambd4p5_bs512_lr1e-4_seed403_184424,pusht,pushobj_square,75,8,1025,cem,50,44.0,vis-bs512,403,ground_truth
visreg_pusht_lambd4p5_bs512_lr1e-4_seed403_184424,pusht,pushobj_square,75,8,3014,cem,50,50.0,vis-bs512,403,ground_truth
visreg_pusht_lambd4p5_bs512_lr1e-4_seed403_184424,pusht,pushobj_square,75,8,5976,cem,50,46.0,vis-bs512,403,ground_truth
visreg_pusht_lambd4p5_bs512_lr1e-4_seed403_184424,pusht,pusht,25,8,1025,cem,50,88.0,vis-bs512,403,ground_truth
visreg_pusht_lambd4p5_bs512_lr1e-4_seed403_184424,pusht,pusht,25,8,3014,cem,50,92.0,vis-bs512,403,ground_truth
visreg_pusht_lambd4p5_bs512_lr1e-4_seed403_184424,pusht,pusht,25,8,42,cem,50,96.0,vis-bs512,403,ground_truth
visreg_pusht_lambd4p5_bs512_lr1e-4_seed403_184424,pusht,pusht,25,8,5976,cem,50,88.0,vis-bs512,403,ground_truth
visreg_pusht_lambd4p5_bs512_lr1e-4_seed403_184424,pusht,pusht,50,8,1025,cem,50,34.0,vis-bs512,403,ground_truth
visreg_pusht_lambd4p5_bs512_lr1e-4_seed403_184424,pusht,pusht,50,8,3014,cem,50,36.0,vis-bs512,403,ground_truth
visreg_pusht_lambd4p5_bs512_lr1e-4_seed403_184424,pusht,pusht,50,8,42,cem,50,46.0,vis-bs512,403,ground_truth
visreg_pusht_lambd4p5_bs512_lr1e-4_seed403_184424,pusht,pusht,50,8,5976,cem,50,44.0,vis-bs512,403,ground_truth
visreg_pusht_lambd4p5_bs512_lr1e-4_seed403_184424,pusht,pusht,75,8,1025,cem,50,28.0,vis-bs512,403,ground_truth
visreg_pusht_lambd4p5_bs512_lr1e-4_seed403_184424,pusht,pusht,75,8,3014,cem,50,12.0,vis-bs512,403,ground_truth
visreg_pusht_lambd4p5_bs512_lr1e-4_seed403_184424,pusht,pusht,75,8,42,cem,50,12.0,vis-bs512,403,ground_truth
visreg_pusht_lambd4p5_bs512_lr1e-4_seed403_184424,pusht,pusht,75,8,5976,cem,50,18.0,vis-bs512,403,ground_truth
visreg_pusht_lambd4p5_bs512_lr1e-4_seed403_184424,pusht,pusht,25,9,42,cem,50,94.0,vis-bs512,403,ground_truth
visreg_pusht_lambd4p5_bs512_lr1e-4_seed403_184424,pusht,pusht,25,10,42,cem,50,94.0,vis-bs512,403,ground_truth
visreg_pusht_lambd4p5_bs512_lr1e-4_seed46_184426,pusht,pusht,25,1,2027,cem,50,32.0,,,pool:heldout
visreg_pusht_lambd4p5_bs512_lr1e-4_seed46_184426,pusht,pusht,25,1,42,cem,50,22.0,vis-bs512,46,ground_truth
visreg_pusht_lambd4p5_bs512_lr1e-4_seed46_184426,pusht,pusht,25,1,5501,cem,50,12.0,,,pool:heldout
visreg_pusht_lambd4p5_bs512_lr1e-4_seed46_184426,pusht,pusht,25,1,60601,cem,50,24.0,,,pool:heldout
visreg_pusht_lambd4p5_bs512_lr1e-4_seed46_184426,pusht,pusht,25,1,65537,cem,50,26.0,,,pool:heldout
visreg_pusht_lambd4p5_bs512_lr1e-4_seed46_184426,pusht,pusht,25,1,8191,cem,50,20.0,,,pool:heldout
visreg_pusht_lambd4p5_bs512_lr1e-4_seed46_184426,pusht,pusht,25,1,90210,cem,50,26.0,,,pool:heldout
visreg_pusht_lambd4p5_bs512_lr1e-4_seed46_184426,pusht,pusht,25,2,42,cem,50,68.0,vis-bs512,46,ground_truth
visreg_pusht_lambd4p5_bs512_lr1e-4_seed46_184426,pusht,pusht,25,3,42,cem,50,92.0,vis-bs512,46,ground_truth
visreg_pusht_lambd4p5_bs512_lr1e-4_seed46_184426,pusht,pusht,25,4,42,cem,50,88.0,vis-bs512,46,ground_truth
visreg_pusht_lambd4p5_bs512_lr1e-4_seed46_184426,pusht,pusht,25,5,42,cem,50,90.0,vis-bs512,46,ground_truth
visreg_pusht_lambd4p5_bs512_lr1e-4_seed46_184426,pusht,pushobj_I,25,6,1025,cem,50,76.0,vis-bs512,46,ground_truth
visreg_pusht_lambd4p5_bs512_lr1e-4_seed46_184426,pusht,pushobj_I,25,6,3014,cem,50,80.0,vis-bs512,46,ground_truth
visreg_pusht_lambd4p5_bs512_lr1e-4_seed46_184426,pusht,pushobj_I,25,6,5976,cem,50,76.0,vis-bs512,46,ground_truth
visreg_pusht_lambd4p5_bs512_lr1e-4_seed46_184426,pusht,pushobj_I,50,6,1025,cem,50,54.0,vis-bs512,46,ground_truth
visreg_pusht_lambd4p5_bs512_lr1e-4_seed46_184426,pusht,pushobj_I,50,6,3014,cem,50,54.0,vis-bs512,46,ground_truth
visreg_pusht_lambd4p5_bs512_lr1e-4_seed46_184426,pusht,pushobj_I,50,6,5976,cem,50,56.0,vis-bs512,46,ground_truth
visreg_pusht_lambd4p5_bs512_lr1e-4_seed46_184426,pusht,pushobj_I,75,6,1025,cem,50,28.0,vis-bs512,46,ground_truth
visreg_pusht_lambd4p5_bs512_lr1e-4_seed46_184426,pusht,pushobj_I,75,6,3014,cem,50,40.0,vis-bs512,46,ground_truth
visreg_pusht_lambd4p5_bs512_lr1e-4_seed46_184426,pusht,pushobj_I,75,6,5976,cem,50,46.0,vis-bs512,46,ground_truth
visreg_pusht_lambd4p5_bs512_lr1e-4_seed46_184426,pusht,pushobj_L,25,6,1025,cem,50,80.0,vis-bs512,46,ground_truth
visreg_pusht_lambd4p5_bs512_lr1e-4_seed46_184426,pusht,pushobj_L,25,6,3014,cem,50,86.0,vis-bs512,46,ground_truth
visreg_pusht_lambd4p5_bs512_lr1e-4_seed46_184426,pusht,pushobj_L,25,6,5976,cem,50,90.0,vis-bs512,46,ground_truth
visreg_pusht_lambd4p5_bs512_lr1e-4_seed46_184426,pusht,pushobj_L,50,6,1025,cem,50,76.0,vis-bs512,46,ground_truth
visreg_pusht_lambd4p5_bs512_lr1e-4_seed46_184426,pusht,pushobj_L,50,6,3014,cem,50,78.0,vis-bs512,46,ground_truth
visreg_pusht_lambd4p5_bs512_lr1e-4_seed46_184426,pusht,pushobj_L,50,6,5976,cem,50,66.0,vis-bs512,46,ground_truth
visreg_pusht_lambd4p5_bs512_lr1e-4_seed46_184426,pusht,pushobj_L,75,6,1025,cem,50,50.0,vis-bs512,46,ground_truth
visreg_pusht_lambd4p5_bs512_lr1e-4_seed46_184426,pusht,pushobj_L,75,6,3014,cem,50,46.0,vis-bs512,46,ground_truth
visreg_pusht_lambd4p5_bs512_lr1e-4_seed46_184426,pusht,pushobj_L,75,6,5976,cem,50,46.0,vis-bs512,46,ground_truth
visreg_pusht_lambd4p5_bs512_lr1e-4_seed46_184426,pusht,pushobj_Z,25,6,1025,cem,50,90.0,vis-bs512,46,ground_truth
visreg_pusht_lambd4p5_bs512_lr1e-4_seed46_184426,pusht,pushobj_Z,25,6,3014,cem,50,76.0,vis-bs512,46,ground_truth
visreg_pusht_lambd4p5_bs512_lr1e-4_seed46_184426,pusht,pushobj_Z,25,6,5976,cem,50,76.0,vis-bs512,46,ground_truth
visreg_pusht_lambd4p5_bs512_lr1e-4_seed46_184426,pusht,pushobj_Z,50,6,1025,cem,50,58.0,vis-bs512,46,ground_truth
visreg_pusht_lambd4p5_bs512_lr1e-4_seed46_184426,pusht,pushobj_Z,50,6,3014,cem,50,62.0,vis-bs512,46,ground_truth
visreg_pusht_lambd4p5_bs512_lr1e-4_seed46_184426,pusht,pushobj_Z,50,6,5976,cem,50,66.0,vis-bs512,46,ground_truth
visreg_pusht_lambd4p5_bs512_lr1e-4_seed46_184426,pusht,pushobj_Z,75,6,1025,cem,50,60.0,vis-bs512,46,ground_truth
visreg_pusht_lambd4p5_bs512_lr1e-4_seed46_184426,pusht,pushobj_Z,75,6,3014,cem,50,56.0,vis-bs512,46,ground_truth
visreg_pusht_lambd4p5_bs512_lr1e-4_seed46_184426,pusht,pushobj_Z,75,6,5976,cem,50,50.0,vis-bs512,46,ground_truth
visreg_pusht_lambd4p5_bs512_lr1e-4_seed46_184426,pusht,pushobj_plus,25,6,1025,cem,50,80.0,vis-bs512,46,ground_truth
visreg_pusht_lambd4p5_bs512_lr1e-4_seed46_184426,pusht,pushobj_plus,25,6,3014,cem,50,84.0,vis-bs512,46,ground_truth
visreg_pusht_lambd4p5_bs512_lr1e-4_seed46_184426,pusht,pushobj_plus,25,6,5976,cem,50,88.0,vis-bs512,46,ground_truth
visreg_pusht_lambd4p5_bs512_lr1e-4_seed46_184426,pusht,pushobj_plus,50,6,1025,cem,50,58.0,vis-bs512,46,ground_truth
visreg_pusht_lambd4p5_bs512_lr1e-4_seed46_184426,pusht,pushobj_plus,50,6,3014,cem,50,72.0,vis-bs512,46,ground_truth
visreg_pusht_lambd4p5_bs512_lr1e-4_seed46_184426,pusht,pushobj_plus,50,6,5976,cem,50,52.0,vis-bs512,46,ground_truth
visreg_pusht_lambd4p5_bs512_lr1e-4_seed46_184426,pusht,pushobj_plus,75,6,1025,cem,50,40.0,vis-bs512,46,ground_truth
visreg_pusht_lambd4p5_bs512_lr1e-4_seed46_184426,pusht,pushobj_plus,75,6,3014,cem,50,38.0,vis-bs512,46,ground_truth
visreg_pusht_lambd4p5_bs512_lr1e-4_seed46_184426,pusht,pushobj_plus,75,6,5976,cem,50,46.0,vis-bs512,46,ground_truth
visreg_pusht_lambd4p5_bs512_lr1e-4_seed46_184426,pusht,pushobj_small_tee,25,6,1025,cem,50,88.0,vis-bs512,46,ground_truth
visreg_pusht_lambd4p5_bs512_lr1e-4_seed46_184426,pusht,pushobj_small_tee,25,6,3014,cem,50,88.0,vis-bs512,46,ground_truth
visreg_pusht_lambd4p5_bs512_lr1e-4_seed46_184426,pusht,pushobj_small_tee,25,6,5976,cem,50,82.0,vis-bs512,46,ground_truth
visreg_pusht_lambd4p5_bs512_lr1e-4_seed46_184426,pusht,pushobj_small_tee,50,6,1025,cem,50,58.0,vis-bs512,46,ground_truth
visreg_pusht_lambd4p5_bs512_lr1e-4_seed46_184426,pusht,pushobj_small_tee,50,6,3014,cem,50,68.0,vis-bs512,46,ground_truth
visreg_pusht_lambd4p5_bs512_lr1e-4_seed46_184426,pusht,pushobj_small_tee,50,6,5976,cem,50,58.0,vis-bs512,46,ground_truth
visreg_pusht_lambd4p5_bs512_lr1e-4_seed46_184426,pusht,pushobj_small_tee,75,6,1025,cem,50,40.0,vis-bs512,46,ground_truth
visreg_pusht_lambd4p5_bs512_lr1e-4_seed46_184426,pusht,pushobj_small_tee,75,6,3014,cem,50,40.0,vis-bs512,46,ground_truth
visreg_pusht_lambd4p5_bs512_lr1e-4_seed46_184426,pusht,pushobj_small_tee,75,6,5976,cem,50,32.0,vis-bs512,46,ground_truth
visreg_pusht_lambd4p5_bs512_lr1e-4_seed46_184426,pusht,pushobj_square,25,6,1025,cem,50,88.0,vis-bs512,46,ground_truth
visreg_pusht_lambd4p5_bs512_lr1e-4_seed46_184426,pusht,pushobj_square,25,6,3014,cem,50,76.0,vis-bs512,46,ground_truth
visreg_pusht_lambd4p5_bs512_lr1e-4_seed46_184426,pusht,pushobj_square,25,6,5976,cem,50,74.0,vis-bs512,46,ground_truth
visreg_pusht_lambd4p5_bs512_lr1e-4_seed46_184426,pusht,pushobj_square,50,6,1025,cem,50,62.0,vis-bs512,46,ground_truth
visreg_pusht_lambd4p5_bs512_lr1e-4_seed46_184426,pusht,pushobj_square,50,6,3014,cem,50,62.0,vis-bs512,46,ground_truth
visreg_pusht_lambd4p5_bs512_lr1e-4_seed46_184426,pusht,pushobj_square,50,6,5976,cem,50,50.0,vis-bs512,46,ground_truth
visreg_pusht_lambd4p5_bs512_lr1e-4_seed46_184426,pusht,pushobj_square,75,6,1025,cem,50,38.0,vis-bs512,46,ground_truth
visreg_pusht_lambd4p5_bs512_lr1e-4_seed46_184426,pusht,pushobj_square,75,6,3014,cem,50,52.0,vis-bs512,46,ground_truth
visreg_pusht_lambd4p5_bs512_lr1e-4_seed46_184426,pusht,pushobj_square,75,6,5976,cem,50,50.0,vis-bs512,46,ground_truth
visreg_pusht_lambd4p5_bs512_lr1e-4_seed46_184426,pusht,pusht,25,6,1025,cem,50,88.0,vis-bs512,46,ground_truth
visreg_pusht_lambd4p5_bs512_lr1e-4_seed46_184426,pusht,pusht,25,6,3014,cem,50,90.0,vis-bs512,46,ground_truth
visreg_pusht_lambd4p5_bs512_lr1e-4_seed46_184426,pusht,pusht,25,6,42,cem,50,96.0,vis-bs512,46,ground_truth
visreg_pusht_lambd4p5_bs512_lr1e-4_seed46_184426,pusht,pusht,25,6,5976,cem,50,88.0,vis-bs512,46,ground_truth
visreg_pusht_lambd4p5_bs512_lr1e-4_seed46_184426,pusht,pusht,50,6,1025,cem,50,40.0,vis-bs512,46,ground_truth
visreg_pusht_lambd4p5_bs512_lr1e-4_seed46_184426,pusht,pusht,50,6,3014,cem,50,38.0,vis-bs512,46,ground_truth
visreg_pusht_lambd4p5_bs512_lr1e-4_seed46_184426,pusht,pusht,50,6,42,cem,50,54.0,vis-bs512,46,ground_truth
visreg_pusht_lambd4p5_bs512_lr1e-4_seed46_184426,pusht,pusht,50,6,5976,cem,50,42.0,vis-bs512,46,ground_truth
visreg_pusht_lambd4p5_bs512_lr1e-4_seed46_184426,pusht,pusht,75,6,1025,cem,50,32.0,vis-bs512,46,ground_truth
visreg_pusht_lambd4p5_bs512_lr1e-4_seed46_184426,pusht,pusht,75,6,3014,cem,50,12.0,vis-bs512,46,ground_truth
visreg_pusht_lambd4p5_bs512_lr1e-4_seed46_184426,pusht,pusht,75,6,42,cem,50,12.0,vis-bs512,46,ground_truth
visreg_pusht_lambd4p5_bs512_lr1e-4_seed46_184426,pusht,pusht,75,6,5976,cem,50,14.0,vis-bs512,46,ground_truth
visreg_pusht_lambd4p5_bs512_lr1e-4_seed46_184426,pusht,pusht,25,7,42,cem,50,94.0,vis-bs512,46,ground_truth
visreg_pusht_lambd4p5_bs512_lr1e-4_seed46_184426,pusht,pusht,25,8,42,cem,50,94.0,vis-bs512,46,ground_truth
visreg_pusht_lambd4p5_bs512_lr1e-4_seed46_184426,pusht,pusht,25,9,42,cem,50,90.0,vis-bs512,46,ground_truth
visreg_pusht_lambd4p5_bs512_lr1e-4_seed46_184426,pusht,pusht,25,10,42,cem,50,92.0,vis-bs512,46,ground_truth
visreg_pusht_lambd4p5_bs512_lr1e-4_seed729_184422,pusht,pusht,25,1,2027,cem,50,26.0,,,pool:heldout
visreg_pusht_lambd4p5_bs512_lr1e-4_seed729_184422,pusht,pusht,25,1,42,cem,50,20.0,vis-bs512,729,ground_truth
visreg_pusht_lambd4p5_bs512_lr1e-4_seed729_184422,pusht,pusht,25,1,5501,cem,50,18.0,,,pool:heldout
visreg_pusht_lambd4p5_bs512_lr1e-4_seed729_184422,pusht,pusht,25,1,60601,cem,50,30.0,,,pool:heldout
visreg_pusht_lambd4p5_bs512_lr1e-4_seed729_184422,pusht,pusht,25,1,65537,cem,50,18.0,,,pool:heldout
visreg_pusht_lambd4p5_bs512_lr1e-4_seed729_184422,pusht,pusht,25,1,8191,cem,50,20.0,,,pool:heldout
visreg_pusht_lambd4p5_bs512_lr1e-4_seed729_184422,pusht,pusht,25,1,90210,cem,50,24.0,,,pool:heldout
visreg_pusht_lambd4p5_bs512_lr1e-4_seed729_184422,pusht,pusht,25,2,42,cem,50,66.0,vis-bs512,729,ground_truth
visreg_pusht_lambd4p5_bs512_lr1e-4_seed729_184422,pusht,pusht,25,3,42,cem,50,70.0,vis-bs512,729,ground_truth
visreg_pusht_lambd4p5_bs512_lr1e-4_seed729_184422,pusht,pusht,25,4,42,cem,50,90.0,vis-bs512,729,ground_truth
visreg_pusht_lambd4p5_bs512_lr1e-4_seed729_184422,pusht,pusht,25,5,42,cem,50,92.0,vis-bs512,729,ground_truth
visreg_pusht_lambd4p5_bs512_lr1e-4_seed729_184422,pusht,pusht,25,6,42,cem,50,96.0,vis-bs512,729,ground_truth
visreg_pusht_lambd4p5_bs512_lr1e-4_seed729_184422,pusht,pusht,25,7,42,cem,50,94.0,vis-bs512,729,ground_truth
visreg_pusht_lambd4p5_bs512_lr1e-4_seed729_184422,pusht,pusht,25,8,42,cem,50,96.0,vis-bs512,729,ground_truth
visreg_pusht_lambd4p5_bs512_lr1e-4_seed729_184422,pusht,pusht,25,9,42,cem,50,96.0,vis-bs512,729,ground_truth
visreg_pusht_lambd4p5_bs512_lr1e-4_seed729_184422,pusht,pushobj_I,25,10,1025,cem,50,84.0,vis-bs512,729,ground_truth
visreg_pusht_lambd4p5_bs512_lr1e-4_seed729_184422,pusht,pushobj_I,25,10,3014,cem,50,84.0,vis-bs512,729,ground_truth
visreg_pusht_lambd4p5_bs512_lr1e-4_seed729_184422,pusht,pushobj_I,25,10,5976,cem,50,78.0,vis-bs512,729,ground_truth
visreg_pusht_lambd4p5_bs512_lr1e-4_seed729_184422,pusht,pushobj_I,50,10,1025,cem,50,52.0,vis-bs512,729,ground_truth
visreg_pusht_lambd4p5_bs512_lr1e-4_seed729_184422,pusht,pushobj_I,50,10,3014,cem,50,54.0,vis-bs512,729,ground_truth
visreg_pusht_lambd4p5_bs512_lr1e-4_seed729_184422,pusht,pushobj_I,50,10,5976,cem,50,54.0,vis-bs512,729,ground_truth
visreg_pusht_lambd4p5_bs512_lr1e-4_seed729_184422,pusht,pushobj_I,75,10,1025,cem,50,34.0,vis-bs512,729,ground_truth
visreg_pusht_lambd4p5_bs512_lr1e-4_seed729_184422,pusht,pushobj_I,75,10,3014,cem,50,48.0,vis-bs512,729,ground_truth
visreg_pusht_lambd4p5_bs512_lr1e-4_seed729_184422,pusht,pushobj_I,75,10,5976,cem,50,48.0,vis-bs512,729,ground_truth
visreg_pusht_lambd4p5_bs512_lr1e-4_seed729_184422,pusht,pushobj_L,25,10,1025,cem,50,84.0,vis-bs512,729,ground_truth
visreg_pusht_lambd4p5_bs512_lr1e-4_seed729_184422,pusht,pushobj_L,25,10,3014,cem,50,90.0,vis-bs512,729,ground_truth
visreg_pusht_lambd4p5_bs512_lr1e-4_seed729_184422,pusht,pushobj_L,25,10,5976,cem,50,88.0,vis-bs512,729,ground_truth
visreg_pusht_lambd4p5_bs512_lr1e-4_seed729_184422,pusht,pushobj_L,50,10,1025,cem,50,74.0,vis-bs512,729,ground_truth
visreg_pusht_lambd4p5_bs512_lr1e-4_seed729_184422,pusht,pushobj_L,50,10,3014,cem,50,78.0,vis-bs512,729,ground_truth
visreg_pusht_lambd4p5_bs512_lr1e-4_seed729_184422,pusht,pushobj_L,50,10,5976,cem,50,68.0,vis-bs512,729,ground_truth
visreg_pusht_lambd4p5_bs512_lr1e-4_seed729_184422,pusht,pushobj_L,75,10,1025,cem,50,48.0,vis-bs512,729,ground_truth
visreg_pusht_lambd4p5_bs512_lr1e-4_seed729_184422,pusht,pushobj_L,75,10,3014,cem,50,54.0,vis-bs512,729,ground_truth
visreg_pusht_lambd4p5_bs512_lr1e-4_seed729_184422,pusht,pushobj_L,75,10,5976,cem,50,48.0,vis-bs512,729,ground_truth
visreg_pusht_lambd4p5_bs512_lr1e-4_seed729_184422,pusht,pushobj_Z,25,10,1025,cem,50,90.0,vis-bs512,729,ground_truth
visreg_pusht_lambd4p5_bs512_lr1e-4_seed729_184422,pusht,pushobj_Z,25,10,3014,cem,50,82.0,vis-bs512,729,ground_truth
visreg_pusht_lambd4p5_bs512_lr1e-4_seed729_184422,pusht,pushobj_Z,25,10,5976,cem,50,76.0,vis-bs512,729,ground_truth
visreg_pusht_lambd4p5_bs512_lr1e-4_seed729_184422,pusht,pushobj_Z,50,10,1025,cem,50,62.0,vis-bs512,729,ground_truth
visreg_pusht_lambd4p5_bs512_lr1e-4_seed729_184422,pusht,pushobj_Z,50,10,3014,cem,50,78.0,vis-bs512,729,ground_truth
visreg_pusht_lambd4p5_bs512_lr1e-4_seed729_184422,pusht,pushobj_Z,50,10,5976,cem,50,68.0,vis-bs512,729,ground_truth
visreg_pusht_lambd4p5_bs512_lr1e-4_seed729_184422,pusht,pushobj_Z,75,10,1025,cem,50,64.0,vis-bs512,729,ground_truth
visreg_pusht_lambd4p5_bs512_lr1e-4_seed729_184422,pusht,pushobj_Z,75,10,3014,cem,50,56.0,vis-bs512,729,ground_truth
visreg_pusht_lambd4p5_bs512_lr1e-4_seed729_184422,pusht,pushobj_Z,75,10,5976,cem,50,46.0,vis-bs512,729,ground_truth
visreg_pusht_lambd4p5_bs512_lr1e-4_seed729_184422,pusht,pushobj_plus,25,10,1025,cem,50,74.0,vis-bs512,729,ground_truth
visreg_pusht_lambd4p5_bs512_lr1e-4_seed729_184422,pusht,pushobj_plus,25,10,3014,cem,50,80.0,vis-bs512,729,ground_truth
visreg_pusht_lambd4p5_bs512_lr1e-4_seed729_184422,pusht,pushobj_plus,25,10,5976,cem,50,84.0,vis-bs512,729,ground_truth
visreg_pusht_lambd4p5_bs512_lr1e-4_seed729_184422,pusht,pushobj_plus,50,10,1025,cem,50,62.0,vis-bs512,729,ground_truth
visreg_pusht_lambd4p5_bs512_lr1e-4_seed729_184422,pusht,pushobj_plus,50,10,3014,cem,50,66.0,vis-bs512,729,ground_truth
visreg_pusht_lambd4p5_bs512_lr1e-4_seed729_184422,pusht,pushobj_plus,50,10,5976,cem,50,56.0,vis-bs512,729,ground_truth
visreg_pusht_lambd4p5_bs512_lr1e-4_seed729_184422,pusht,pushobj_plus,75,10,1025,cem,50,50.0,vis-bs512,729,ground_truth
visreg_pusht_lambd4p5_bs512_lr1e-4_seed729_184422,pusht,pushobj_plus,75,10,3014,cem,50,40.0,vis-bs512,729,ground_truth
visreg_pusht_lambd4p5_bs512_lr1e-4_seed729_184422,pusht,pushobj_plus,75,10,5976,cem,50,36.0,vis-bs512,729,ground_truth
visreg_pusht_lambd4p5_bs512_lr1e-4_seed729_184422,pusht,pushobj_small_tee,25,10,1025,cem,50,76.0,vis-bs512,729,ground_truth
visreg_pusht_lambd4p5_bs512_lr1e-4_seed729_184422,pusht,pushobj_small_tee,25,10,3014,cem,50,84.0,vis-bs512,729,ground_truth
visreg_pusht_lambd4p5_bs512_lr1e-4_seed729_184422,pusht,pushobj_small_tee,25,10,5976,cem,50,82.0,vis-bs512,729,ground_truth
visreg_pusht_lambd4p5_bs512_lr1e-4_seed729_184422,pusht,pushobj_small_tee,50,10,1025,cem,50,60.0,vis-bs512,729,ground_truth
visreg_pusht_lambd4p5_bs512_lr1e-4_seed729_184422,pusht,pushobj_small_tee,50,10,3014,cem,50,58.0,vis-bs512,729,ground_truth
visreg_pusht_lambd4p5_bs512_lr1e-4_seed729_184422,pusht,pushobj_small_tee,50,10,5976,cem,50,62.0,vis-bs512,729,ground_truth
visreg_pusht_lambd4p5_bs512_lr1e-4_seed729_184422,pusht,pushobj_small_tee,75,10,1025,cem,50,38.0,vis-bs512,729,ground_truth
visreg_pusht_lambd4p5_bs512_lr1e-4_seed729_184422,pusht,pushobj_small_tee,75,10,3014,cem,50,34.0,vis-bs512,729,ground_truth
visreg_pusht_lambd4p5_bs512_lr1e-4_seed729_184422,pusht,pushobj_small_tee,75,10,5976,cem,50,36.0,vis-bs512,729,ground_truth
visreg_pusht_lambd4p5_bs512_lr1e-4_seed729_184422,pusht,pushobj_square,25,10,1025,cem,50,82.0,vis-bs512,729,ground_truth
visreg_pusht_lambd4p5_bs512_lr1e-4_seed729_184422,pusht,pushobj_square,25,10,3014,cem,50,74.0,vis-bs512,729,ground_truth
visreg_pusht_lambd4p5_bs512_lr1e-4_seed729_184422,pusht,pushobj_square,25,10,5976,cem,50,76.0,vis-bs512,729,ground_truth
visreg_pusht_lambd4p5_bs512_lr1e-4_seed729_184422,pusht,pushobj_square,50,10,1025,cem,50,62.0,vis-bs512,729,ground_truth
visreg_pusht_lambd4p5_bs512_lr1e-4_seed729_184422,pusht,pushobj_square,50,10,3014,cem,50,70.0,vis-bs512,729,ground_truth
visreg_pusht_lambd4p5_bs512_lr1e-4_seed729_184422,pusht,pushobj_square,50,10,5976,cem,50,56.0,vis-bs512,729,ground_truth
visreg_pusht_lambd4p5_bs512_lr1e-4_seed729_184422,pusht,pushobj_square,75,10,1025,cem,50,42.0,vis-bs512,729,ground_truth
visreg_pusht_lambd4p5_bs512_lr1e-4_seed729_184422,pusht,pushobj_square,75,10,3014,cem,50,42.0,vis-bs512,729,ground_truth
visreg_pusht_lambd4p5_bs512_lr1e-4_seed729_184422,pusht,pushobj_square,75,10,5976,cem,50,48.0,vis-bs512,729,ground_truth
visreg_pusht_lambd4p5_bs512_lr1e-4_seed729_184422,pusht,pusht,25,10,1025,cem,50,88.0,vis-bs512,729,ground_truth
visreg_pusht_lambd4p5_bs512_lr1e-4_seed729_184422,pusht,pusht,25,10,3014,cem,50,84.0,vis-bs512,729,ground_truth
visreg_pusht_lambd4p5_bs512_lr1e-4_seed729_184422,pusht,pusht,25,10,42,cem,50,98.0,vis-bs512,729,ground_truth
visreg_pusht_lambd4p5_bs512_lr1e-4_seed729_184422,pusht,pusht,25,10,5976,cem,50,92.0,vis-bs512,729,ground_truth
visreg_pusht_lambd4p5_bs512_lr1e-4_seed729_184422,pusht,pusht,50,10,1025,cem,50,38.0,vis-bs512,729,ground_truth
visreg_pusht_lambd4p5_bs512_lr1e-4_seed729_184422,pusht,pusht,50,10,3014,cem,50,28.0,vis-bs512,729,ground_truth
visreg_pusht_lambd4p5_bs512_lr1e-4_seed729_184422,pusht,pusht,50,10,42,cem,50,58.0,vis-bs512,729,ground_truth
visreg_pusht_lambd4p5_bs512_lr1e-4_seed729_184422,pusht,pusht,50,10,5976,cem,50,38.0,vis-bs512,729,ground_truth
visreg_pusht_lambd4p5_bs512_lr1e-4_seed729_184422,pusht,pusht,75,10,1025,cem,50,30.0,vis-bs512,729,ground_truth
visreg_pusht_lambd4p5_bs512_lr1e-4_seed729_184422,pusht,pusht,75,10,3014,cem,50,14.0,vis-bs512,729,ground_truth
visreg_pusht_lambd4p5_bs512_lr1e-4_seed729_184422,pusht,pusht,75,10,42,cem,50,10.0,vis-bs512,729,ground_truth
visreg_pusht_lambd4p5_bs512_lr1e-4_seed729_184422,pusht,pusht,75,10,5976,cem,50,16.0,vis-bs512,729,ground_truth
visreg_pusht_lambd4p5_bs512_lr1e-4_seed729_184422,pusht,pusht,25,12,2027,cem,50,92.0,,,pool:heldout
visreg_pusht_lambd4p5_bs512_lr1e-4_seed729_184422,pusht,pusht,25,12,42,cem,50,54.0,vis-bs512,729,ground_truth
visreg_pusht_lambd4p5_bs512_lr1e-4_seed729_184422,pusht,pusht,25,12,5501,cem,50,94.0,,,pool:heldout
visreg_pusht_lambd4p5_bs512_lr1e-4_seed729_184422,pusht,pusht,25,12,60601,cem,50,92.0,,,pool:heldout
visreg_pusht_lambd4p5_bs512_lr1e-4_seed729_184422,pusht,pusht,25,12,65537,cem,50,90.0,,,pool:heldout
visreg_pusht_lambd4p5_bs512_lr1e-4_seed729_184422,pusht,pusht,25,12,8191,cem,50,88.0,,,pool:heldout
visreg_pusht_lambd4p5_bs512_lr1e-4_seed729_184422,pusht,pusht,25,12,90210,cem,50,94.0,,,pool:heldout
visreg_pusht_lambd4p5_bs512_lr1e-4_seed729_184422,pusht,pusht,25,15,42,cem,50,56.00000000000001,vis-bs512,729,ground_truth
visreg_pusht_lambd4p5_bs512_lr1e-4_seed729_184422,pusht,pusht,25,18,42,cem,50,96.0,vis-bs512,729,ground_truth
visreg_pusht_lambd4p5_bs512_lr1e-4_seed729_184422,pusht,pusht,25,21,42,cem,50,90.0,vis-bs512,729,ground_truth
visreg_pusht_lambd4p5_bs512_lr1e-4_seed729_184422,pusht,pusht,25,24,42,cem,50,96.0,vis-bs512,729,ground_truth
visreg_pusht_lambd4p5_bs512_lr2e-4_seed729_183126,pusht,pusht,25,1,42,cem,50,58.0,vis-bs512,729,ground_truth
visreg_pusht_lambd4p5_bs512_lr2e-4_seed729_183126,pusht,pusht,25,2,42,cem,50,82.0,vis-bs512,729,ground_truth
visreg_pusht_lambd4p5_bs512_lr2e-4_seed729_183126,pusht,pusht,25,3,42,cem,50,86.0,vis-bs512,729,ground_truth
visreg_pusht_lambd4p5_bs512_lr2e-4_seed729_183126,pusht,pusht,25,4,42,cem,50,94.0,vis-bs512,729,ground_truth
visreg_pusht_lambd4p5_bs512_lr2e-4_seed729_183126,pusht,pusht,25,5,42,cem,50,94.0,vis-bs512,729,ground_truth
visreg_pusht_lambd4p5_bs512_lr2e-4_seed729_183126,pusht,pusht,25,6,2027,cem,50,88.0,,,pool:heldout
visreg_pusht_lambd4p5_bs512_lr2e-4_seed729_183126,pusht,pusht,25,6,42,cem,50,100.0,vis-bs512,729,ground_truth
visreg_pusht_lambd4p5_bs512_lr2e-4_seed729_183126,pusht,pusht,25,6,5501,cem,50,84.0,,,pool:heldout
visreg_pusht_lambd4p5_bs512_lr2e-4_seed729_183126,pusht,pusht,25,6,60601,cem,50,94.0,,,pool:heldout
visreg_pusht_lambd4p5_bs512_lr2e-4_seed729_183126,pusht,pusht,25,6,65537,cem,50,94.0,,,pool:heldout
visreg_pusht_lambd4p5_bs512_lr2e-4_seed729_183126,pusht,pusht,25,6,8191,cem,50,90.0,,,pool:heldout
visreg_pusht_lambd4p5_bs512_lr2e-4_seed729_183126,pusht,pusht,25,6,90210,cem,50,96.0,,,pool:heldout
visreg_pusht_lambd4p5_bs512_lr2e-4_seed729_183126,pusht,pusht,25,7,42,cem,50,92.0,vis-bs512,729,ground_truth
visreg_pusht_lambd4p5_bs512_lr2e-4_seed729_183126,pusht,pusht,25,8,42,cem,50,98.0,vis-bs512,729,ground_truth
visreg_pusht_lambd4p5_bs512_lr2e-4_seed729_183126,pusht,pusht,25,9,42,cem,50,96.0,vis-bs512,729,ground_truth
visreg_pusht_lambd4p5_bs512_lr2e-4_seed729_183126,pusht,pusht,25,10,2027,cem,50,92.0,,,pool:heldout
visreg_pusht_lambd4p5_bs512_lr2e-4_seed729_183126,pusht,pusht,25,10,42,cem,50,100.0,vis-bs512,729,ground_truth
visreg_pusht_lambd4p5_bs512_lr2e-4_seed729_183126,pusht,pusht,25,10,5501,cem,50,92.0,,,pool:heldout
visreg_pusht_lambd4p5_bs512_lr2e-4_seed729_183126,pusht,pusht,25,10,60601,cem,50,96.0,,,pool:heldout
visreg_pusht_lambd4p5_bs512_lr2e-4_seed729_183126,pusht,pusht,25,10,65537,cem,50,94.0,,,pool:heldout
visreg_pusht_lambd4p5_bs512_lr2e-4_seed729_183126,pusht,pusht,25,10,8191,cem,50,92.0,,,pool:heldout
visreg_pusht_lambd4p5_bs512_lr2e-4_seed729_183126,pusht,pusht,25,10,90210,cem,50,94.0,,,pool:heldout
visreg_pusht_lambd4p5_lr1e-4_103031,pusht,pusht,25,8,42,cem,50,68.0,vis-bs128,base,ground_truth
visreg_pusht_lambd4p5_lr1e-4_seed403_150685,pusht,pusht,25,1,2027,cem,50,68.0,,,pool:heldout
visreg_pusht_lambd4p5_lr1e-4_seed403_150685,pusht,pusht,25,1,42,cem,50,72.0,vis-bs128,403,ground_truth
visreg_pusht_lambd4p5_lr1e-4_seed403_150685,pusht,pusht,25,1,5501,cem,50,56.00000000000001,,,pool:heldout
visreg_pusht_lambd4p5_lr1e-4_seed403_150685,pusht,pusht,25,1,60601,cem,50,64.0,,,pool:heldout
visreg_pusht_lambd4p5_lr1e-4_seed403_150685,pusht,pusht,25,1,65537,cem,50,56.0,,,pool:heldout
visreg_pusht_lambd4p5_lr1e-4_seed403_150685,pusht,pusht,25,1,8191,cem,50,60.0,,,pool:heldout
visreg_pusht_lambd4p5_lr1e-4_seed403_150685,pusht,pusht,25,1,90210,cem,50,70.0,,,pool:heldout
visreg_pusht_lambd4p5_lr1e-4_seed403_150685,pusht,pusht,25,2,42,cem,50,88.0,vis-bs128,403,ground_truth
visreg_pusht_lambd4p5_lr1e-4_seed403_150685,pusht,pusht,25,3,42,cem,50,88.0,vis-bs128,403,ground_truth
visreg_pusht_lambd4p5_lr1e-4_seed403_150685,pusht,pusht,25,4,42,cem,50,90.0,vis-bs128,403,ground_truth
visreg_pusht_lambd4p5_lr1e-4_seed403_150685,pusht,pusht,25,4,5501,cem,50,80.0,,,pool:heldout
visreg_pusht_lambd4p5_lr1e-4_seed403_150685,pusht,pusht,25,4,60601,cem,50,80.0,,,pool:heldout
visreg_pusht_lambd4p5_lr1e-4_seed403_150685,pusht,pusht,25,4,90210,cem,50,90.0,,,pool:heldout
visreg_pusht_lambd4p5_lr1e-4_seed403_150685,pusht,pusht,25,5,42,cem,50,92.0,vis-bs128,403,ground_truth
visreg_pusht_lambd4p5_lr1e-4_seed403_150685,pusht,pusht,25,6,42,cem,50,88.0,vis-bs128,403,ground_truth
visreg_pusht_lambd4p5_lr1e-4_seed403_150685,pusht,pusht,25,6,5501,cem,50,84.0,,,pool:heldout
visreg_pusht_lambd4p5_lr1e-4_seed403_150685,pusht,pusht,25,6,60601,cem,50,90.0,,,pool:heldout
visreg_pusht_lambd4p5_lr1e-4_seed403_150685,pusht,pusht,25,6,90210,cem,50,90.0,,,pool:heldout
visreg_pusht_lambd4p5_lr1e-4_seed403_150685,pusht,pusht,25,7,2027,cem,50,92.0,,,pool:heldout
visreg_pusht_lambd4p5_lr1e-4_seed403_150685,pusht,pusht,25,7,42,cem,50,92.0,vis-bs128,403,ground_truth
visreg_pusht_lambd4p5_lr1e-4_seed403_150685,pusht,pusht,25,7,5501,cem,50,92.0,,,pool:heldout
visreg_pusht_lambd4p5_lr1e-4_seed403_150685,pusht,pusht,25,7,60601,cem,50,92.0,,,pool:heldout
visreg_pusht_lambd4p5_lr1e-4_seed403_150685,pusht,pusht,25,7,65537,cem,50,88.0,,,pool:heldout
visreg_pusht_lambd4p5_lr1e-4_seed403_150685,pusht,pusht,25,7,8191,cem,50,86.0,,,pool:heldout
visreg_pusht_lambd4p5_lr1e-4_seed403_150685,pusht,pusht,25,7,90210,cem,50,94.0,,,pool:heldout
visreg_pusht_lambd4p5_lr1e-4_seed403_150685,pusht,pusht,25,8,42,cem,50,96.0,vis-bs128,403,ground_truth
visreg_pusht_lambd4p5_lr1e-4_seed403_150685,pusht,pusht,25,8,5501,cem,50,88.0,,,pool:heldout
visreg_pusht_lambd4p5_lr1e-4_seed403_150685,pusht,pusht,25,8,60601,cem,50,92.0,,,pool:heldout
visreg_pusht_lambd4p5_lr1e-4_seed403_150685,pusht,pusht,25,8,90210,cem,50,90.0,,,pool:heldout
visreg_pusht_lambd4p5_lr1e-4_seed403_150685,pusht,pushobj_I,25,9,1025,cem,50,80.0,vis-bs128,403,ground_truth
visreg_pusht_lambd4p5_lr1e-4_seed403_150685,pusht,pushobj_I,25,9,3014,cem,50,84.0,vis-bs128,403,ground_truth
visreg_pusht_lambd4p5_lr1e-4_seed403_150685,pusht,pushobj_I,25,9,5976,cem,50,60.0,vis-bs128,403,ground_truth
visreg_pusht_lambd4p5_lr1e-4_seed403_150685,pusht,pushobj_I,50,9,1025,cem,50,48.0,vis-bs128,403,ground_truth
visreg_pusht_lambd4p5_lr1e-4_seed403_150685,pusht,pushobj_I,50,9,3014,cem,50,44.0,vis-bs128,403,ground_truth
visreg_pusht_lambd4p5_lr1e-4_seed403_150685,pusht,pushobj_I,50,9,5976,cem,50,44.0,vis-bs128,403,ground_truth
visreg_pusht_lambd4p5_lr1e-4_seed403_150685,pusht,pushobj_I,75,9,1025,cem,50,34.0,vis-bs128,403,ground_truth
visreg_pusht_lambd4p5_lr1e-4_seed403_150685,pusht,pushobj_I,75,9,3014,cem,50,40.0,vis-bs128,403,ground_truth
visreg_pusht_lambd4p5_lr1e-4_seed403_150685,pusht,pushobj_I,75,9,5976,cem,50,42.0,vis-bs128,403,ground_truth
visreg_pusht_lambd4p5_lr1e-4_seed403_150685,pusht,pushobj_L,25,9,1025,cem,50,82.0,vis-bs128,403,ground_truth
visreg_pusht_lambd4p5_lr1e-4_seed403_150685,pusht,pushobj_L,25,9,3014,cem,50,88.0,vis-bs128,403,ground_truth
visreg_pusht_lambd4p5_lr1e-4_seed403_150685,pusht,pushobj_L,25,9,5976,cem,50,80.0,vis-bs128,403,ground_truth
visreg_pusht_lambd4p5_lr1e-4_seed403_150685,pusht,pushobj_L,50,9,1025,cem,50,78.0,vis-bs128,403,ground_truth
visreg_pusht_lambd4p5_lr1e-4_seed403_150685,pusht,pushobj_L,50,9,3014,cem,50,76.0,vis-bs128,403,ground_truth
visreg_pusht_lambd4p5_lr1e-4_seed403_150685,pusht,pushobj_L,50,9,5976,cem,50,70.0,vis-bs128,403,ground_truth
visreg_pusht_lambd4p5_lr1e-4_seed403_150685,pusht,pushobj_L,75,9,1025,cem,50,54.0,vis-bs128,403,ground_truth
visreg_pusht_lambd4p5_lr1e-4_seed403_150685,pusht,pushobj_L,75,9,3014,cem,50,44.0,vis-bs128,403,ground_truth
visreg_pusht_lambd4p5_lr1e-4_seed403_150685,pusht,pushobj_L,75,9,5976,cem,50,48.0,vis-bs128,403,ground_truth
visreg_pusht_lambd4p5_lr1e-4_seed403_150685,pusht,pushobj_Z,25,9,1025,cem,50,86.0,vis-bs128,403,ground_truth
visreg_pusht_lambd4p5_lr1e-4_seed403_150685,pusht,pushobj_Z,25,9,3014,cem,50,68.0,vis-bs128,403,ground_truth
visreg_pusht_lambd4p5_lr1e-4_seed403_150685,pusht,pushobj_Z,25,9,5976,cem,50,80.0,vis-bs128,403,ground_truth
visreg_pusht_lambd4p5_lr1e-4_seed403_150685,pusht,pushobj_Z,50,9,1025,cem,50,60.0,vis-bs128,403,ground_truth
visreg_pusht_lambd4p5_lr1e-4_seed403_150685,pusht,pushobj_Z,50,9,3014,cem,50,60.0,vis-bs128,403,ground_truth
visreg_pusht_lambd4p5_lr1e-4_seed403_150685,pusht,pushobj_Z,50,9,5976,cem,50,60.0,vis-bs128,403,ground_truth
visreg_pusht_lambd4p5_lr1e-4_seed403_150685,pusht,pushobj_Z,75,9,1025,cem,50,66.0,vis-bs128,403,ground_truth
visreg_pusht_lambd4p5_lr1e-4_seed403_150685,pusht,pushobj_Z,75,9,3014,cem,50,50.0,vis-bs128,403,ground_truth
visreg_pusht_lambd4p5_lr1e-4_seed403_150685,pusht,pushobj_Z,75,9,5976,cem,50,36.0,vis-bs128,403,ground_truth
visreg_pusht_lambd4p5_lr1e-4_seed403_150685,pusht,pushobj_plus,25,9,1025,cem,50,60.0,vis-bs128,403,ground_truth
visreg_pusht_lambd4p5_lr1e-4_seed403_150685,pusht,pushobj_plus,25,9,3014,cem,50,74.0,vis-bs128,403,ground_truth
visreg_pusht_lambd4p5_lr1e-4_seed403_150685,pusht,pushobj_plus,25,9,5976,cem,50,76.0,vis-bs128,403,ground_truth
visreg_pusht_lambd4p5_lr1e-4_seed403_150685,pusht,pushobj_plus,50,9,1025,cem,50,56.0,vis-bs128,403,ground_truth
visreg_pusht_lambd4p5_lr1e-4_seed403_150685,pusht,pushobj_plus,50,9,3014,cem,50,64.0,vis-bs128,403,ground_truth
visreg_pusht_lambd4p5_lr1e-4_seed403_150685,pusht,pushobj_plus,50,9,5976,cem,50,52.0,vis-bs128,403,ground_truth
visreg_pusht_lambd4p5_lr1e-4_seed403_150685,pusht,pushobj_plus,75,9,1025,cem,50,44.0,vis-bs128,403,ground_truth
visreg_pusht_lambd4p5_lr1e-4_seed403_150685,pusht,pushobj_plus,75,9,3014,cem,50,30.0,vis-bs128,403,ground_truth
visreg_pusht_lambd4p5_lr1e-4_seed403_150685,pusht,pushobj_plus,75,9,5976,cem,50,34.0,vis-bs128,403,ground_truth
visreg_pusht_lambd4p5_lr1e-4_seed403_150685,pusht,pushobj_small_tee,25,9,1025,cem,50,80.0,vis-bs128,403,ground_truth
visreg_pusht_lambd4p5_lr1e-4_seed403_150685,pusht,pushobj_small_tee,25,9,3014,cem,50,62.0,vis-bs128,403,ground_truth
visreg_pusht_lambd4p5_lr1e-4_seed403_150685,pusht,pushobj_small_tee,25,9,5976,cem,50,76.0,vis-bs128,403,ground_truth
visreg_pusht_lambd4p5_lr1e-4_seed403_150685,pusht,pushobj_small_tee,50,9,1025,cem,50,52.0,vis-bs128,403,ground_truth
visreg_pusht_lambd4p5_lr1e-4_seed403_150685,pusht,pushobj_small_tee,50,9,3014,cem,50,60.0,vis-bs128,403,ground_truth
visreg_pusht_lambd4p5_lr1e-4_seed403_150685,pusht,pushobj_small_tee,50,9,5976,cem,50,52.0,vis-bs128,403,ground_truth
visreg_pusht_lambd4p5_lr1e-4_seed403_150685,pusht,pushobj_small_tee,75,9,1025,cem,50,42.0,vis-bs128,403,ground_truth
visreg_pusht_lambd4p5_lr1e-4_seed403_150685,pusht,pushobj_small_tee,75,9,3014,cem,50,34.0,vis-bs128,403,ground_truth
visreg_pusht_lambd4p5_lr1e-4_seed403_150685,pusht,pushobj_small_tee,75,9,5976,cem,50,36.0,vis-bs128,403,ground_truth
visreg_pusht_lambd4p5_lr1e-4_seed403_150685,pusht,pushobj_square,25,9,1025,cem,50,74.0,vis-bs128,403,ground_truth
visreg_pusht_lambd4p5_lr1e-4_seed403_150685,pusht,pushobj_square,25,9,3014,cem,50,64.0,vis-bs128,403,ground_truth
visreg_pusht_lambd4p5_lr1e-4_seed403_150685,pusht,pushobj_square,25,9,5976,cem,50,74.0,vis-bs128,403,ground_truth
visreg_pusht_lambd4p5_lr1e-4_seed403_150685,pusht,pushobj_square,50,9,1025,cem,50,56.0,vis-bs128,403,ground_truth
visreg_pusht_lambd4p5_lr1e-4_seed403_150685,pusht,pushobj_square,50,9,3014,cem,50,60.0,vis-bs128,403,ground_truth
visreg_pusht_lambd4p5_lr1e-4_seed403_150685,pusht,pushobj_square,50,9,5976,cem,50,48.0,vis-bs128,403,ground_truth
visreg_pusht_lambd4p5_lr1e-4_seed403_150685,pusht,pushobj_square,75,9,1025,cem,50,42.0,vis-bs128,403,ground_truth
visreg_pusht_lambd4p5_lr1e-4_seed403_150685,pusht,pushobj_square,75,9,3014,cem,50,46.0,vis-bs128,403,ground_truth
visreg_pusht_lambd4p5_lr1e-4_seed403_150685,pusht,pushobj_square,75,9,5976,cem,50,52.0,vis-bs128,403,ground_truth
visreg_pusht_lambd4p5_lr1e-4_seed403_150685,pusht,pusht,25,9,0,cem,50,90.0,vis-bs128,403,ground_truth
visreg_pusht_lambd4p5_lr1e-4_seed403_150685,pusht,pusht,25,9,1025,cem,50,94.0,vis-bs128,403,ground_truth
visreg_pusht_lambd4p5_lr1e-4_seed403_150685,pusht,pusht,25,9,123,cem,50,100.0,vis-bs128,403,ground_truth
visreg_pusht_lambd4p5_lr1e-4_seed403_150685,pusht,pusht,25,9,2024,cem,50,88.0,vis-bs128,403,ground_truth
visreg_pusht_lambd4p5_lr1e-4_seed403_150685,pusht,pusht,25,9,3014,cem,50,88.0,vis-bs128,403,ground_truth
visreg_pusht_lambd4p5_lr1e-4_seed403_150685,pusht,pusht,25,9,42,cem,50,98.0,vis-bs128,403,ground_truth
visreg_pusht_lambd4p5_lr1e-4_seed403_150685,pusht,pusht,25,9,5501,cem,50,88.0,,,pool:heldout
visreg_pusht_lambd4p5_lr1e-4_seed403_150685,pusht,pusht,25,9,5976,cem,50,96.0,vis-bs128,403,ground_truth
visreg_pusht_lambd4p5_lr1e-4_seed403_150685,pusht,pusht,25,9,60601,cem,50,96.0,,,pool:heldout
visreg_pusht_lambd4p5_lr1e-4_seed403_150685,pusht,pusht,25,9,90210,cem,50,96.0,,,pool:heldout
visreg_pusht_lambd4p5_lr1e-4_seed403_150685,pusht,pusht,50,9,1025,cem,50,44.0,vis-bs128,403,ground_truth
visreg_pusht_lambd4p5_lr1e-4_seed403_150685,pusht,pusht,50,9,3014,cem,50,48.0,vis-bs128,403,ground_truth
visreg_pusht_lambd4p5_lr1e-4_seed403_150685,pusht,pusht,50,9,5976,cem,50,50.0,vis-bs128,403,ground_truth
visreg_pusht_lambd4p5_lr1e-4_seed403_150685,pusht,pusht,75,9,1025,cem,50,30.0,vis-bs128,403,ground_truth
visreg_pusht_lambd4p5_lr1e-4_seed403_150685,pusht,pusht,75,9,3014,cem,50,18.0,vis-bs128,403,ground_truth
visreg_pusht_lambd4p5_lr1e-4_seed403_150685,pusht,pusht,75,9,5976,cem,50,16.0,vis-bs128,403,ground_truth
visreg_pusht_lambd4p5_lr1e-4_seed403_150685,pusht,pushobj_I,25,10,1025,cem,50,76.0,vis-bs128,403,ground_truth
visreg_pusht_lambd4p5_lr1e-4_seed403_150685,pusht,pushobj_I,25,10,3014,cem,50,64.0,vis-bs128,403,ground_truth
visreg_pusht_lambd4p5_lr1e-4_seed403_150685,pusht,pushobj_I,25,10,5976,cem,50,68.0,vis-bs128,403,ground_truth
visreg_pusht_lambd4p5_lr1e-4_seed403_150685,pusht,pushobj_I,50,10,1025,cem,50,60.0,vis-bs128,403,ground_truth
visreg_pusht_lambd4p5_lr1e-4_seed403_150685,pusht,pushobj_I,50,10,3014,cem,50,58.0,vis-bs128,403,ground_truth
visreg_pusht_lambd4p5_lr1e-4_seed403_150685,pusht,pushobj_I,50,10,5976,cem,50,54.0,vis-bs128,403,ground_truth
visreg_pusht_lambd4p5_lr1e-4_seed403_150685,pusht,pushobj_I,75,10,1025,cem,50,28.0,vis-bs128,403,ground_truth
visreg_pusht_lambd4p5_lr1e-4_seed403_150685,pusht,pushobj_I,75,10,3014,cem,50,36.0,vis-bs128,403,ground_truth
visreg_pusht_lambd4p5_lr1e-4_seed403_150685,pusht,pushobj_I,75,10,5976,cem,50,32.0,vis-bs128,403,ground_truth
visreg_pusht_lambd4p5_lr1e-4_seed403_150685,pusht,pushobj_L,25,10,1025,cem,50,88.0,vis-bs128,403,ground_truth
visreg_pusht_lambd4p5_lr1e-4_seed403_150685,pusht,pushobj_L,25,10,3014,cem,50,84.0,vis-bs128,403,ground_truth
visreg_pusht_lambd4p5_lr1e-4_seed403_150685,pusht,pushobj_L,25,10,5976,cem,50,78.0,vis-bs128,403,ground_truth
visreg_pusht_lambd4p5_lr1e-4_seed403_150685,pusht,pushobj_L,50,10,1025,cem,50,76.0,vis-bs128,403,ground_truth
visreg_pusht_lambd4p5_lr1e-4_seed403_150685,pusht,pushobj_L,50,10,3014,cem,50,64.0,vis-bs128,403,ground_truth
visreg_pusht_lambd4p5_lr1e-4_seed403_150685,pusht,pushobj_L,50,10,5976,cem,50,78.0,vis-bs128,403,ground_truth
visreg_pusht_lambd4p5_lr1e-4_seed403_150685,pusht,pushobj_L,75,10,1025,cem,50,70.0,vis-bs128,403,ground_truth
visreg_pusht_lambd4p5_lr1e-4_seed403_150685,pusht,pushobj_L,75,10,3014,cem,50,52.0,vis-bs128,403,ground_truth
visreg_pusht_lambd4p5_lr1e-4_seed403_150685,pusht,pushobj_L,75,10,5976,cem,50,66.0,vis-bs128,403,ground_truth
visreg_pusht_lambd4p5_lr1e-4_seed403_150685,pusht,pushobj_T,25,10,1025,cem,50,94.0,vis-bs128,403,ground_truth
visreg_pusht_lambd4p5_lr1e-4_seed403_150685,pusht,pushobj_T,25,10,3014,cem,50,98.0,vis-bs128,403,ground_truth
visreg_pusht_lambd4p5_lr1e-4_seed403_150685,pusht,pushobj_T,25,10,5976,cem,50,90.0,vis-bs128,403,ground_truth
visreg_pusht_lambd4p5_lr1e-4_seed403_150685,pusht,pushobj_T,50,10,1025,cem,50,46.0,vis-bs128,403,ground_truth
visreg_pusht_lambd4p5_lr1e-4_seed403_150685,pusht,pushobj_T,50,10,3014,cem,50,46.0,vis-bs128,403,ground_truth
visreg_pusht_lambd4p5_lr1e-4_seed403_150685,pusht,pushobj_T,50,10,5976,cem,50,48.0,vis-bs128,403,ground_truth
visreg_pusht_lambd4p5_lr1e-4_seed403_150685,pusht,pushobj_T,75,10,1025,cem,50,18.0,vis-bs128,403,ground_truth
visreg_pusht_lambd4p5_lr1e-4_seed403_150685,pusht,pushobj_T,75,10,3014,cem,50,18.0,vis-bs128,403,ground_truth
visreg_pusht_lambd4p5_lr1e-4_seed403_150685,pusht,pushobj_T,75,10,5976,cem,50,24.0,vis-bs128,403,ground_truth
visreg_pusht_lambd4p5_lr1e-4_seed403_150685,pusht,pushobj_Z,25,10,1025,cem,50,78.0,vis-bs128,403,ground_truth
visreg_pusht_lambd4p5_lr1e-4_seed403_150685,pusht,pushobj_Z,25,10,3014,cem,50,82.0,vis-bs128,403,ground_truth
visreg_pusht_lambd4p5_lr1e-4_seed403_150685,pusht,pushobj_Z,25,10,5976,cem,50,74.0,vis-bs128,403,ground_truth
visreg_pusht_lambd4p5_lr1e-4_seed403_150685,pusht,pushobj_Z,50,10,1025,cem,50,60.0,vis-bs128,403,ground_truth
visreg_pusht_lambd4p5_lr1e-4_seed403_150685,pusht,pushobj_Z,50,10,3014,cem,50,64.0,vis-bs128,403,ground_truth
visreg_pusht_lambd4p5_lr1e-4_seed403_150685,pusht,pushobj_Z,50,10,5976,cem,50,70.0,vis-bs128,403,ground_truth
visreg_pusht_lambd4p5_lr1e-4_seed403_150685,pusht,pushobj_Z,75,10,1025,cem,50,58.0,vis-bs128,403,ground_truth
visreg_pusht_lambd4p5_lr1e-4_seed403_150685,pusht,pushobj_Z,75,10,3014,cem,50,48.0,vis-bs128,403,ground_truth
visreg_pusht_lambd4p5_lr1e-4_seed403_150685,pusht,pushobj_Z,75,10,5976,cem,50,48.0,vis-bs128,403,ground_truth
visreg_pusht_lambd4p5_lr1e-4_seed403_150685,pusht,pushobj_plus,25,10,1025,cem,50,72.0,vis-bs128,403,ground_truth
visreg_pusht_lambd4p5_lr1e-4_seed403_150685,pusht,pushobj_plus,25,10,3014,cem,50,76.0,vis-bs128,403,ground_truth
visreg_pusht_lambd4p5_lr1e-4_seed403_150685,pusht,pushobj_plus,25,10,5976,cem,50,76.0,vis-bs128,403,ground_truth
visreg_pusht_lambd4p5_lr1e-4_seed403_150685,pusht,pushobj_plus,50,10,1025,cem,50,44.0,vis-bs128,403,ground_truth
visreg_pusht_lambd4p5_lr1e-4_seed403_150685,pusht,pushobj_plus,50,10,3014,cem,50,62.0,vis-bs128,403,ground_truth
visreg_pusht_lambd4p5_lr1e-4_seed403_150685,pusht,pushobj_plus,50,10,5976,cem,50,50.0,vis-bs128,403,ground_truth
visreg_pusht_lambd4p5_lr1e-4_seed403_150685,pusht,pushobj_plus,75,10,1025,cem,50,36.0,vis-bs128,403,ground_truth
visreg_pusht_lambd4p5_lr1e-4_seed403_150685,pusht,pushobj_plus,75,10,3014,cem,50,34.0,vis-bs128,403,ground_truth
visreg_pusht_lambd4p5_lr1e-4_seed403_150685,pusht,pushobj_plus,75,10,5976,cem,50,42.0,vis-bs128,403,ground_truth
visreg_pusht_lambd4p5_lr1e-4_seed403_150685,pusht,pushobj_small_tee,25,10,1025,cem,50,74.0,vis-bs128,403,ground_truth
visreg_pusht_lambd4p5_lr1e-4_seed403_150685,pusht,pushobj_small_tee,25,10,3014,cem,50,84.0,vis-bs128,403,ground_truth
visreg_pusht_lambd4p5_lr1e-4_seed403_150685,pusht,pushobj_small_tee,25,10,5976,cem,50,90.0,vis-bs128,403,ground_truth
visreg_pusht_lambd4p5_lr1e-4_seed403_150685,pusht,pushobj_small_tee,50,10,1025,cem,50,64.0,vis-bs128,403,ground_truth
visreg_pusht_lambd4p5_lr1e-4_seed403_150685,pusht,pushobj_small_tee,50,10,3014,cem,50,62.0,vis-bs128,403,ground_truth
visreg_pusht_lambd4p5_lr1e-4_seed403_150685,pusht,pushobj_small_tee,50,10,5976,cem,50,44.0,vis-bs128,403,ground_truth
visreg_pusht_lambd4p5_lr1e-4_seed403_150685,pusht,pushobj_small_tee,75,10,1025,cem,50,32.0,vis-bs128,403,ground_truth
visreg_pusht_lambd4p5_lr1e-4_seed403_150685,pusht,pushobj_small_tee,75,10,3014,cem,50,44.0,vis-bs128,403,ground_truth
visreg_pusht_lambd4p5_lr1e-4_seed403_150685,pusht,pushobj_small_tee,75,10,5976,cem,50,42.0,vis-bs128,403,ground_truth
visreg_pusht_lambd4p5_lr1e-4_seed403_150685,pusht,pushobj_square,25,10,1025,cem,50,60.0,vis-bs128,403,ground_truth
visreg_pusht_lambd4p5_lr1e-4_seed403_150685,pusht,pushobj_square,25,10,3014,cem,50,70.0,vis-bs128,403,ground_truth
visreg_pusht_lambd4p5_lr1e-4_seed403_150685,pusht,pushobj_square,25,10,5976,cem,50,66.0,vis-bs128,403,ground_truth
visreg_pusht_lambd4p5_lr1e-4_seed403_150685,pusht,pushobj_square,50,10,1025,cem,50,44.0,vis-bs128,403,ground_truth
visreg_pusht_lambd4p5_lr1e-4_seed403_150685,pusht,pushobj_square,50,10,3014,cem,50,54.0,vis-bs128,403,ground_truth
visreg_pusht_lambd4p5_lr1e-4_seed403_150685,pusht,pushobj_square,50,10,5976,cem,50,56.0,vis-bs128,403,ground_truth
visreg_pusht_lambd4p5_lr1e-4_seed403_150685,pusht,pushobj_square,75,10,1025,cem,50,40.0,vis-bs128,403,ground_truth
visreg_pusht_lambd4p5_lr1e-4_seed403_150685,pusht,pushobj_square,75,10,3014,cem,50,48.0,vis-bs128,403,ground_truth
visreg_pusht_lambd4p5_lr1e-4_seed403_150685,pusht,pushobj_square,75,10,5976,cem,50,42.0,vis-bs128,403,ground_truth
visreg_pusht_lambd4p5_lr1e-4_seed403_150685,pusht,pusht,25,10,42,cem,50,92.0,vis-bs128,403,ground_truth
visreg_pusht_lambd4p5_lr1e-4_seed403_150685,pusht,pusht,25,10,5501,cem,50,90.0,,,pool:heldout
visreg_pusht_lambd4p5_lr1e-4_seed403_150685,pusht,pusht,25,10,60601,cem,50,96.0,,,pool:heldout
visreg_pusht_lambd4p5_lr1e-4_seed403_150685,pusht,pusht,25,10,90210,cem,50,94.0,,,pool:heldout
visreg_pusht_lambd4p5_lr1e-4_seed46_150686,pusht,pusht,25,1,42,cem,50,57.99999999999999,vis-bs128,46,ground_truth
visreg_pusht_lambd4p5_lr1e-4_seed46_150686,pusht,pusht,25,2,42,cem,50,84.0,vis-bs128,46,ground_truth
visreg_pusht_lambd4p5_lr1e-4_seed46_150686,pusht,pusht,25,3,42,cem,50,88.0,vis-bs128,46,ground_truth
visreg_pusht_lambd4p5_lr1e-4_seed46_150686,pusht,pusht,25,4,42,cem,50,90.0,vis-bs128,46,ground_truth
visreg_pusht_lambd4p5_lr1e-4_seed46_150686,pusht,pusht,25,4,5501,cem,50,84.0,,,pool:heldout
visreg_pusht_lambd4p5_lr1e-4_seed46_150686,pusht,pusht,25,4,60601,cem,50,88.0,,,pool:heldout
visreg_pusht_lambd4p5_lr1e-4_seed46_150686,pusht,pusht,25,4,90210,cem,50,84.0,,,pool:heldout
visreg_pusht_lambd4p5_lr1e-4_seed46_150686,pusht,pusht,25,5,42,cem,50,96.0,vis-bs128,46,ground_truth
visreg_pusht_lambd4p5_lr1e-4_seed46_150686,pusht,pusht,25,6,42,cem,50,92.0,vis-bs128,46,ground_truth
visreg_pusht_lambd4p5_lr1e-4_seed46_150686,pusht,pusht,25,6,5501,cem,50,90.0,,,pool:heldout
visreg_pusht_lambd4p5_lr1e-4_seed46_150686,pusht,pusht,25,6,60601,cem,50,92.0,,,pool:heldout
visreg_pusht_lambd4p5_lr1e-4_seed46_150686,pusht,pusht,25,6,90210,cem,50,94.0,,,pool:heldout
visreg_pusht_lambd4p5_lr1e-4_seed46_150686,pusht,pusht,25,7,42,cem,50,94.0,vis-bs128,46,ground_truth
visreg_pusht_lambd4p5_lr1e-4_seed46_150686,pusht,pusht,25,8,42,cem,50,98.0,vis-bs128,46,ground_truth
visreg_pusht_lambd4p5_lr1e-4_seed46_150686,pusht,pusht,25,8,5501,cem,50,92.0,,,pool:heldout
visreg_pusht_lambd4p5_lr1e-4_seed46_150686,pusht,pusht,25,8,60601,cem,50,94.0,,,pool:heldout
visreg_pusht_lambd4p5_lr1e-4_seed46_150686,pusht,pusht,25,8,90210,cem,50,90.0,,,pool:heldout
visreg_pusht_lambd4p5_lr1e-4_seed46_150686,pusht,pusht,25,9,42,cem,50,94.0,vis-bs128,46,ground_truth
visreg_pusht_lambd4p5_lr1e-4_seed46_150686,pusht,pusht,25,9,5501,cem,50,90.0,,,pool:heldout
visreg_pusht_lambd4p5_lr1e-4_seed46_150686,pusht,pusht,25,9,60601,cem,50,94.0,,,pool:heldout
visreg_pusht_lambd4p5_lr1e-4_seed46_150686,pusht,pusht,25,9,90210,cem,50,92.0,,,pool:heldout
visreg_pusht_lambd4p5_lr1e-4_seed46_150686,pusht,pushobj_I,25,10,1025,cem,50,72.0,vis-bs128,46,ground_truth
visreg_pusht_lambd4p5_lr1e-4_seed46_150686,pusht,pushobj_I,25,10,3014,cem,50,76.0,vis-bs128,46,ground_truth
visreg_pusht_lambd4p5_lr1e-4_seed46_150686,pusht,pushobj_I,25,10,5976,cem,50,76.0,vis-bs128,46,ground_truth
visreg_pusht_lambd4p5_lr1e-4_seed46_150686,pusht,pushobj_I,50,10,1025,cem,50,58.0,vis-bs128,46,ground_truth
visreg_pusht_lambd4p5_lr1e-4_seed46_150686,pusht,pushobj_I,50,10,3014,cem,50,66.0,vis-bs128,46,ground_truth
visreg_pusht_lambd4p5_lr1e-4_seed46_150686,pusht,pushobj_I,50,10,5976,cem,50,60.0,vis-bs128,46,ground_truth
visreg_pusht_lambd4p5_lr1e-4_seed46_150686,pusht,pushobj_I,75,10,1025,cem,50,28.0,vis-bs128,46,ground_truth
visreg_pusht_lambd4p5_lr1e-4_seed46_150686,pusht,pushobj_I,75,10,3014,cem,50,34.0,vis-bs128,46,ground_truth
visreg_pusht_lambd4p5_lr1e-4_seed46_150686,pusht,pushobj_I,75,10,5976,cem,50,40.0,vis-bs128,46,ground_truth
visreg_pusht_lambd4p5_lr1e-4_seed46_150686,pusht,pushobj_L,25,10,1025,cem,50,92.0,vis-bs128,46,ground_truth
visreg_pusht_lambd4p5_lr1e-4_seed46_150686,pusht,pushobj_L,25,10,3014,cem,50,86.0,vis-bs128,46,ground_truth
visreg_pusht_lambd4p5_lr1e-4_seed46_150686,pusht,pushobj_L,25,10,5976,cem,50,90.0,vis-bs128,46,ground_truth
visreg_pusht_lambd4p5_lr1e-4_seed46_150686,pusht,pushobj_L,50,10,1025,cem,50,78.0,vis-bs128,46,ground_truth
visreg_pusht_lambd4p5_lr1e-4_seed46_150686,pusht,pushobj_L,50,10,3014,cem,50,66.0,vis-bs128,46,ground_truth
visreg_pusht_lambd4p5_lr1e-4_seed46_150686,pusht,pushobj_L,50,10,5976,cem,50,74.0,vis-bs128,46,ground_truth
visreg_pusht_lambd4p5_lr1e-4_seed46_150686,pusht,pushobj_L,75,10,1025,cem,50,56.0,vis-bs128,46,ground_truth
visreg_pusht_lambd4p5_lr1e-4_seed46_150686,pusht,pushobj_L,75,10,3014,cem,50,50.0,vis-bs128,46,ground_truth
visreg_pusht_lambd4p5_lr1e-4_seed46_150686,pusht,pushobj_L,75,10,5976,cem,50,56.0,vis-bs128,46,ground_truth
visreg_pusht_lambd4p5_lr1e-4_seed46_150686,pusht,pushobj_T,25,10,1025,cem,50,98.0,vis-bs128,46,ground_truth
visreg_pusht_lambd4p5_lr1e-4_seed46_150686,pusht,pushobj_T,25,10,3014,cem,50,98.0,vis-bs128,46,ground_truth
visreg_pusht_lambd4p5_lr1e-4_seed46_150686,pusht,pushobj_T,25,10,5976,cem,50,96.0,vis-bs128,46,ground_truth
visreg_pusht_lambd4p5_lr1e-4_seed46_150686,pusht,pushobj_T,50,10,1025,cem,50,56.0,vis-bs128,46,ground_truth
visreg_pusht_lambd4p5_lr1e-4_seed46_150686,pusht,pushobj_T,50,10,3014,cem,50,46.0,vis-bs128,46,ground_truth
visreg_pusht_lambd4p5_lr1e-4_seed46_150686,pusht,pushobj_T,50,10,5976,cem,50,64.0,vis-bs128,46,ground_truth
visreg_pusht_lambd4p5_lr1e-4_seed46_150686,pusht,pushobj_T,75,10,1025,cem,50,14.0,vis-bs128,46,ground_truth
visreg_pusht_lambd4p5_lr1e-4_seed46_150686,pusht,pushobj_T,75,10,3014,cem,50,14.0,vis-bs128,46,ground_truth
visreg_pusht_lambd4p5_lr1e-4_seed46_150686,pusht,pushobj_T,75,10,5976,cem,50,22.0,vis-bs128,46,ground_truth
visreg_pusht_lambd4p5_lr1e-4_seed46_150686,pusht,pushobj_Z,25,10,1025,cem,50,78.0,vis-bs128,46,ground_truth
visreg_pusht_lambd4p5_lr1e-4_seed46_150686,pusht,pushobj_Z,25,10,3014,cem,50,78.0,vis-bs128,46,ground_truth
visreg_pusht_lambd4p5_lr1e-4_seed46_150686,pusht,pushobj_Z,25,10,5976,cem,50,82.0,vis-bs128,46,ground_truth
visreg_pusht_lambd4p5_lr1e-4_seed46_150686,pusht,pushobj_Z,50,10,1025,cem,50,64.0,vis-bs128,46,ground_truth
visreg_pusht_lambd4p5_lr1e-4_seed46_150686,pusht,pushobj_Z,50,10,3014,cem,50,56.0,vis-bs128,46,ground_truth
visreg_pusht_lambd4p5_lr1e-4_seed46_150686,pusht,pushobj_Z,50,10,5976,cem,50,64.0,vis-bs128,46,ground_truth
visreg_pusht_lambd4p5_lr1e-4_seed46_150686,pusht,pushobj_Z,75,10,1025,cem,50,56.0,vis-bs128,46,ground_truth
visreg_pusht_lambd4p5_lr1e-4_seed46_150686,pusht,pushobj_Z,75,10,3014,cem,50,38.0,vis-bs128,46,ground_truth
visreg_pusht_lambd4p5_lr1e-4_seed46_150686,pusht,pushobj_Z,75,10,5976,cem,50,34.0,vis-bs128,46,ground_truth
visreg_pusht_lambd4p5_lr1e-4_seed46_150686,pusht,pushobj_plus,25,10,1025,cem,50,76.0,vis-bs128,46,ground_truth
visreg_pusht_lambd4p5_lr1e-4_seed46_150686,pusht,pushobj_plus,25,10,3014,cem,50,84.0,vis-bs128,46,ground_truth
visreg_pusht_lambd4p5_lr1e-4_seed46_150686,pusht,pushobj_plus,25,10,5976,cem,50,72.0,vis-bs128,46,ground_truth
visreg_pusht_lambd4p5_lr1e-4_seed46_150686,pusht,pushobj_plus,50,10,1025,cem,50,44.0,vis-bs128,46,ground_truth
visreg_pusht_lambd4p5_lr1e-4_seed46_150686,pusht,pushobj_plus,50,10,3014,cem,50,58.0,vis-bs128,46,ground_truth
visreg_pusht_lambd4p5_lr1e-4_seed46_150686,pusht,pushobj_plus,50,10,5976,cem,50,48.0,vis-bs128,46,ground_truth
visreg_pusht_lambd4p5_lr1e-4_seed46_150686,pusht,pushobj_plus,75,10,1025,cem,50,30.0,vis-bs128,46,ground_truth
visreg_pusht_lambd4p5_lr1e-4_seed46_150686,pusht,pushobj_plus,75,10,3014,cem,50,32.0,vis-bs128,46,ground_truth
visreg_pusht_lambd4p5_lr1e-4_seed46_150686,pusht,pushobj_plus,75,10,5976,cem,50,34.0,vis-bs128,46,ground_truth
visreg_pusht_lambd4p5_lr1e-4_seed46_150686,pusht,pushobj_small_tee,25,10,1025,cem,50,76.0,vis-bs128,46,ground_truth
visreg_pusht_lambd4p5_lr1e-4_seed46_150686,pusht,pushobj_small_tee,25,10,3014,cem,50,84.0,vis-bs128,46,ground_truth
visreg_pusht_lambd4p5_lr1e-4_seed46_150686,pusht,pushobj_small_tee,25,10,5976,cem,50,80.0,vis-bs128,46,ground_truth
visreg_pusht_lambd4p5_lr1e-4_seed46_150686,pusht,pushobj_small_tee,50,10,1025,cem,50,66.0,vis-bs128,46,ground_truth
visreg_pusht_lambd4p5_lr1e-4_seed46_150686,pusht,pushobj_small_tee,50,10,3014,cem,50,68.0,vis-bs128,46,ground_truth
visreg_pusht_lambd4p5_lr1e-4_seed46_150686,pusht,pushobj_small_tee,50,10,5976,cem,50,44.0,vis-bs128,46,ground_truth
visreg_pusht_lambd4p5_lr1e-4_seed46_150686,pusht,pushobj_small_tee,75,10,1025,cem,50,34.0,vis-bs128,46,ground_truth
visreg_pusht_lambd4p5_lr1e-4_seed46_150686,pusht,pushobj_small_tee,75,10,3014,cem,50,32.0,vis-bs128,46,ground_truth
visreg_pusht_lambd4p5_lr1e-4_seed46_150686,pusht,pushobj_small_tee,75,10,5976,cem,50,44.0,vis-bs128,46,ground_truth
visreg_pusht_lambd4p5_lr1e-4_seed46_150686,pusht,pushobj_square,25,10,1025,cem,50,68.0,vis-bs128,46,ground_truth
visreg_pusht_lambd4p5_lr1e-4_seed46_150686,pusht,pushobj_square,25,10,3014,cem,50,70.0,vis-bs128,46,ground_truth
visreg_pusht_lambd4p5_lr1e-4_seed46_150686,pusht,pushobj_square,25,10,5976,cem,50,72.0,vis-bs128,46,ground_truth
visreg_pusht_lambd4p5_lr1e-4_seed46_150686,pusht,pushobj_square,50,10,1025,cem,50,54.0,vis-bs128,46,ground_truth
visreg_pusht_lambd4p5_lr1e-4_seed46_150686,pusht,pushobj_square,50,10,3014,cem,50,54.0,vis-bs128,46,ground_truth
visreg_pusht_lambd4p5_lr1e-4_seed46_150686,pusht,pushobj_square,50,10,5976,cem,50,60.0,vis-bs128,46,ground_truth
visreg_pusht_lambd4p5_lr1e-4_seed46_150686,pusht,pushobj_square,75,10,1025,cem,50,46.0,vis-bs128,46,ground_truth
visreg_pusht_lambd4p5_lr1e-4_seed46_150686,pusht,pushobj_square,75,10,3014,cem,50,38.0,vis-bs128,46,ground_truth
visreg_pusht_lambd4p5_lr1e-4_seed46_150686,pusht,pushobj_square,75,10,5976,cem,50,38.0,vis-bs128,46,ground_truth
visreg_pusht_lambd4p5_lr1e-4_seed46_150686,pusht,pusht,25,10,0,cem,50,96.0,vis-bs128,46,ground_truth
visreg_pusht_lambd4p5_lr1e-4_seed46_150686,pusht,pusht,25,10,1025,cem,50,92.0,vis-bs128,46,ground_truth
visreg_pusht_lambd4p5_lr1e-4_seed46_150686,pusht,pusht,25,10,123,cem,50,100.0,vis-bs128,46,ground_truth
visreg_pusht_lambd4p5_lr1e-4_seed46_150686,pusht,pusht,25,10,2024,cem,50,98.0,vis-bs128,46,ground_truth
visreg_pusht_lambd4p5_lr1e-4_seed46_150686,pusht,pusht,25,10,2027,cem,50,94.0,,,pool:heldout
visreg_pusht_lambd4p5_lr1e-4_seed46_150686,pusht,pusht,25,10,3014,cem,50,94.0,vis-bs128,46,ground_truth
visreg_pusht_lambd4p5_lr1e-4_seed46_150686,pusht,pusht,25,10,42,cem,50,98.0,vis-bs128,46,ground_truth
visreg_pusht_lambd4p5_lr1e-4_seed46_150686,pusht,pusht,25,10,5501,cem,50,92.0,,,pool:heldout
visreg_pusht_lambd4p5_lr1e-4_seed46_150686,pusht,pusht,25,10,5976,cem,50,88.0,vis-bs128,46,ground_truth
visreg_pusht_lambd4p5_lr1e-4_seed46_150686,pusht,pusht,25,10,60601,cem,50,94.0,,,pool:heldout
visreg_pusht_lambd4p5_lr1e-4_seed46_150686,pusht,pusht,25,10,65537,cem,50,88.0,,,pool:heldout
visreg_pusht_lambd4p5_lr1e-4_seed46_150686,pusht,pusht,25,10,8191,cem,50,88.0,,,pool:heldout
visreg_pusht_lambd4p5_lr1e-4_seed46_150686,pusht,pusht,25,10,90210,cem,50,94.0,,,pool:heldout
visreg_pusht_lambd4p5_lr1e-4_seed46_150686,pusht,pusht,50,10,1025,cem,50,44.0,vis-bs128,46,ground_truth
visreg_pusht_lambd4p5_lr1e-4_seed46_150686,pusht,pusht,50,10,3014,cem,50,50.0,vis-bs128,46,ground_truth
visreg_pusht_lambd4p5_lr1e-4_seed46_150686,pusht,pusht,50,10,5976,cem,50,54.0,vis-bs128,46,ground_truth
visreg_pusht_lambd4p5_lr1e-4_seed46_150686,pusht,pusht,75,10,1025,cem,50,26.0,vis-bs128,46,ground_truth
visreg_pusht_lambd4p5_lr1e-4_seed46_150686,pusht,pusht,75,10,3014,cem,50,12.0,vis-bs128,46,ground_truth
visreg_pusht_lambd4p5_lr1e-4_seed46_150686,pusht,pusht,75,10,5976,cem,50,16.0,vis-bs128,46,ground_truth
visreg_pusht_lambd4p5_lr1e-4_seed729_150684,pusht,pusht,25,1,42,cem,50,68.0,vis-bs128,729,ground_truth
visreg_pusht_lambd4p5_lr1e-4_seed729_150684,pusht,pusht,25,2,42,cem,50,84.0,vis-bs128,729,ground_truth
visreg_pusht_lambd4p5_lr1e-4_seed729_150684,pusht,pusht,25,3,42,cem,50,86.0,vis-bs128,729,ground_truth
visreg_pusht_lambd4p5_lr1e-4_seed729_150684,pusht,pusht,25,4,42,cem,50,92.0,vis-bs128,729,ground_truth
visreg_pusht_lambd4p5_lr1e-4_seed729_150684,pusht,pusht,25,4,5501,cem,50,82.0,,,pool:heldout
visreg_pusht_lambd4p5_lr1e-4_seed729_150684,pusht,pusht,25,4,60601,cem,50,80.0,,,pool:heldout
visreg_pusht_lambd4p5_lr1e-4_seed729_150684,pusht,pusht,25,4,90210,cem,50,90.0,,,pool:heldout
visreg_pusht_lambd4p5_lr1e-4_seed729_150684,pusht,pusht,25,5,42,cem,50,92.0,vis-bs128,729,ground_truth
visreg_pusht_lambd4p5_lr1e-4_seed729_150684,pusht,pusht,25,6,42,cem,50,90.0,vis-bs128,729,ground_truth
visreg_pusht_lambd4p5_lr1e-4_seed729_150684,pusht,pusht,25,6,5501,cem,50,90.0,,,pool:heldout
visreg_pusht_lambd4p5_lr1e-4_seed729_150684,pusht,pusht,25,6,60601,cem,50,98.0,,,pool:heldout
visreg_pusht_lambd4p5_lr1e-4_seed729_150684,pusht,pusht,25,6,90210,cem,50,92.0,,,pool:heldout
visreg_pusht_lambd4p5_lr1e-4_seed729_150684,pusht,pusht,25,7,42,cem,50,92.0,vis-bs128,729,ground_truth
visreg_pusht_lambd4p5_lr1e-4_seed729_150684,pusht,pusht,25,8,42,cem,50,90.0,vis-bs128,729,ground_truth
visreg_pusht_lambd4p5_lr1e-4_seed729_150684,pusht,pusht,25,8,5501,cem,50,88.0,,,pool:heldout
visreg_pusht_lambd4p5_lr1e-4_seed729_150684,pusht,pusht,25,8,60601,cem,50,94.0,,,pool:heldout
visreg_pusht_lambd4p5_lr1e-4_seed729_150684,pusht,pusht,25,8,90210,cem,50,98.0,,,pool:heldout
visreg_pusht_lambd4p5_lr1e-4_seed729_150684,pusht,pusht,25,9,42,cem,50,96.0,vis-bs128,729,ground_truth
visreg_pusht_lambd4p5_lr1e-4_seed729_150684,pusht,pusht,25,9,5501,cem,50,88.0,,,pool:heldout
visreg_pusht_lambd4p5_lr1e-4_seed729_150684,pusht,pusht,25,9,60601,cem,50,96.0,,,pool:heldout
visreg_pusht_lambd4p5_lr1e-4_seed729_150684,pusht,pusht,25,9,90210,cem,50,98.0,,,pool:heldout
visreg_pusht_lambd4p5_lr1e-4_seed729_150684,pusht,pushobj_I,25,10,1025,cem,50,66.0,vis-bs128,729,ground_truth
visreg_pusht_lambd4p5_lr1e-4_seed729_150684,pusht,pushobj_I,25,10,3014,cem,50,72.0,vis-bs128,729,ground_truth
visreg_pusht_lambd4p5_lr1e-4_seed729_150684,pusht,pushobj_I,25,10,5976,cem,50,80.0,vis-bs128,729,ground_truth
visreg_pusht_lambd4p5_lr1e-4_seed729_150684,pusht,pushobj_I,50,10,1025,cem,50,70.0,vis-bs128,729,ground_truth
visreg_pusht_lambd4p5_lr1e-4_seed729_150684,pusht,pushobj_I,50,10,3014,cem,50,62.0,vis-bs128,729,ground_truth
visreg_pusht_lambd4p5_lr1e-4_seed729_150684,pusht,pushobj_I,50,10,5976,cem,50,52.0,vis-bs128,729,ground_truth
visreg_pusht_lambd4p5_lr1e-4_seed729_150684,pusht,pushobj_I,75,10,1025,cem,50,34.0,vis-bs128,729,ground_truth
visreg_pusht_lambd4p5_lr1e-4_seed729_150684,pusht,pushobj_I,75,10,3014,cem,50,40.0,vis-bs128,729,ground_truth
visreg_pusht_lambd4p5_lr1e-4_seed729_150684,pusht,pushobj_I,75,10,5976,cem,50,34.0,vis-bs128,729,ground_truth
visreg_pusht_lambd4p5_lr1e-4_seed729_150684,pusht,pushobj_L,25,10,1025,cem,50,86.0,vis-bs128,729,ground_truth
visreg_pusht_lambd4p5_lr1e-4_seed729_150684,pusht,pushobj_L,25,10,3014,cem,50,84.0,vis-bs128,729,ground_truth
visreg_pusht_lambd4p5_lr1e-4_seed729_150684,pusht,pushobj_L,25,10,5976,cem,50,86.0,vis-bs128,729,ground_truth
visreg_pusht_lambd4p5_lr1e-4_seed729_150684,pusht,pushobj_L,50,10,1025,cem,50,80.0,vis-bs128,729,ground_truth
visreg_pusht_lambd4p5_lr1e-4_seed729_150684,pusht,pushobj_L,50,10,3014,cem,50,70.0,vis-bs128,729,ground_truth
visreg_pusht_lambd4p5_lr1e-4_seed729_150684,pusht,pushobj_L,50,10,5976,cem,50,78.0,vis-bs128,729,ground_truth
visreg_pusht_lambd4p5_lr1e-4_seed729_150684,pusht,pushobj_L,75,10,1025,cem,50,64.0,vis-bs128,729,ground_truth
visreg_pusht_lambd4p5_lr1e-4_seed729_150684,pusht,pushobj_L,75,10,3014,cem,50,54.0,vis-bs128,729,ground_truth
visreg_pusht_lambd4p5_lr1e-4_seed729_150684,pusht,pushobj_L,75,10,5976,cem,50,62.0,vis-bs128,729,ground_truth
visreg_pusht_lambd4p5_lr1e-4_seed729_150684,pusht,pushobj_T,25,10,1025,cem,50,98.0,vis-bs128,729,ground_truth
visreg_pusht_lambd4p5_lr1e-4_seed729_150684,pusht,pushobj_T,25,10,3014,cem,50,98.0,vis-bs128,729,ground_truth
visreg_pusht_lambd4p5_lr1e-4_seed729_150684,pusht,pushobj_T,25,10,5976,cem,50,94.0,vis-bs128,729,ground_truth
visreg_pusht_lambd4p5_lr1e-4_seed729_150684,pusht,pushobj_T,50,10,1025,cem,50,48.0,vis-bs128,729,ground_truth
visreg_pusht_lambd4p5_lr1e-4_seed729_150684,pusht,pushobj_T,50,10,3014,cem,50,56.0,vis-bs128,729,ground_truth
visreg_pusht_lambd4p5_lr1e-4_seed729_150684,pusht,pushobj_T,50,10,5976,cem,50,52.0,vis-bs128,729,ground_truth
visreg_pusht_lambd4p5_lr1e-4_seed729_150684,pusht,pushobj_T,75,10,1025,cem,50,22.0,vis-bs128,729,ground_truth
visreg_pusht_lambd4p5_lr1e-4_seed729_150684,pusht,pushobj_T,75,10,3014,cem,50,16.0,vis-bs128,729,ground_truth
visreg_pusht_lambd4p5_lr1e-4_seed729_150684,pusht,pushobj_T,75,10,5976,cem,50,26.0,vis-bs128,729,ground_truth
visreg_pusht_lambd4p5_lr1e-4_seed729_150684,pusht,pushobj_Z,25,10,1025,cem,50,78.0,vis-bs128,729,ground_truth
visreg_pusht_lambd4p5_lr1e-4_seed729_150684,pusht,pushobj_Z,25,10,3014,cem,50,90.0,vis-bs128,729,ground_truth
visreg_pusht_lambd4p5_lr1e-4_seed729_150684,pusht,pushobj_Z,25,10,5976,cem,50,78.0,vis-bs128,729,ground_truth
visreg_pusht_lambd4p5_lr1e-4_seed729_150684,pusht,pushobj_Z,50,10,1025,cem,50,70.0,vis-bs128,729,ground_truth
visreg_pusht_lambd4p5_lr1e-4_seed729_150684,pusht,pushobj_Z,50,10,3014,cem,50,60.0,vis-bs128,729,ground_truth
visreg_pusht_lambd4p5_lr1e-4_seed729_150684,pusht,pushobj_Z,50,10,5976,cem,50,70.0,vis-bs128,729,ground_truth
visreg_pusht_lambd4p5_lr1e-4_seed729_150684,pusht,pushobj_Z,75,10,1025,cem,50,62.0,vis-bs128,729,ground_truth
visreg_pusht_lambd4p5_lr1e-4_seed729_150684,pusht,pushobj_Z,75,10,3014,cem,50,50.0,vis-bs128,729,ground_truth
visreg_pusht_lambd4p5_lr1e-4_seed729_150684,pusht,pushobj_Z,75,10,5976,cem,50,42.0,vis-bs128,729,ground_truth
visreg_pusht_lambd4p5_lr1e-4_seed729_150684,pusht,pushobj_plus,25,10,1025,cem,50,74.0,vis-bs128,729,ground_truth
visreg_pusht_lambd4p5_lr1e-4_seed729_150684,pusht,pushobj_plus,25,10,3014,cem,50,84.0,vis-bs128,729,ground_truth
visreg_pusht_lambd4p5_lr1e-4_seed729_150684,pusht,pushobj_plus,25,10,5976,cem,50,86.0,vis-bs128,729,ground_truth
visreg_pusht_lambd4p5_lr1e-4_seed729_150684,pusht,pushobj_plus,50,10,1025,cem,50,44.0,vis-bs128,729,ground_truth
visreg_pusht_lambd4p5_lr1e-4_seed729_150684,pusht,pushobj_plus,50,10,3014,cem,50,50.0,vis-bs128,729,ground_truth
visreg_pusht_lambd4p5_lr1e-4_seed729_150684,pusht,pushobj_plus,50,10,5976,cem,50,54.0,vis-bs128,729,ground_truth
visreg_pusht_lambd4p5_lr1e-4_seed729_150684,pusht,pushobj_plus,75,10,1025,cem,50,30.0,vis-bs128,729,ground_truth
visreg_pusht_lambd4p5_lr1e-4_seed729_150684,pusht,pushobj_plus,75,10,3014,cem,50,28.0,vis-bs128,729,ground_truth
visreg_pusht_lambd4p5_lr1e-4_seed729_150684,pusht,pushobj_plus,75,10,5976,cem,50,34.0,vis-bs128,729,ground_truth
visreg_pusht_lambd4p5_lr1e-4_seed729_150684,pusht,pushobj_small_tee,25,10,1025,cem,50,80.0,vis-bs128,729,ground_truth
visreg_pusht_lambd4p5_lr1e-4_seed729_150684,pusht,pushobj_small_tee,25,10,3014,cem,50,82.0,vis-bs128,729,ground_truth
visreg_pusht_lambd4p5_lr1e-4_seed729_150684,pusht,pushobj_small_tee,25,10,5976,cem,50,76.0,vis-bs128,729,ground_truth
visreg_pusht_lambd4p5_lr1e-4_seed729_150684,pusht,pushobj_small_tee,50,10,1025,cem,50,58.0,vis-bs128,729,ground_truth
visreg_pusht_lambd4p5_lr1e-4_seed729_150684,pusht,pushobj_small_tee,50,10,3014,cem,50,64.0,vis-bs128,729,ground_truth
visreg_pusht_lambd4p5_lr1e-4_seed729_150684,pusht,pushobj_small_tee,50,10,5976,cem,50,50.0,vis-bs128,729,ground_truth
visreg_pusht_lambd4p5_lr1e-4_seed729_150684,pusht,pushobj_small_tee,75,10,1025,cem,50,32.0,vis-bs128,729,ground_truth
visreg_pusht_lambd4p5_lr1e-4_seed729_150684,pusht,pushobj_small_tee,75,10,3014,cem,50,38.0,vis-bs128,729,ground_truth
visreg_pusht_lambd4p5_lr1e-4_seed729_150684,pusht,pushobj_small_tee,75,10,5976,cem,50,44.0,vis-bs128,729,ground_truth
visreg_pusht_lambd4p5_lr1e-4_seed729_150684,pusht,pushobj_square,25,10,1025,cem,50,68.0,vis-bs128,729,ground_truth
visreg_pusht_lambd4p5_lr1e-4_seed729_150684,pusht,pushobj_square,25,10,3014,cem,50,74.0,vis-bs128,729,ground_truth
visreg_pusht_lambd4p5_lr1e-4_seed729_150684,pusht,pushobj_square,25,10,5976,cem,50,78.0,vis-bs128,729,ground_truth
visreg_pusht_lambd4p5_lr1e-4_seed729_150684,pusht,pushobj_square,50,10,1025,cem,50,50.0,vis-bs128,729,ground_truth
visreg_pusht_lambd4p5_lr1e-4_seed729_150684,pusht,pushobj_square,50,10,3014,cem,50,60.0,vis-bs128,729,ground_truth
visreg_pusht_lambd4p5_lr1e-4_seed729_150684,pusht,pushobj_square,50,10,5976,cem,50,62.0,vis-bs128,729,ground_truth
visreg_pusht_lambd4p5_lr1e-4_seed729_150684,pusht,pushobj_square,75,10,1025,cem,50,34.0,vis-bs128,729,ground_truth
visreg_pusht_lambd4p5_lr1e-4_seed729_150684,pusht,pushobj_square,75,10,3014,cem,50,42.0,vis-bs128,729,ground_truth
visreg_pusht_lambd4p5_lr1e-4_seed729_150684,pusht,pushobj_square,75,10,5976,cem,50,40.0,vis-bs128,729,ground_truth
visreg_pusht_lambd4p5_lr1e-4_seed729_150684,pusht,pusht,25,10,0,cem,50,96.0,vis-bs128,729,ground_truth
visreg_pusht_lambd4p5_lr1e-4_seed729_150684,pusht,pusht,25,10,1025,cem,50,98.0,vis-bs128,729,ground_truth
visreg_pusht_lambd4p5_lr1e-4_seed729_150684,pusht,pusht,25,10,123,cem,50,98.0,vis-bs128,729,ground_truth
visreg_pusht_lambd4p5_lr1e-4_seed729_150684,pusht,pusht,25,10,2024,cem,50,96.0,vis-bs128,729,ground_truth
visreg_pusht_lambd4p5_lr1e-4_seed729_150684,pusht,pusht,25,10,3014,cem,50,88.0,vis-bs128,729,ground_truth
visreg_pusht_lambd4p5_lr1e-4_seed729_150684,pusht,pusht,25,10,42,cem,50,96.0,vis-bs128,729,ground_truth
visreg_pusht_lambd4p5_lr1e-4_seed729_150684,pusht,pusht,25,10,5501,cem,50,86.0,,,pool:heldout
visreg_pusht_lambd4p5_lr1e-4_seed729_150684,pusht,pusht,25,10,5976,cem,50,88.0,vis-bs128,729,ground_truth
visreg_pusht_lambd4p5_lr1e-4_seed729_150684,pusht,pusht,25,10,60601,cem,50,96.0,,,pool:heldout
visreg_pusht_lambd4p5_lr1e-4_seed729_150684,pusht,pusht,25,10,90210,cem,50,98.0,,,pool:heldout
visreg_pusht_lambd4p5_lr1e-4_seed729_150684,pusht,pusht,50,10,1025,cem,50,48.0,vis-bs128,729,ground_truth
visreg_pusht_lambd4p5_lr1e-4_seed729_150684,pusht,pusht,50,10,3014,cem,50,38.0,vis-bs128,729,ground_truth
visreg_pusht_lambd4p5_lr1e-4_seed729_150684,pusht,pusht,50,10,5976,cem,50,60.0,vis-bs128,729,ground_truth
visreg_pusht_lambd4p5_lr1e-4_seed729_150684,pusht,pusht,75,10,1025,cem,50,28.0,vis-bs128,729,ground_truth
visreg_pusht_lambd4p5_lr1e-4_seed729_150684,pusht,pusht,75,10,3014,cem,50,18.0,vis-bs128,729,ground_truth
visreg_pusht_lambd4p5_lr1e-4_seed729_150684,pusht,pusht,75,10,5976,cem,50,16.0,vis-bs128,729,ground_truth
dinocls_tworoom_s0,tworoom,tworoom,25,0,1025,cem,50,74.0,,,pool:heldout-method
dinocls_tworoom_s0,tworoom,tworoom,25,0,2027,cem,50,56.00000000000001,,,pool:heldout-method
dinocls_tworoom_s0,tworoom,tworoom,25,0,3014,cem,50,60.0,,,pool:heldout-method
dinocls_tworoom_s0,tworoom,tworoom,25,0,42,cem,50,60.0,,,pool:heldout-method
dinocls_tworoom_s0,tworoom,tworoom,25,0,5501,cem,50,52.0,,,pool:heldout-method
dinocls_tworoom_s0,tworoom,tworoom,25,0,60601,cem,50,68.0,,,pool:heldout-method
dinocls_tworoom_s0,tworoom,tworoom,25,0,65537,cem,50,62.0,,,pool:heldout-method
dinocls_tworoom_s0,tworoom,tworoom,25,0,8191,cem,50,64.0,,,pool:heldout-method
dinocls_tworoom_s0,tworoom,tworoom,25,0,90210,cem,50,62.0,,,pool:heldout-method
ext_intact_full_tworoom_s0,tworoom,tworoom,25,0,1025,cem,50,54.0,,,pool:heldout-method
ext_intact_full_tworoom_s0,tworoom,tworoom,25,0,2027,cem,50,42.0,,,pool:heldout-method
ext_intact_full_tworoom_s0,tworoom,tworoom,25,0,3014,cem,50,48.0,,,pool:heldout-method
ext_intact_full_tworoom_s0,tworoom,tworoom,25,0,42,cem,50,56.00000000000001,,,pool:heldout-method
ext_intact_full_tworoom_s0,tworoom,tworoom,25,0,5501,cem,50,56.00000000000001,,,pool:heldout-method
ext_intact_full_tworoom_s0,tworoom,tworoom,25,0,60601,cem,50,60.0,,,pool:heldout-method
ext_intact_full_tworoom_s0,tworoom,tworoom,25,0,65537,cem,50,60.0,,,pool:heldout-method
ext_intact_full_tworoom_s0,tworoom,tworoom,25,0,8191,cem,50,56.00000000000001,,,pool:heldout-method
ext_intact_full_tworoom_s0,tworoom,tworoom,25,0,90210,cem,50,46.0,,,pool:heldout-method
ext_intact_full_tworoom_s3072,tworoom,tworoom,25,0,1025,cem,50,50.0,,,pool:heldout-method
ext_intact_full_tworoom_s3072,tworoom,tworoom,25,0,2027,cem,50,48.0,,,pool:heldout-method
ext_intact_full_tworoom_s3072,tworoom,tworoom,25,0,3014,cem,50,42.0,,,pool:heldout-method
ext_intact_full_tworoom_s3072,tworoom,tworoom,25,0,42,cem,50,44.0,,,pool:heldout-method
ext_intact_full_tworoom_s3072,tworoom,tworoom,25,0,5501,cem,50,52.0,,,pool:heldout-method
ext_intact_full_tworoom_s3072,tworoom,tworoom,25,0,60601,cem,50,48.0,,,pool:heldout-method
ext_intact_full_tworoom_s3072,tworoom,tworoom,25,0,65537,cem,50,52.0,,,pool:heldout-method
ext_intact_full_tworoom_s3072,tworoom,tworoom,25,0,8191,cem,50,46.0,,,pool:heldout-method
ext_intact_full_tworoom_s3072,tworoom,tworoom,25,0,90210,cem,50,48.0,,,pool:heldout-method
ext_intact_full_tworoom_s42,tworoom,tworoom,25,0,1025,cem,50,50.0,,,pool:heldout-method
ext_intact_full_tworoom_s42,tworoom,tworoom,25,0,2027,cem,50,44.0,,,pool:heldout-method
ext_intact_full_tworoom_s42,tworoom,tworoom,25,0,3014,cem,50,46.0,,,pool:heldout-method
ext_intact_full_tworoom_s42,tworoom,tworoom,25,0,42,cem,50,52.0,,,pool:heldout-method
ext_intact_full_tworoom_s42,tworoom,tworoom,25,0,5501,cem,50,52.0,,,pool:heldout-method
ext_intact_full_tworoom_s42,tworoom,tworoom,25,0,60601,cem,50,64.0,,,pool:heldout-method
ext_intact_full_tworoom_s42,tworoom,tworoom,25,0,65537,cem,50,64.0,,,pool:heldout-method
ext_intact_full_tworoom_s42,tworoom,tworoom,25,0,8191,cem,50,57.99999999999999,,,pool:heldout-method
ext_intact_full_tworoom_s42,tworoom,tworoom,25,0,90210,cem,50,56.00000000000001,,,pool:heldout-method
ext_qantara_tworoom_s11,tworoom,tworoom,25,0,1025,cem,50,100.0,,,pool:heldout-method
ext_qantara_tworoom_s11,tworoom,tworoom,25,0,2027,cem,50,98.0,,,pool:heldout-method
ext_qantara_tworoom_s11,tworoom,tworoom,25,0,3014,cem,50,100.0,,,pool:heldout-method
ext_qantara_tworoom_s11,tworoom,tworoom,25,0,42,cem,50,100.0,,,pool:heldout-method
ext_qantara_tworoom_s11,tworoom,tworoom,25,0,5501,cem,50,100.0,,,pool:heldout-method
ext_qantara_tworoom_s11,tworoom,tworoom,25,0,60601,cem,50,100.0,,,pool:heldout-method
ext_qantara_tworoom_s11,tworoom,tworoom,25,0,65537,cem,50,100.0,,,pool:heldout-method
ext_qantara_tworoom_s11,tworoom,tworoom,25,0,8191,cem,50,98.0,,,pool:heldout-method
ext_qantara_tworoom_s11,tworoom,tworoom,25,0,90210,cem,50,100.0,,,pool:heldout-method
ext_qantara_tworoom_s22,tworoom,tworoom,25,0,1025,cem,50,100.0,,,pool:heldout-method
ext_qantara_tworoom_s22,tworoom,tworoom,25,0,2027,cem,50,98.0,,,pool:heldout-method
ext_qantara_tworoom_s22,tworoom,tworoom,25,0,3014,cem,50,100.0,,,pool:heldout-method
ext_qantara_tworoom_s22,tworoom,tworoom,25,0,42,cem,50,100.0,,,pool:heldout-method
ext_qantara_tworoom_s22,tworoom,tworoom,25,0,5501,cem,50,100.0,,,pool:heldout-method
ext_qantara_tworoom_s22,tworoom,tworoom,25,0,60601,cem,50,100.0,,,pool:heldout-method
ext_qantara_tworoom_s22,tworoom,tworoom,25,0,65537,cem,50,100.0,,,pool:heldout-method
ext_qantara_tworoom_s22,tworoom,tworoom,25,0,8191,cem,50,100.0,,,pool:heldout-method
ext_qantara_tworoom_s22,tworoom,tworoom,25,0,90210,cem,50,100.0,,,pool:heldout-method
ext_qantara_tworoom_s33,tworoom,tworoom,25,0,1025,cem,50,100.0,,,pool:heldout-method
ext_qantara_tworoom_s33,tworoom,tworoom,25,0,2027,cem,50,98.0,,,pool:heldout-method
ext_qantara_tworoom_s33,tworoom,tworoom,25,0,3014,cem,50,100.0,,,pool:heldout-method
ext_qantara_tworoom_s33,tworoom,tworoom,25,0,42,cem,50,100.0,,,pool:heldout-method
ext_qantara_tworoom_s33,tworoom,tworoom,25,0,5501,cem,50,100.0,,,pool:heldout-method
ext_qantara_tworoom_s33,tworoom,tworoom,25,0,60601,cem,50,100.0,,,pool:heldout-method
ext_qantara_tworoom_s33,tworoom,tworoom,25,0,65537,cem,50,100.0,,,pool:heldout-method
ext_qantara_tworoom_s33,tworoom,tworoom,25,0,8191,cem,50,98.0,,,pool:heldout-method
ext_qantara_tworoom_s33,tworoom,tworoom,25,0,90210,cem,50,100.0,,,pool:heldout-method
ext_rcaux_tworoom,tworoom,tworoom,25,0,1025,cem,50,92.0,,,pool:heldout-method
ext_rcaux_tworoom,tworoom,tworoom,25,0,2027,cem,50,94.0,,,pool:heldout-method
ext_rcaux_tworoom,tworoom,tworoom,25,0,3014,cem,50,94.0,,,pool:heldout-method
ext_rcaux_tworoom,tworoom,tworoom,25,0,42,cem,50,94.0,,,pool:heldout-method
ext_rcaux_tworoom,tworoom,tworoom,25,0,5501,cem,50,92.0,,,pool:heldout-method
ext_rcaux_tworoom,tworoom,tworoom,25,0,60601,cem,50,94.0,,,pool:heldout-method
ext_rcaux_tworoom,tworoom,tworoom,25,0,65537,cem,50,94.0,,,pool:heldout-method
ext_rcaux_tworoom,tworoom,tworoom,25,0,8191,cem,50,92.0,,,pool:heldout-method
ext_rcaux_tworoom,tworoom,tworoom,25,0,90210,cem,50,96.0,,,pool:heldout-method
sigreg_clsrecon_tworoom_lambd0p09_115448,tworoom,pusht,25,1,42,cem,50,98.0,clsrecon,base,ground_truth
sigreg_clsrecon_tworoom_lambd0p09_115448,tworoom,pusht,25,2,42,cem,50,98.0,clsrecon,base,ground_truth
sigreg_clsrecon_tworoom_lambd0p09_115448,tworoom,pusht,25,3,42,cem,50,96.0,clsrecon,base,ground_truth
sigreg_clsrecon_tworoom_lambd0p09_115448,tworoom,pusht,25,4,42,cem,50,92.0,clsrecon,base,ground_truth
sigreg_clsrecon_tworoom_lambd0p09_115448,tworoom,pusht,25,5,42,cem,50,94.0,clsrecon,base,ground_truth
sigreg_clsrecon_tworoom_lambd0p09_115448,tworoom,pusht,25,6,42,cem,50,92.0,clsrecon,base,ground_truth
sigreg_clsrecon_tworoom_lambd0p09_115448,tworoom,pusht,25,7,42,cem,50,90.0,clsrecon,base,ground_truth
sigreg_clsrecon_tworoom_lambd0p09_115448,tworoom,pusht,25,8,42,cem,50,92.0,clsrecon,base,ground_truth
sigreg_clsrecon_tworoom_lambd0p09_115448,tworoom,pusht,25,9,42,cem,50,92.0,clsrecon,base,ground_truth
sigreg_clsrecon_tworoom_lambd0p09_115448,tworoom,pusht,25,10,42,cem,50,92.0,clsrecon,base,ground_truth
sigreg_clsrecon_w0p3_noregmask_tworoom_lambd0p09_116621,tworoom,pusht,25,1,42,cem,50,98.0,clsrecon,base,ground_truth
sigreg_clsrecon_w0p3_noregmask_tworoom_lambd0p09_116621,tworoom,pusht,25,2,42,cem,50,98.0,clsrecon,base,ground_truth
sigreg_clsrecon_w0p3_noregmask_tworoom_lambd0p09_116621,tworoom,pusht,25,3,42,cem,50,98.0,clsrecon,base,ground_truth
sigreg_clsrecon_w0p3_noregmask_tworoom_lambd0p09_116621,tworoom,pusht,25,4,42,cem,50,96.0,clsrecon,base,ground_truth
sigreg_clsrecon_w0p3_noregmask_tworoom_lambd0p09_116621,tworoom,pusht,25,5,42,cem,50,94.0,clsrecon,base,ground_truth
sigreg_clsrecon_w0p3_noregmask_tworoom_lambd0p09_116621,tworoom,pusht,25,6,42,cem,50,96.0,clsrecon,base,ground_truth
sigreg_clsrecon_w0p3_noregmask_tworoom_lambd0p09_116621,tworoom,pusht,25,7,42,cem,50,92.0,clsrecon,base,ground_truth
sigreg_clsrecon_w0p3_noregmask_tworoom_lambd0p09_116621,tworoom,pusht,25,8,42,cem,50,92.0,clsrecon,base,ground_truth
sigreg_clsrecon_w0p3_noregmask_tworoom_lambd0p09_116621,tworoom,pusht,25,9,42,cem,50,90.0,clsrecon,base,ground_truth
sigreg_clsrecon_w0p3_noregmask_tworoom_lambd0p09_116621,tworoom,pusht,25,10,42,cem,50,90.0,clsrecon,base,ground_truth
sigreg_clsrecon_w0p3_noregmask_tworoom_lambd0p09_seed1_117232,tworoom,pusht,25,1,42,cem,50,96.0,clsrecon,1,ground_truth
sigreg_clsrecon_w0p3_noregmask_tworoom_lambd0p09_seed1_117232,tworoom,pusht,25,2,42,cem,50,98.0,clsrecon,1,ground_truth
sigreg_clsrecon_w0p3_noregmask_tworoom_lambd0p09_seed1_117232,tworoom,tworoom,25,2,2027,cem,50,92.0,,,pool:heldout
sigreg_clsrecon_w0p3_noregmask_tworoom_lambd0p09_seed1_117232,tworoom,tworoom,25,2,65537,cem,50,94.0,,,pool:heldout
sigreg_clsrecon_w0p3_noregmask_tworoom_lambd0p09_seed1_117232,tworoom,tworoom,25,2,8191,cem,50,92.0,,,pool:heldout
sigreg_clsrecon_w0p3_noregmask_tworoom_lambd0p09_seed1_117232,tworoom,pusht,25,3,42,cem,50,96.0,clsrecon,1,ground_truth
sigreg_clsrecon_w0p3_noregmask_tworoom_lambd0p09_seed1_117232,tworoom,pusht,25,4,42,cem,50,98.0,clsrecon,1,ground_truth
sigreg_clsrecon_w0p3_noregmask_tworoom_lambd0p09_seed1_117232,tworoom,pusht,25,5,42,cem,50,94.0,clsrecon,1,ground_truth
sigreg_clsrecon_w0p3_noregmask_tworoom_lambd0p09_seed1_117232,tworoom,pusht,25,6,42,cem,50,92.0,clsrecon,1,ground_truth
sigreg_clsrecon_w0p3_noregmask_tworoom_lambd0p09_seed1_117232,tworoom,pusht,25,7,42,cem,50,92.0,clsrecon,1,ground_truth
sigreg_clsrecon_w0p3_noregmask_tworoom_lambd0p09_seed1_117232,tworoom,pusht,25,8,42,cem,50,92.0,clsrecon,1,ground_truth
sigreg_clsrecon_w0p3_noregmask_tworoom_lambd0p09_seed1_117232,tworoom,pusht,25,9,42,cem,50,90.0,clsrecon,1,ground_truth
sigreg_clsrecon_w0p3_noregmask_tworoom_lambd0p09_seed1_117232,tworoom,pusht,25,10,42,cem,50,92.0,clsrecon,1,ground_truth
sigreg_clsrecon_w0p3_noregmask_tworoom_lambd0p09_seed7_117240,tworoom,pusht,25,1,42,cem,50,96.0,clsrecon,7,ground_truth
sigreg_clsrecon_w0p3_noregmask_tworoom_lambd0p09_seed7_117240,tworoom,pusht,25,2,42,cem,50,96.0,clsrecon,7,ground_truth
sigreg_clsrecon_w0p3_noregmask_tworoom_lambd0p09_seed7_117240,tworoom,pusht,25,3,42,cem,50,96.0,clsrecon,7,ground_truth
sigreg_clsrecon_w0p3_noregmask_tworoom_lambd0p09_seed7_117240,tworoom,pusht,25,4,42,cem,50,96.0,clsrecon,7,ground_truth
sigreg_clsrecon_w0p3_noregmask_tworoom_lambd0p09_seed7_117240,tworoom,pusht,25,5,42,cem,50,94.0,clsrecon,7,ground_truth
sigreg_clsrecon_w0p3_noregmask_tworoom_lambd0p09_seed7_117240,tworoom,pusht,25,6,42,cem,50,94.0,clsrecon,7,ground_truth
sigreg_clsrecon_w0p3_noregmask_tworoom_lambd0p09_seed7_117240,tworoom,pusht,25,7,42,cem,50,94.0,clsrecon,7,ground_truth
sigreg_clsrecon_w0p3_noregmask_tworoom_lambd0p09_seed7_117240,tworoom,pusht,25,8,42,cem,50,92.0,clsrecon,7,ground_truth
sigreg_clsrecon_w0p3_noregmask_tworoom_lambd0p09_seed7_117240,tworoom,pusht,25,9,42,cem,50,94.0,clsrecon,7,ground_truth
sigreg_clsrecon_w0p3_noregmask_tworoom_lambd0p09_seed7_117240,tworoom,pusht,25,10,42,cem,50,94.0,clsrecon,7,ground_truth
sigreg_clsrecon_w0p3_patch_noregmask_tworoom_lambd0p09_117128,tworoom,pusht,25,1,42,cem,50,74.0,clsrecon,base,ground_truth
sigreg_clsrecon_w0p3_patch_noregmask_tworoom_lambd0p09_117128,tworoom,tworoom,25,1,2027,cem,50,82.0,,,pool:heldout
sigreg_clsrecon_w0p3_patch_noregmask_tworoom_lambd0p09_117128,tworoom,tworoom,25,1,65537,cem,50,84.0,,,pool:heldout
sigreg_clsrecon_w0p3_patch_noregmask_tworoom_lambd0p09_117128,tworoom,tworoom,25,1,8191,cem,50,74.0,,,pool:heldout
sigreg_clsrecon_w0p3_patch_noregmask_tworoom_lambd0p09_117128,tworoom,pusht,25,2,42,cem,50,72.0,clsrecon,base,ground_truth
sigreg_clsrecon_w0p3_patch_noregmask_tworoom_lambd0p09_117128,tworoom,pusht,25,3,42,cem,50,66.0,clsrecon,base,ground_truth
sigreg_clsrecon_w0p3_patch_noregmask_tworoom_lambd0p09_117128,tworoom,tworoom,25,3,2027,cem,50,76.0,,,pool:heldout
sigreg_clsrecon_w0p3_patch_noregmask_tworoom_lambd0p09_117128,tworoom,tworoom,25,3,65537,cem,50,84.0,,,pool:heldout
sigreg_clsrecon_w0p3_patch_noregmask_tworoom_lambd0p09_117128,tworoom,tworoom,25,3,8191,cem,50,82.0,,,pool:heldout
sigreg_clsrecon_w0p3_patch_noregmask_tworoom_lambd0p09_117128,tworoom,pusht,25,4,42,cem,50,88.0,clsrecon,base,ground_truth
sigreg_clsrecon_w0p3_patch_noregmask_tworoom_lambd0p09_117128,tworoom,pusht,25,5,42,cem,50,90.0,clsrecon,base,ground_truth
sigreg_clsrecon_w0p3_patch_noregmask_tworoom_lambd0p09_117128,tworoom,pusht,25,6,42,cem,50,90.0,clsrecon,base,ground_truth
sigreg_clsrecon_w0p3_patch_noregmask_tworoom_lambd0p09_117128,tworoom,pusht,25,7,42,cem,50,92.0,clsrecon,base,ground_truth
sigreg_clsrecon_w0p3_patch_noregmask_tworoom_lambd0p09_117128,tworoom,pusht,25,8,42,cem,50,90.0,clsrecon,base,ground_truth
sigreg_clsrecon_w0p3_patch_noregmask_tworoom_lambd0p09_117128,tworoom,pusht,25,9,42,cem,50,92.0,clsrecon,base,ground_truth
sigreg_clsrecon_w0p3_patch_noregmask_tworoom_lambd0p09_117128,tworoom,pusht,25,10,42,cem,50,90.0,clsrecon,base,ground_truth
sigreg_clsrecon_w0p3_patch_noregmask_tworoom_lambd0p09_seed1_117233,tworoom,pusht,25,1,42,cem,50,62.0,clsrecon,1,ground_truth
sigreg_clsrecon_w0p3_patch_noregmask_tworoom_lambd0p09_seed1_117233,tworoom,tworoom,25,1,2027,cem,50,58.0,,,pool:heldout
sigreg_clsrecon_w0p3_patch_noregmask_tworoom_lambd0p09_seed1_117233,tworoom,tworoom,25,1,65537,cem,50,56.0,,,pool:heldout
sigreg_clsrecon_w0p3_patch_noregmask_tworoom_lambd0p09_seed1_117233,tworoom,tworoom,25,1,8191,cem,50,58.0,,,pool:heldout
sigreg_clsrecon_w0p3_patch_noregmask_tworoom_lambd0p09_seed1_117233,tworoom,pusht,25,2,42,cem,50,74.0,clsrecon,1,ground_truth
sigreg_clsrecon_w0p3_patch_noregmask_tworoom_lambd0p09_seed1_117233,tworoom,pusht,25,3,42,cem,50,74.0,clsrecon,1,ground_truth
sigreg_clsrecon_w0p3_patch_noregmask_tworoom_lambd0p09_seed1_117233,tworoom,pusht,25,4,42,cem,50,84.0,clsrecon,1,ground_truth
sigreg_clsrecon_w0p3_patch_noregmask_tworoom_lambd0p09_seed1_117233,tworoom,tworoom,25,4,2027,cem,50,86.0,,,pool:heldout
sigreg_clsrecon_w0p3_patch_noregmask_tworoom_lambd0p09_seed1_117233,tworoom,tworoom,25,4,65537,cem,50,88.0,,,pool:heldout
sigreg_clsrecon_w0p3_patch_noregmask_tworoom_lambd0p09_seed1_117233,tworoom,tworoom,25,4,8191,cem,50,86.0,,,pool:heldout
sigreg_clsrecon_w0p3_patch_noregmask_tworoom_lambd0p09_seed1_117233,tworoom,pusht,25,5,42,cem,50,86.0,clsrecon,1,ground_truth
sigreg_clsrecon_w0p3_patch_noregmask_tworoom_lambd0p09_seed1_117233,tworoom,pusht,25,6,42,cem,50,88.0,clsrecon,1,ground_truth
sigreg_clsrecon_w0p3_patch_noregmask_tworoom_lambd0p09_seed1_117233,tworoom,pusht,25,7,42,cem,50,86.0,clsrecon,1,ground_truth
sigreg_clsrecon_w0p3_patch_noregmask_tworoom_lambd0p09_seed1_117233,tworoom,tworoom,25,7,2027,cem,50,86.0,,,pool:heldout
sigreg_clsrecon_w0p3_patch_noregmask_tworoom_lambd0p09_seed1_117233,tworoom,tworoom,25,7,65537,cem,50,90.0,,,pool:heldout
sigreg_clsrecon_w0p3_patch_noregmask_tworoom_lambd0p09_seed1_117233,tworoom,tworoom,25,7,8191,cem,50,86.0,,,pool:heldout
sigreg_clsrecon_w0p3_patch_noregmask_tworoom_lambd0p09_seed1_117233,tworoom,pusht,25,8,42,cem,50,90.0,clsrecon,1,ground_truth
sigreg_clsrecon_w0p3_patch_noregmask_tworoom_lambd0p09_seed1_117233,tworoom,pusht,25,9,42,cem,50,92.0,clsrecon,1,ground_truth
sigreg_clsrecon_w0p3_patch_noregmask_tworoom_lambd0p09_seed1_117233,tworoom,pusht,25,10,42,cem,50,92.0,clsrecon,1,ground_truth
sigreg_clsrecon_w0p3_patch_noregmask_tworoom_lambd0p09_seed7_117241,tworoom,pusht,25,1,42,cem,50,76.0,clsrecon,7,ground_truth
sigreg_clsrecon_w0p3_patch_noregmask_tworoom_lambd0p09_seed7_117241,tworoom,pusht,25,2,42,cem,50,70.0,clsrecon,7,ground_truth
sigreg_clsrecon_w0p3_patch_noregmask_tworoom_lambd0p09_seed7_117241,tworoom,pusht,25,3,42,cem,50,57.99999999999999,clsrecon,7,ground_truth
sigreg_clsrecon_w0p3_patch_noregmask_tworoom_lambd0p09_seed7_117241,tworoom,pusht,25,4,42,cem,50,64.0,clsrecon,7,ground_truth
sigreg_clsrecon_w0p3_patch_noregmask_tworoom_lambd0p09_seed7_117241,tworoom,pusht,25,5,42,cem,50,60.0,clsrecon,7,ground_truth
sigreg_clsrecon_w0p3_patch_noregmask_tworoom_lambd0p09_seed7_117241,tworoom,pusht,25,6,42,cem,50,62.0,clsrecon,7,ground_truth
sigreg_clsrecon_w0p3_patch_noregmask_tworoom_lambd0p09_seed7_117241,tworoom,pusht,25,7,42,cem,50,62.0,clsrecon,7,ground_truth
sigreg_clsrecon_w0p3_patch_noregmask_tworoom_lambd0p09_seed7_117241,tworoom,pusht,25,8,42,cem,50,70.0,clsrecon,7,ground_truth
sigreg_clsrecon_w0p3_patch_noregmask_tworoom_lambd0p09_seed7_117241,tworoom,tworoom,25,8,2027,cem,50,54.0,,,pool:heldout
sigreg_clsrecon_w0p3_patch_noregmask_tworoom_lambd0p09_seed7_117241,tworoom,tworoom,25,8,65537,cem,50,64.0,,,pool:heldout
sigreg_clsrecon_w0p3_patch_noregmask_tworoom_lambd0p09_seed7_117241,tworoom,tworoom,25,8,8191,cem,50,72.0,,,pool:heldout
sigreg_clsrecon_w0p3_patch_noregmask_tworoom_lambd0p09_seed7_117241,tworoom,pusht,25,9,42,cem,50,70.0,clsrecon,7,ground_truth
sigreg_clsrecon_w0p3_patch_noregmask_tworoom_lambd0p09_seed7_117241,tworoom,pusht,25,10,42,cem,50,72.0,clsrecon,7,ground_truth
sigreg_clsrecon_w0p3_patch_tworoom_lambd0p09_116988,tworoom,pusht,25,1,42,cem,50,34.0,clsrecon,base,ground_truth
sigreg_clsrecon_w0p3_patch_tworoom_lambd0p09_116988,tworoom,tworoom,25,1,2027,cem,50,30.0,,,pool:heldout
sigreg_clsrecon_w0p3_patch_tworoom_lambd0p09_116988,tworoom,tworoom,25,1,65537,cem,50,40.0,,,pool:heldout
sigreg_clsrecon_w0p3_patch_tworoom_lambd0p09_116988,tworoom,tworoom,25,1,8191,cem,50,32.0,,,pool:heldout
sigreg_clsrecon_w0p3_patch_tworoom_lambd0p09_116988,tworoom,pusht,25,2,42,cem,50,42.0,clsrecon,base,ground_truth
sigreg_clsrecon_w0p3_patch_tworoom_lambd0p09_116988,tworoom,tworoom,25,2,2027,cem,50,30.0,,,pool:heldout
sigreg_clsrecon_w0p3_patch_tworoom_lambd0p09_116988,tworoom,tworoom,25,2,65537,cem,50,36.0,,,pool:heldout
sigreg_clsrecon_w0p3_patch_tworoom_lambd0p09_116988,tworoom,tworoom,25,2,8191,cem,50,40.0,,,pool:heldout
sigreg_clsrecon_w0p3_patch_tworoom_lambd0p09_116988,tworoom,pusht,25,3,42,cem,50,56.00000000000001,clsrecon,base,ground_truth
sigreg_clsrecon_w0p3_patch_tworoom_lambd0p09_116988,tworoom,pusht,25,4,42,cem,50,64.0,clsrecon,base,ground_truth
sigreg_clsrecon_w0p3_patch_tworoom_lambd0p09_116988,tworoom,pusht,25,5,42,cem,50,66.0,clsrecon,base,ground_truth
sigreg_clsrecon_w0p3_patch_tworoom_lambd0p09_116988,tworoom,pusht,25,6,42,cem,50,68.0,clsrecon,base,ground_truth
sigreg_clsrecon_w0p3_patch_tworoom_lambd0p09_116988,tworoom,pusht,25,7,42,cem,50,78.0,clsrecon,base,ground_truth
sigreg_clsrecon_w0p3_patch_tworoom_lambd0p09_116988,tworoom,pusht,25,8,42,cem,50,84.0,clsrecon,base,ground_truth
sigreg_clsrecon_w0p3_patch_tworoom_lambd0p09_116988,tworoom,pusht,25,9,42,cem,50,90.0,clsrecon,base,ground_truth
sigreg_clsrecon_w0p3_patch_tworoom_lambd0p09_116988,tworoom,pusht,25,10,42,cem,50,90.0,clsrecon,base,ground_truth
sigreg_clsrecon_w0p3_tworoom_lambd0p09_116569,tworoom,pusht,25,1,42,cem,50,56.00000000000001,clsrecon,base,ground_truth
sigreg_clsrecon_w0p3_tworoom_lambd0p09_116569,tworoom,tworoom,25,1,2027,cem,50,40.0,,,pool:heldout
sigreg_clsrecon_w0p3_tworoom_lambd0p09_116569,tworoom,tworoom,25,1,65537,cem,50,56.0,,,pool:heldout
sigreg_clsrecon_w0p3_tworoom_lambd0p09_116569,tworoom,tworoom,25,1,8191,cem,50,60.0,,,pool:heldout
sigreg_clsrecon_w0p3_tworoom_lambd0p09_116569,tworoom,pusht,25,2,42,cem,50,46.0,clsrecon,base,ground_truth
sigreg_clsrecon_w0p3_tworoom_lambd0p09_116569,tworoom,pusht,25,3,42,cem,50,46.0,clsrecon,base,ground_truth
sigreg_clsrecon_w0p3_tworoom_lambd0p09_116569,tworoom,pusht,25,4,42,cem,50,38.0,clsrecon,base,ground_truth
sigreg_clsrecon_w0p3_tworoom_lambd0p09_116569,tworoom,pusht,25,5,42,cem,50,34.0,clsrecon,base,ground_truth
sigreg_clsrecon_w0p3_tworoom_lambd0p09_116569,tworoom,tworoom,25,5,2027,cem,50,36.0,,,pool:heldout
sigreg_clsrecon_w0p3_tworoom_lambd0p09_116569,tworoom,tworoom,25,5,65537,cem,50,44.0,,,pool:heldout
sigreg_clsrecon_w0p3_tworoom_lambd0p09_116569,tworoom,tworoom,25,5,8191,cem,50,36.0,,,pool:heldout
sigreg_clsrecon_w0p3_tworoom_lambd0p09_116569,tworoom,pusht,25,6,42,cem,50,30.0,clsrecon,base,ground_truth
sigreg_clsrecon_w0p3_tworoom_lambd0p09_116569,tworoom,tworoom,25,6,2027,cem,50,32.0,,,pool:heldout
sigreg_clsrecon_w0p3_tworoom_lambd0p09_116569,tworoom,tworoom,25,6,65537,cem,50,48.0,,,pool:heldout
sigreg_clsrecon_w0p3_tworoom_lambd0p09_116569,tworoom,tworoom,25,6,8191,cem,50,36.0,,,pool:heldout
sigreg_clsrecon_w0p3_tworoom_lambd0p09_116569,tworoom,pusht,25,7,42,cem,50,34.0,clsrecon,base,ground_truth
sigreg_clsrecon_w0p3_tworoom_lambd0p09_116569,tworoom,tworoom,25,7,2027,cem,50,32.0,,,pool:heldout
sigreg_clsrecon_w0p3_tworoom_lambd0p09_116569,tworoom,tworoom,25,7,65537,cem,50,44.0,,,pool:heldout
sigreg_clsrecon_w0p3_tworoom_lambd0p09_116569,tworoom,tworoom,25,7,8191,cem,50,34.0,,,pool:heldout
sigreg_clsrecon_w0p3_tworoom_lambd0p09_116569,tworoom,pusht,25,8,42,cem,50,38.0,clsrecon,base,ground_truth
sigreg_clsrecon_w0p3_tworoom_lambd0p09_116569,tworoom,pusht,25,9,42,cem,50,40.0,clsrecon,base,ground_truth
sigreg_clsrecon_w0p3_tworoom_lambd0p09_116569,tworoom,pusht,25,10,42,cem,50,46.0,clsrecon,base,ground_truth
visreg_tworoom_lambd4p5_bs256_h1_lr1e-4_seed403_185698,tworoom,pusht,25,1,42,cem,50,60.0,vis-bs256,403,ground_truth
visreg_tworoom_lambd4p5_bs256_h1_lr1e-4_seed403_185698,tworoom,tworoom,25,1,2027,cem,50,68.0,,,pool:heldout
visreg_tworoom_lambd4p5_bs256_h1_lr1e-4_seed403_185698,tworoom,tworoom,25,1,5501,cem,50,62.0,,,pool:heldout
visreg_tworoom_lambd4p5_bs256_h1_lr1e-4_seed403_185698,tworoom,tworoom,25,1,60601,cem,50,64.0,,,pool:heldout
visreg_tworoom_lambd4p5_bs256_h1_lr1e-4_seed403_185698,tworoom,tworoom,25,1,65537,cem,50,66.0,,,pool:heldout
visreg_tworoom_lambd4p5_bs256_h1_lr1e-4_seed403_185698,tworoom,tworoom,25,1,8191,cem,50,60.0,,,pool:heldout
visreg_tworoom_lambd4p5_bs256_h1_lr1e-4_seed403_185698,tworoom,tworoom,25,1,90210,cem,50,52.0,,,pool:heldout
visreg_tworoom_lambd4p5_bs256_h1_lr1e-4_seed403_185698,tworoom,pusht,25,2,42,cem,50,34.0,vis-bs256,403,ground_truth
visreg_tworoom_lambd4p5_bs256_h1_lr1e-4_seed403_185698,tworoom,tworoom,25,2,2027,cem,50,36.0,,,pool:heldout
visreg_tworoom_lambd4p5_bs256_h1_lr1e-4_seed403_185698,tworoom,tworoom,25,2,5501,cem,50,38.0,,,pool:heldout
visreg_tworoom_lambd4p5_bs256_h1_lr1e-4_seed403_185698,tworoom,tworoom,25,2,60601,cem,50,40.0,,,pool:heldout
visreg_tworoom_lambd4p5_bs256_h1_lr1e-4_seed403_185698,tworoom,tworoom,25,2,65537,cem,50,34.0,,,pool:heldout
visreg_tworoom_lambd4p5_bs256_h1_lr1e-4_seed403_185698,tworoom,tworoom,25,2,8191,cem,50,40.0,,,pool:heldout
visreg_tworoom_lambd4p5_bs256_h1_lr1e-4_seed403_185698,tworoom,tworoom,25,2,90210,cem,50,22.0,,,pool:heldout
visreg_tworoom_lambd4p5_bs256_h1_lr1e-4_seed403_185698,tworoom,pusht,25,3,42,cem,50,88.0,vis-bs256,403,ground_truth
visreg_tworoom_lambd4p5_bs256_h1_lr1e-4_seed403_185698,tworoom,pusht,25,4,42,cem,50,90.0,vis-bs256,403,ground_truth
visreg_tworoom_lambd4p5_bs256_h1_lr1e-4_seed403_185698,tworoom,pusht,25,5,42,cem,50,82.0,vis-bs256,403,ground_truth
visreg_tworoom_lambd4p5_bs256_h1_lr1e-4_seed403_185698,tworoom,pusht,25,6,42,cem,50,92.0,vis-bs256,403,ground_truth
visreg_tworoom_lambd4p5_bs256_h1_lr1e-4_seed403_185698,tworoom,pusht,25,7,42,cem,50,94.0,vis-bs256,403,ground_truth
visreg_tworoom_lambd4p5_bs256_h1_lr1e-4_seed403_185698,tworoom,pusht,25,8,42,cem,50,94.0,vis-bs256,403,ground_truth
visreg_tworoom_lambd4p5_bs256_h1_lr1e-4_seed403_185698,tworoom,pusht,25,9,42,cem,50,96.0,vis-bs256,403,ground_truth
visreg_tworoom_lambd4p5_bs256_h1_lr1e-4_seed403_185698,tworoom,pusht,25,10,1025,cem,50,88.0,vis-bs256,403,ground_truth
visreg_tworoom_lambd4p5_bs256_h1_lr1e-4_seed403_185698,tworoom,pusht,25,10,3014,cem,50,96.0,vis-bs256,403,ground_truth
visreg_tworoom_lambd4p5_bs256_h1_lr1e-4_seed403_185698,tworoom,pusht,25,10,42,cem,50,96.0,vis-bs256,403,ground_truth
visreg_tworoom_lambd4p5_bs256_h1_lr1e-4_seed403_185698,tworoom,pusht,25,10,5976,cem,50,90.0,vis-bs256,403,ground_truth
visreg_tworoom_lambd4p5_bs256_h1_lr1e-4_seed403_185698,tworoom,pusht,50,10,1025,cem,50,82.0,vis-bs256,403,ground_truth
visreg_tworoom_lambd4p5_bs256_h1_lr1e-4_seed403_185698,tworoom,pusht,50,10,3014,cem,50,80.0,vis-bs256,403,ground_truth
visreg_tworoom_lambd4p5_bs256_h1_lr1e-4_seed403_185698,tworoom,pusht,50,10,5976,cem,50,68.0,vis-bs256,403,ground_truth
visreg_tworoom_lambd4p5_bs256_h1_lr1e-4_seed403_185698,tworoom,pusht,75,10,1025,cem,50,62.0,vis-bs256,403,ground_truth
visreg_tworoom_lambd4p5_bs256_h1_lr1e-4_seed403_185698,tworoom,pusht,75,10,3014,cem,50,50.0,vis-bs256,403,ground_truth
visreg_tworoom_lambd4p5_bs256_h1_lr1e-4_seed403_185698,tworoom,pusht,75,10,5976,cem,50,52.0,vis-bs256,403,ground_truth
visreg_tworoom_lambd4p5_bs256_h1_lr1e-4_seed46_185699,tworoom,pusht,25,1,42,cem,50,44.0,vis-bs256,46,ground_truth
visreg_tworoom_lambd4p5_bs256_h1_lr1e-4_seed46_185699,tworoom,pusht,25,2,42,cem,50,72.0,vis-bs256,46,ground_truth
visreg_tworoom_lambd4p5_bs256_h1_lr1e-4_seed46_185699,tworoom,pusht,25,3,42,cem,50,72.0,vis-bs256,46,ground_truth
visreg_tworoom_lambd4p5_bs256_h1_lr1e-4_seed46_185699,tworoom,pusht,25,4,42,cem,50,92.0,vis-bs256,46,ground_truth
visreg_tworoom_lambd4p5_bs256_h1_lr1e-4_seed46_185699,tworoom,pusht,25,5,42,cem,50,86.0,vis-bs256,46,ground_truth
visreg_tworoom_lambd4p5_bs256_h1_lr1e-4_seed46_185699,tworoom,pusht,25,6,42,cem,50,90.0,vis-bs256,46,ground_truth
visreg_tworoom_lambd4p5_bs256_h1_lr1e-4_seed46_185699,tworoom,pusht,25,7,42,cem,50,92.0,vis-bs256,46,ground_truth
visreg_tworoom_lambd4p5_bs256_h1_lr1e-4_seed46_185699,tworoom,tworoom,25,7,2027,cem,50,92.0,,,pool:heldout
visreg_tworoom_lambd4p5_bs256_h1_lr1e-4_seed46_185699,tworoom,tworoom,25,7,5501,cem,50,90.0,,,pool:heldout
visreg_tworoom_lambd4p5_bs256_h1_lr1e-4_seed46_185699,tworoom,tworoom,25,7,60601,cem,50,96.0,,,pool:heldout
visreg_tworoom_lambd4p5_bs256_h1_lr1e-4_seed46_185699,tworoom,tworoom,25,7,65537,cem,50,94.0,,,pool:heldout
visreg_tworoom_lambd4p5_bs256_h1_lr1e-4_seed46_185699,tworoom,tworoom,25,7,8191,cem,50,90.0,,,pool:heldout
visreg_tworoom_lambd4p5_bs256_h1_lr1e-4_seed46_185699,tworoom,tworoom,25,7,90210,cem,50,86.0,,,pool:heldout
visreg_tworoom_lambd4p5_bs256_h1_lr1e-4_seed46_185699,tworoom,pusht,25,8,42,cem,50,90.0,vis-bs256,46,ground_truth
visreg_tworoom_lambd4p5_bs256_h1_lr1e-4_seed46_185699,tworoom,pusht,25,9,1025,cem,50,92.0,vis-bs256,46,ground_truth
visreg_tworoom_lambd4p5_bs256_h1_lr1e-4_seed46_185699,tworoom,pusht,25,9,3014,cem,50,96.0,vis-bs256,46,ground_truth
visreg_tworoom_lambd4p5_bs256_h1_lr1e-4_seed46_185699,tworoom,pusht,25,9,42,cem,50,94.0,vis-bs256,46,ground_truth
visreg_tworoom_lambd4p5_bs256_h1_lr1e-4_seed46_185699,tworoom,pusht,25,9,5976,cem,50,94.0,vis-bs256,46,ground_truth
visreg_tworoom_lambd4p5_bs256_h1_lr1e-4_seed46_185699,tworoom,pusht,50,9,1025,cem,50,78.0,vis-bs256,46,ground_truth
visreg_tworoom_lambd4p5_bs256_h1_lr1e-4_seed46_185699,tworoom,pusht,50,9,3014,cem,50,68.0,vis-bs256,46,ground_truth
visreg_tworoom_lambd4p5_bs256_h1_lr1e-4_seed46_185699,tworoom,pusht,50,9,5976,cem,50,64.0,vis-bs256,46,ground_truth
visreg_tworoom_lambd4p5_bs256_h1_lr1e-4_seed46_185699,tworoom,pusht,75,9,1025,cem,50,44.0,vis-bs256,46,ground_truth
visreg_tworoom_lambd4p5_bs256_h1_lr1e-4_seed46_185699,tworoom,pusht,75,9,3014,cem,50,42.0,vis-bs256,46,ground_truth
visreg_tworoom_lambd4p5_bs256_h1_lr1e-4_seed46_185699,tworoom,pusht,75,9,5976,cem,50,48.0,vis-bs256,46,ground_truth
visreg_tworoom_lambd4p5_bs256_h1_lr1e-4_seed46_185699,tworoom,pusht,25,10,42,cem,50,92.0,vis-bs256,46,ground_truth
visreg_tworoom_lambd4p5_bs256_h1_lr1e-4_seed729_185697,tworoom,pusht,25,1,42,cem,50,28.000000000000004,vis-bs256,729,ground_truth
visreg_tworoom_lambd4p5_bs256_h1_lr1e-4_seed729_185697,tworoom,pusht,25,2,42,cem,50,64.0,vis-bs256,729,ground_truth
visreg_tworoom_lambd4p5_bs256_h1_lr1e-4_seed729_185697,tworoom,tworoom,25,2,2027,cem,50,66.0,,,pool:heldout
visreg_tworoom_lambd4p5_bs256_h1_lr1e-4_seed729_185697,tworoom,tworoom,25,2,5501,cem,50,70.0,,,pool:heldout
visreg_tworoom_lambd4p5_bs256_h1_lr1e-4_seed729_185697,tworoom,tworoom,25,2,60601,cem,50,70.0,,,pool:heldout
visreg_tworoom_lambd4p5_bs256_h1_lr1e-4_seed729_185697,tworoom,tworoom,25,2,65537,cem,50,68.0,,,pool:heldout
visreg_tworoom_lambd4p5_bs256_h1_lr1e-4_seed729_185697,tworoom,tworoom,25,2,8191,cem,50,68.0,,,pool:heldout
visreg_tworoom_lambd4p5_bs256_h1_lr1e-4_seed729_185697,tworoom,tworoom,25,2,90210,cem,50,64.0,,,pool:heldout
visreg_tworoom_lambd4p5_bs256_h1_lr1e-4_seed729_185697,tworoom,pusht,25,3,42,cem,50,74.0,vis-bs256,729,ground_truth
visreg_tworoom_lambd4p5_bs256_h1_lr1e-4_seed729_185697,tworoom,pusht,25,4,42,cem,50,86.0,vis-bs256,729,ground_truth
visreg_tworoom_lambd4p5_bs256_h1_lr1e-4_seed729_185697,tworoom,pusht,25,5,42,cem,50,82.0,vis-bs256,729,ground_truth
visreg_tworoom_lambd4p5_bs256_h1_lr1e-4_seed729_185697,tworoom,pusht,25,6,42,cem,50,86.0,vis-bs256,729,ground_truth
visreg_tworoom_lambd4p5_bs256_h1_lr1e-4_seed729_185697,tworoom,pusht,25,7,42,cem,50,90.0,vis-bs256,729,ground_truth
visreg_tworoom_lambd4p5_bs256_h1_lr1e-4_seed729_185697,tworoom,pusht,25,8,42,cem,50,92.0,vis-bs256,729,ground_truth
visreg_tworoom_lambd4p5_bs256_h1_lr1e-4_seed729_185697,tworoom,pusht,25,9,42,cem,50,94.0,vis-bs256,729,ground_truth
visreg_tworoom_lambd4p5_bs256_h1_lr1e-4_seed729_185697,tworoom,pusht,25,10,1025,cem,50,94.0,vis-bs256,729,ground_truth
visreg_tworoom_lambd4p5_bs256_h1_lr1e-4_seed729_185697,tworoom,pusht,25,10,3014,cem,50,98.0,vis-bs256,729,ground_truth
visreg_tworoom_lambd4p5_bs256_h1_lr1e-4_seed729_185697,tworoom,pusht,25,10,42,cem,50,94.0,vis-bs256,729,ground_truth
visreg_tworoom_lambd4p5_bs256_h1_lr1e-4_seed729_185697,tworoom,pusht,25,10,5976,cem,50,92.0,vis-bs256,729,ground_truth
visreg_tworoom_lambd4p5_bs256_h1_lr1e-4_seed729_185697,tworoom,pusht,50,10,1025,cem,50,76.0,vis-bs256,729,ground_truth
visreg_tworoom_lambd4p5_bs256_h1_lr1e-4_seed729_185697,tworoom,pusht,50,10,3014,cem,50,74.0,vis-bs256,729,ground_truth
visreg_tworoom_lambd4p5_bs256_h1_lr1e-4_seed729_185697,tworoom,pusht,50,10,5976,cem,50,68.0,vis-bs256,729,ground_truth
visreg_tworoom_lambd4p5_bs256_h1_lr1e-4_seed729_185697,tworoom,pusht,75,10,1025,cem,50,62.0,vis-bs256,729,ground_truth
visreg_tworoom_lambd4p5_bs256_h1_lr1e-4_seed729_185697,tworoom,pusht,75,10,3014,cem,50,30.0,vis-bs256,729,ground_truth
visreg_tworoom_lambd4p5_bs256_h1_lr1e-4_seed729_185697,tworoom,pusht,75,10,5976,cem,50,38.0,vis-bs256,729,ground_truth
visreg_tworoom_lambd4p5_bs512_h1_lr1e-4_seed403_185701,tworoom,pusht,25,1,42,cem,50,66.0,vis-bs512,403,ground_truth
visreg_tworoom_lambd4p5_bs512_h1_lr1e-4_seed403_185701,tworoom,pusht,25,2,42,cem,50,82.0,vis-bs512,403,ground_truth
visreg_tworoom_lambd4p5_bs512_h1_lr1e-4_seed403_185701,tworoom,pusht,25,3,42,cem,50,80.0,vis-bs512,403,ground_truth
visreg_tworoom_lambd4p5_bs512_h1_lr1e-4_seed403_185701,tworoom,pusht,25,4,42,cem,50,88.0,vis-bs512,403,ground_truth
visreg_tworoom_lambd4p5_bs512_h1_lr1e-4_seed403_185701,tworoom,pusht,25,5,42,cem,50,86.0,vis-bs512,403,ground_truth
visreg_tworoom_lambd4p5_bs512_h1_lr1e-4_seed403_185701,tworoom,pusht,25,6,42,cem,50,76.0,vis-bs512,403,ground_truth
visreg_tworoom_lambd4p5_bs512_h1_lr1e-4_seed403_185701,tworoom,pusht,25,7,1025,cem,50,84.0,vis-bs512,403,ground_truth
visreg_tworoom_lambd4p5_bs512_h1_lr1e-4_seed403_185701,tworoom,pusht,25,7,3014,cem,50,88.0,vis-bs512,403,ground_truth
visreg_tworoom_lambd4p5_bs512_h1_lr1e-4_seed403_185701,tworoom,pusht,25,7,42,cem,50,92.0,vis-bs512,403,ground_truth
visreg_tworoom_lambd4p5_bs512_h1_lr1e-4_seed403_185701,tworoom,pusht,25,7,5976,cem,50,84.0,vis-bs512,403,ground_truth
visreg_tworoom_lambd4p5_bs512_h1_lr1e-4_seed403_185701,tworoom,pusht,50,7,1025,cem,50,72.0,vis-bs512,403,ground_truth
visreg_tworoom_lambd4p5_bs512_h1_lr1e-4_seed403_185701,tworoom,pusht,50,7,3014,cem,50,78.0,vis-bs512,403,ground_truth
visreg_tworoom_lambd4p5_bs512_h1_lr1e-4_seed403_185701,tworoom,pusht,50,7,5976,cem,50,58.0,vis-bs512,403,ground_truth
visreg_tworoom_lambd4p5_bs512_h1_lr1e-4_seed403_185701,tworoom,pusht,75,7,1025,cem,50,46.0,vis-bs512,403,ground_truth
visreg_tworoom_lambd4p5_bs512_h1_lr1e-4_seed403_185701,tworoom,pusht,75,7,3014,cem,50,38.0,vis-bs512,403,ground_truth
visreg_tworoom_lambd4p5_bs512_h1_lr1e-4_seed403_185701,tworoom,pusht,75,7,5976,cem,50,44.0,vis-bs512,403,ground_truth
visreg_tworoom_lambd4p5_bs512_h1_lr1e-4_seed403_185701,tworoom,pusht,25,8,42,cem,50,88.0,vis-bs512,403,ground_truth
visreg_tworoom_lambd4p5_bs512_h1_lr1e-4_seed403_185701,tworoom,pusht,25,9,42,cem,50,90.0,vis-bs512,403,ground_truth
visreg_tworoom_lambd4p5_bs512_h1_lr1e-4_seed403_185701,tworoom,tworoom,25,9,2027,cem,50,90.0,,,pool:heldout
visreg_tworoom_lambd4p5_bs512_h1_lr1e-4_seed403_185701,tworoom,tworoom,25,9,5501,cem,50,98.0,,,pool:heldout
visreg_tworoom_lambd4p5_bs512_h1_lr1e-4_seed403_185701,tworoom,tworoom,25,9,60601,cem,50,90.0,,,pool:heldout
visreg_tworoom_lambd4p5_bs512_h1_lr1e-4_seed403_185701,tworoom,tworoom,25,9,65537,cem,50,90.0,,,pool:heldout
visreg_tworoom_lambd4p5_bs512_h1_lr1e-4_seed403_185701,tworoom,tworoom,25,9,8191,cem,50,90.0,,,pool:heldout
visreg_tworoom_lambd4p5_bs512_h1_lr1e-4_seed403_185701,tworoom,tworoom,25,9,90210,cem,50,88.0,,,pool:heldout
visreg_tworoom_lambd4p5_bs512_h1_lr1e-4_seed403_185701,tworoom,pusht,25,10,42,cem,50,88.0,vis-bs512,403,ground_truth
visreg_tworoom_lambd4p5_bs512_h1_lr1e-4_seed46_185702,tworoom,pusht,25,1,42,cem,50,46.0,vis-bs512,46,ground_truth
visreg_tworoom_lambd4p5_bs512_h1_lr1e-4_seed46_185702,tworoom,tworoom,25,1,2027,cem,50,48.0,,,pool:heldout
visreg_tworoom_lambd4p5_bs512_h1_lr1e-4_seed46_185702,tworoom,tworoom,25,1,5501,cem,50,38.0,,,pool:heldout
visreg_tworoom_lambd4p5_bs512_h1_lr1e-4_seed46_185702,tworoom,tworoom,25,1,60601,cem,50,50.0,,,pool:heldout
visreg_tworoom_lambd4p5_bs512_h1_lr1e-4_seed46_185702,tworoom,tworoom,25,1,65537,cem,50,50.0,,,pool:heldout
visreg_tworoom_lambd4p5_bs512_h1_lr1e-4_seed46_185702,tworoom,tworoom,25,1,8191,cem,50,44.0,,,pool:heldout
visreg_tworoom_lambd4p5_bs512_h1_lr1e-4_seed46_185702,tworoom,tworoom,25,1,90210,cem,50,42.0,,,pool:heldout
visreg_tworoom_lambd4p5_bs512_h1_lr1e-4_seed46_185702,tworoom,pusht,25,2,42,cem,50,82.0,vis-bs512,46,ground_truth
visreg_tworoom_lambd4p5_bs512_h1_lr1e-4_seed46_185702,tworoom,pusht,25,3,42,cem,50,86.0,vis-bs512,46,ground_truth
visreg_tworoom_lambd4p5_bs512_h1_lr1e-4_seed46_185702,tworoom,pusht,25,4,42,cem,50,78.0,vis-bs512,46,ground_truth
visreg_tworoom_lambd4p5_bs512_h1_lr1e-4_seed46_185702,tworoom,pusht,25,5,42,cem,50,84.0,vis-bs512,46,ground_truth
visreg_tworoom_lambd4p5_bs512_h1_lr1e-4_seed46_185702,tworoom,pusht,25,6,42,cem,50,90.0,vis-bs512,46,ground_truth
visreg_tworoom_lambd4p5_bs512_h1_lr1e-4_seed46_185702,tworoom,pusht,25,7,42,cem,50,86.0,vis-bs512,46,ground_truth
visreg_tworoom_lambd4p5_bs512_h1_lr1e-4_seed46_185702,tworoom,pusht,25,8,42,cem,50,88.0,vis-bs512,46,ground_truth
visreg_tworoom_lambd4p5_bs512_h1_lr1e-4_seed46_185702,tworoom,pusht,25,9,1025,cem,50,84.0,vis-bs512,46,ground_truth
visreg_tworoom_lambd4p5_bs512_h1_lr1e-4_seed46_185702,tworoom,pusht,25,9,3014,cem,50,90.0,vis-bs512,46,ground_truth
visreg_tworoom_lambd4p5_bs512_h1_lr1e-4_seed46_185702,tworoom,pusht,25,9,42,cem,50,90.0,vis-bs512,46,ground_truth
visreg_tworoom_lambd4p5_bs512_h1_lr1e-4_seed46_185702,tworoom,pusht,25,9,5976,cem,50,86.0,vis-bs512,46,ground_truth
visreg_tworoom_lambd4p5_bs512_h1_lr1e-4_seed46_185702,tworoom,pusht,50,9,1025,cem,50,76.0,vis-bs512,46,ground_truth
visreg_tworoom_lambd4p5_bs512_h1_lr1e-4_seed46_185702,tworoom,pusht,50,9,3014,cem,50,74.0,vis-bs512,46,ground_truth
visreg_tworoom_lambd4p5_bs512_h1_lr1e-4_seed46_185702,tworoom,pusht,50,9,5976,cem,50,60.0,vis-bs512,46,ground_truth
visreg_tworoom_lambd4p5_bs512_h1_lr1e-4_seed46_185702,tworoom,pusht,75,9,1025,cem,50,58.0,vis-bs512,46,ground_truth
visreg_tworoom_lambd4p5_bs512_h1_lr1e-4_seed46_185702,tworoom,pusht,75,9,3014,cem,50,36.0,vis-bs512,46,ground_truth
visreg_tworoom_lambd4p5_bs512_h1_lr1e-4_seed46_185702,tworoom,pusht,75,9,5976,cem,50,46.0,vis-bs512,46,ground_truth
visreg_tworoom_lambd4p5_bs512_h1_lr1e-4_seed46_185702,tworoom,pusht,25,10,42,cem,50,88.0,vis-bs512,46,ground_truth
visreg_tworoom_lambd4p5_bs512_h1_lr1e-4_seed46_185702,tworoom,tworoom,25,10,2027,cem,50,90.0,,,pool:heldout
visreg_tworoom_lambd4p5_bs512_h1_lr1e-4_seed46_185702,tworoom,tworoom,25,10,5501,cem,50,88.0,,,pool:heldout
visreg_tworoom_lambd4p5_bs512_h1_lr1e-4_seed46_185702,tworoom,tworoom,25,10,60601,cem,50,88.0,,,pool:heldout
visreg_tworoom_lambd4p5_bs512_h1_lr1e-4_seed46_185702,tworoom,tworoom,25,10,65537,cem,50,86.0,,,pool:heldout
visreg_tworoom_lambd4p5_bs512_h1_lr1e-4_seed46_185702,tworoom,tworoom,25,10,8191,cem,50,86.0,,,pool:heldout
visreg_tworoom_lambd4p5_bs512_h1_lr1e-4_seed46_185702,tworoom,tworoom,25,10,90210,cem,50,78.0,,,pool:heldout
visreg_tworoom_lambd4p5_bs512_h1_lr1e-4_seed729_185700,tworoom,pusht,25,1,42,cem,50,68.0,vis-bs512,729,ground_truth
visreg_tworoom_lambd4p5_bs512_h1_lr1e-4_seed729_185700,tworoom,tworoom,25,1,2027,cem,50,58.0,,,pool:heldout
visreg_tworoom_lambd4p5_bs512_h1_lr1e-4_seed729_185700,tworoom,tworoom,25,1,5501,cem,50,68.0,,,pool:heldout
visreg_tworoom_lambd4p5_bs512_h1_lr1e-4_seed729_185700,tworoom,tworoom,25,1,60601,cem,50,66.0,,,pool:heldout
visreg_tworoom_lambd4p5_bs512_h1_lr1e-4_seed729_185700,tworoom,tworoom,25,1,65537,cem,50,56.0,,,pool:heldout
visreg_tworoom_lambd4p5_bs512_h1_lr1e-4_seed729_185700,tworoom,tworoom,25,1,8191,cem,50,62.0,,,pool:heldout
visreg_tworoom_lambd4p5_bs512_h1_lr1e-4_seed729_185700,tworoom,tworoom,25,1,90210,cem,50,66.0,,,pool:heldout
visreg_tworoom_lambd4p5_bs512_h1_lr1e-4_seed729_185700,tworoom,pusht,25,2,42,cem,50,84.0,vis-bs512,729,ground_truth
visreg_tworoom_lambd4p5_bs512_h1_lr1e-4_seed729_185700,tworoom,pusht,25,3,42,cem,50,94.0,vis-bs512,729,ground_truth
visreg_tworoom_lambd4p5_bs512_h1_lr1e-4_seed729_185700,tworoom,pusht,25,4,42,cem,50,78.0,vis-bs512,729,ground_truth
visreg_tworoom_lambd4p5_bs512_h1_lr1e-4_seed729_185700,tworoom,pusht,25,5,42,cem,50,90.0,vis-bs512,729,ground_truth
visreg_tworoom_lambd4p5_bs512_h1_lr1e-4_seed729_185700,tworoom,pusht,25,6,42,cem,50,92.0,vis-bs512,729,ground_truth
visreg_tworoom_lambd4p5_bs512_h1_lr1e-4_seed729_185700,tworoom,pusht,25,7,42,cem,50,92.0,vis-bs512,729,ground_truth
visreg_tworoom_lambd4p5_bs512_h1_lr1e-4_seed729_185700,tworoom,pusht,25,8,42,cem,50,90.0,vis-bs512,729,ground_truth
visreg_tworoom_lambd4p5_bs512_h1_lr1e-4_seed729_185700,tworoom,pusht,25,9,42,cem,50,92.0,vis-bs512,729,ground_truth
visreg_tworoom_lambd4p5_bs512_h1_lr1e-4_seed729_185700,tworoom,pusht,25,10,1025,cem,50,86.0,vis-bs512,729,ground_truth
visreg_tworoom_lambd4p5_bs512_h1_lr1e-4_seed729_185700,tworoom,pusht,25,10,3014,cem,50,92.0,vis-bs512,729,ground_truth
visreg_tworoom_lambd4p5_bs512_h1_lr1e-4_seed729_185700,tworoom,pusht,25,10,42,cem,50,94.0,vis-bs512,729,ground_truth
visreg_tworoom_lambd4p5_bs512_h1_lr1e-4_seed729_185700,tworoom,pusht,25,10,5976,cem,50,84.0,vis-bs512,729,ground_truth
visreg_tworoom_lambd4p5_bs512_h1_lr1e-4_seed729_185700,tworoom,pusht,50,10,1025,cem,50,70.0,vis-bs512,729,ground_truth
visreg_tworoom_lambd4p5_bs512_h1_lr1e-4_seed729_185700,tworoom,pusht,50,10,3014,cem,50,70.0,vis-bs512,729,ground_truth
visreg_tworoom_lambd4p5_bs512_h1_lr1e-4_seed729_185700,tworoom,pusht,50,10,5976,cem,50,66.0,vis-bs512,729,ground_truth
visreg_tworoom_lambd4p5_bs512_h1_lr1e-4_seed729_185700,tworoom,pusht,75,10,1025,cem,50,54.0,vis-bs512,729,ground_truth
visreg_tworoom_lambd4p5_bs512_h1_lr1e-4_seed729_185700,tworoom,pusht,75,10,3014,cem,50,58.0,vis-bs512,729,ground_truth
visreg_tworoom_lambd4p5_bs512_h1_lr1e-4_seed729_185700,tworoom,pusht,75,10,5976,cem,50,44.0,vis-bs512,729,ground_truth
visreg_tworoom_lambd4p5_h1_102704,tworoom,pusht,25,1,42,cem,50,70.0,vis-bs128,base,ground_truth
visreg_tworoom_lambd4p5_h1_102704,tworoom,pusht,25,2,42,cem,50,96.0,vis-bs128,base,ground_truth
visreg_tworoom_lambd4p5_h1_102704,tworoom,pusht,25,3,42,cem,50,74.0,vis-bs128,base,ground_truth
visreg_tworoom_lambd4p5_h1_102704,tworoom,pusht,25,4,42,cem,50,92.0,vis-bs128,base,ground_truth
visreg_tworoom_lambd4p5_h1_102704,tworoom,pusht,25,5,42,cem,50,88.0,vis-bs128,base,ground_truth
visreg_tworoom_lambd4p5_h1_102704,tworoom,pusht,25,6,42,cem,50,92.0,vis-bs128,base,ground_truth
visreg_tworoom_lambd4p5_h1_102704,tworoom,pusht,25,7,42,cem,50,94.0,vis-bs128,base,ground_truth
visreg_tworoom_lambd4p5_h1_102704,tworoom,pusht,25,8,42,cem,50,94.0,vis-bs128,base,ground_truth
visreg_tworoom_lambd4p5_h1_102704,tworoom,pusht,25,9,42,cem,50,96.0,vis-bs128,base,ground_truth
visreg_tworoom_lambd4p5_h1_102704,tworoom,pusht,25,10,42,cem,50,96.0,vis-bs128,base,ground_truth
visreg_tworoom_lambd4p5_h1_lr1e-4_102916,tworoom,pusht,25,1,42,cem,50,16.0,vis-bs128,base,ground_truth
visreg_tworoom_lambd4p5_h1_lr1e-4_102916,tworoom,tworoom,25,1,2027,cem,50,20.0,,,pool:heldout
visreg_tworoom_lambd4p5_h1_lr1e-4_102916,tworoom,tworoom,25,1,5501,cem,50,28.000000000000004,,,pool:heldout
visreg_tworoom_lambd4p5_h1_lr1e-4_102916,tworoom,tworoom,25,1,60601,cem,50,26.0,,,pool:heldout
visreg_tworoom_lambd4p5_h1_lr1e-4_102916,tworoom,tworoom,25,1,65537,cem,50,20.0,,,pool:heldout
visreg_tworoom_lambd4p5_h1_lr1e-4_102916,tworoom,tworoom,25,1,8191,cem,50,20.0,,,pool:heldout
visreg_tworoom_lambd4p5_h1_lr1e-4_102916,tworoom,tworoom,25,1,90210,cem,50,18.0,,,pool:heldout
visreg_tworoom_lambd4p5_h1_lr1e-4_102916,tworoom,pusht,25,2,42,cem,50,42.0,vis-bs128,base,ground_truth
visreg_tworoom_lambd4p5_h1_lr1e-4_102916,tworoom,pusht,25,3,42,cem,50,78.0,vis-bs128,base,ground_truth
visreg_tworoom_lambd4p5_h1_lr1e-4_102916,tworoom,pusht,25,4,42,cem,50,84.0,vis-bs128,base,ground_truth
visreg_tworoom_lambd4p5_h1_lr1e-4_102916,tworoom,pusht,25,5,42,cem,50,90.0,vis-bs128,base,ground_truth
visreg_tworoom_lambd4p5_h1_lr1e-4_102916,tworoom,pusht,25,6,42,cem,50,98.0,vis-bs128,base,ground_truth
visreg_tworoom_lambd4p5_h1_lr1e-4_102916,tworoom,pusht,25,7,42,cem,50,98.0,vis-bs128,base,ground_truth
visreg_tworoom_lambd4p5_h1_lr1e-4_102916,tworoom,pusht,25,8,42,cem,50,98.0,vis-bs128,base,ground_truth
visreg_tworoom_lambd4p5_h1_lr1e-4_102916,tworoom,pusht,25,9,42,cem,50,100.0,vis-bs128,base,ground_truth
visreg_tworoom_lambd4p5_h1_lr1e-4_102916,tworoom,tworoom,25,9,2027,cem,50,96.0,,,pool:heldout
visreg_tworoom_lambd4p5_h1_lr1e-4_102916,tworoom,tworoom,25,9,5501,cem,50,96.0,,,pool:heldout
visreg_tworoom_lambd4p5_h1_lr1e-4_102916,tworoom,tworoom,25,9,60601,cem,50,94.0,,,pool:heldout
visreg_tworoom_lambd4p5_h1_lr1e-4_102916,tworoom,tworoom,25,9,65537,cem,50,94.0,,,pool:heldout
visreg_tworoom_lambd4p5_h1_lr1e-4_102916,tworoom,tworoom,25,9,8191,cem,50,92.0,,,pool:heldout
visreg_tworoom_lambd4p5_h1_lr1e-4_102916,tworoom,tworoom,25,9,90210,cem,50,92.0,,,pool:heldout
visreg_tworoom_lambd4p5_h1_lr1e-4_102916,tworoom,pusht,25,10,42,cem,50,100.0,vis-bs128,base,ground_truth
visreg_tworoom_lambd4p5_h1_lr1e-4_102916,tworoom,tworoom,25,10,2027,cem,50,94.0,,,pool:heldout
visreg_tworoom_lambd4p5_h1_lr1e-4_102916,tworoom,tworoom,25,10,5501,cem,50,96.0,,,pool:heldout
visreg_tworoom_lambd4p5_h1_lr1e-4_102916,tworoom,tworoom,25,10,60601,cem,50,94.0,,,pool:heldout
visreg_tworoom_lambd4p5_h1_lr1e-4_102916,tworoom,tworoom,25,10,65537,cem,50,98.0,,,pool:heldout
visreg_tworoom_lambd4p5_h1_lr1e-4_102916,tworoom,tworoom,25,10,8191,cem,50,92.0,,,pool:heldout
visreg_tworoom_lambd4p5_h1_lr1e-4_102916,tworoom,tworoom,25,10,90210,cem,50,88.0,,,pool:heldout
visreg_tworoom_lambd4p5_h1_lr1e-4_seed403_150694,tworoom,pusht,25,1,42,cem,50,36.0,vis-bs128,403,ground_truth
visreg_tworoom_lambd4p5_h1_lr1e-4_seed403_150694,tworoom,pusht,25,2,42,cem,50,68.0,vis-bs128,403,ground_truth
visreg_tworoom_lambd4p5_h1_lr1e-4_seed403_150694,tworoom,tworoom,25,2,2027,cem,50,68.0,,,pool:heldout
visreg_tworoom_lambd4p5_h1_lr1e-4_seed403_150694,tworoom,tworoom,25,2,5501,cem,50,78.0,,,pool:heldout
visreg_tworoom_lambd4p5_h1_lr1e-4_seed403_150694,tworoom,tworoom,25,2,60601,cem,50,76.0,,,pool:heldout
visreg_tworoom_lambd4p5_h1_lr1e-4_seed403_150694,tworoom,tworoom,25,2,65537,cem,50,78.0,,,pool:heldout
visreg_tworoom_lambd4p5_h1_lr1e-4_seed403_150694,tworoom,tworoom,25,2,8191,cem,50,78.0,,,pool:heldout
visreg_tworoom_lambd4p5_h1_lr1e-4_seed403_150694,tworoom,tworoom,25,2,90210,cem,50,72.0,,,pool:heldout
visreg_tworoom_lambd4p5_h1_lr1e-4_seed403_150694,tworoom,pusht,25,3,42,cem,50,82.0,vis-bs128,403,ground_truth
visreg_tworoom_lambd4p5_h1_lr1e-4_seed403_150694,tworoom,pusht,25,4,42,cem,50,80.0,vis-bs128,403,ground_truth
visreg_tworoom_lambd4p5_h1_lr1e-4_seed403_150694,tworoom,tworoom,25,4,5501,cem,50,88.0,,,pool:heldout
visreg_tworoom_lambd4p5_h1_lr1e-4_seed403_150694,tworoom,tworoom,25,4,60601,cem,50,86.0,,,pool:heldout
visreg_tworoom_lambd4p5_h1_lr1e-4_seed403_150694,tworoom,tworoom,25,4,90210,cem,50,80.0,,,pool:heldout
visreg_tworoom_lambd4p5_h1_lr1e-4_seed403_150694,tworoom,pusht,25,5,0,cem,50,92.0,vis-bs128,403,ground_truth
visreg_tworoom_lambd4p5_h1_lr1e-4_seed403_150694,tworoom,pusht,25,5,1025,cem,50,84.0,vis-bs128,403,ground_truth
visreg_tworoom_lambd4p5_h1_lr1e-4_seed403_150694,tworoom,pusht,25,5,123,cem,50,86.0,vis-bs128,403,ground_truth
visreg_tworoom_lambd4p5_h1_lr1e-4_seed403_150694,tworoom,pusht,25,5,2024,cem,50,90.0,vis-bs128,403,ground_truth
visreg_tworoom_lambd4p5_h1_lr1e-4_seed403_150694,tworoom,pusht,25,5,3014,cem,50,94.0,vis-bs128,403,ground_truth
visreg_tworoom_lambd4p5_h1_lr1e-4_seed403_150694,tworoom,pusht,25,5,42,cem,50,98.0,vis-bs128,403,ground_truth
visreg_tworoom_lambd4p5_h1_lr1e-4_seed403_150694,tworoom,pusht,25,5,5976,cem,50,90.0,vis-bs128,403,ground_truth
visreg_tworoom_lambd4p5_h1_lr1e-4_seed403_150694,tworoom,pusht,50,5,1025,cem,50,74.0,vis-bs128,403,ground_truth
visreg_tworoom_lambd4p5_h1_lr1e-4_seed403_150694,tworoom,pusht,50,5,3014,cem,50,66.0,vis-bs128,403,ground_truth
visreg_tworoom_lambd4p5_h1_lr1e-4_seed403_150694,tworoom,pusht,50,5,5976,cem,50,64.0,vis-bs128,403,ground_truth
visreg_tworoom_lambd4p5_h1_lr1e-4_seed403_150694,tworoom,pusht,75,5,1025,cem,50,56.0,vis-bs128,403,ground_truth
visreg_tworoom_lambd4p5_h1_lr1e-4_seed403_150694,tworoom,pusht,75,5,3014,cem,50,34.0,vis-bs128,403,ground_truth
visreg_tworoom_lambd4p5_h1_lr1e-4_seed403_150694,tworoom,pusht,75,5,5976,cem,50,46.0,vis-bs128,403,ground_truth
visreg_tworoom_lambd4p5_h1_lr1e-4_seed403_150694,tworoom,tworoom,25,5,5501,cem,50,94.0,,,pool:heldout
visreg_tworoom_lambd4p5_h1_lr1e-4_seed403_150694,tworoom,tworoom,25,5,60601,cem,50,96.0,,,pool:heldout
visreg_tworoom_lambd4p5_h1_lr1e-4_seed403_150694,tworoom,tworoom,25,5,90210,cem,50,90.0,,,pool:heldout
visreg_tworoom_lambd4p5_h1_lr1e-4_seed403_150694,tworoom,pusht,25,6,42,cem,50,86.0,vis-bs128,403,ground_truth
visreg_tworoom_lambd4p5_h1_lr1e-4_seed403_150694,tworoom,tworoom,25,6,5501,cem,50,88.0,,,pool:heldout
visreg_tworoom_lambd4p5_h1_lr1e-4_seed403_150694,tworoom,tworoom,25,6,60601,cem,50,88.0,,,pool:heldout
visreg_tworoom_lambd4p5_h1_lr1e-4_seed403_150694,tworoom,tworoom,25,6,90210,cem,50,86.0,,,pool:heldout
visreg_tworoom_lambd4p5_h1_lr1e-4_seed403_150694,tworoom,pusht,25,7,42,cem,50,92.0,vis-bs128,403,ground_truth
visreg_tworoom_lambd4p5_h1_lr1e-4_seed403_150694,tworoom,pusht,25,8,42,cem,50,94.0,vis-bs128,403,ground_truth
visreg_tworoom_lambd4p5_h1_lr1e-4_seed403_150694,tworoom,tworoom,25,8,5501,cem,50,98.0,,,pool:heldout
visreg_tworoom_lambd4p5_h1_lr1e-4_seed403_150694,tworoom,tworoom,25,8,60601,cem,50,94.0,,,pool:heldout
visreg_tworoom_lambd4p5_h1_lr1e-4_seed403_150694,tworoom,tworoom,25,8,90210,cem,50,84.0,,,pool:heldout
visreg_tworoom_lambd4p5_h1_lr1e-4_seed403_150694,tworoom,pusht,25,9,42,cem,50,94.0,vis-bs128,403,ground_truth
visreg_tworoom_lambd4p5_h1_lr1e-4_seed403_150694,tworoom,tworoom,25,9,5501,cem,50,96.0,,,pool:heldout
visreg_tworoom_lambd4p5_h1_lr1e-4_seed403_150694,tworoom,tworoom,25,9,60601,cem,50,96.0,,,pool:heldout
visreg_tworoom_lambd4p5_h1_lr1e-4_seed403_150694,tworoom,tworoom,25,9,90210,cem,50,86.0,,,pool:heldout
visreg_tworoom_lambd4p5_h1_lr1e-4_seed403_150694,tworoom,pusht,25,10,42,cem,50,96.0,vis-bs128,403,ground_truth
visreg_tworoom_lambd4p5_h1_lr1e-4_seed403_150694,tworoom,tworoom,25,10,5501,cem,50,98.0,,,pool:heldout
visreg_tworoom_lambd4p5_h1_lr1e-4_seed403_150694,tworoom,tworoom,25,10,60601,cem,50,98.0,,,pool:heldout
visreg_tworoom_lambd4p5_h1_lr1e-4_seed403_150694,tworoom,tworoom,25,10,90210,cem,50,86.0,,,pool:heldout
visreg_tworoom_lambd4p5_h1_lr1e-4_seed46_150695,tworoom,pusht,25,1,42,cem,50,44.0,vis-bs128,46,ground_truth
visreg_tworoom_lambd4p5_h1_lr1e-4_seed46_150695,tworoom,pusht,25,2,42,cem,50,38.0,vis-bs128,46,ground_truth
visreg_tworoom_lambd4p5_h1_lr1e-4_seed46_150695,tworoom,tworoom,25,2,2027,cem,50,18.0,,,pool:heldout
visreg_tworoom_lambd4p5_h1_lr1e-4_seed46_150695,tworoom,tworoom,25,2,5501,cem,50,44.0,,,pool:heldout
visreg_tworoom_lambd4p5_h1_lr1e-4_seed46_150695,tworoom,tworoom,25,2,60601,cem,50,40.0,,,pool:heldout
visreg_tworoom_lambd4p5_h1_lr1e-4_seed46_150695,tworoom,tworoom,25,2,65537,cem,50,30.0,,,pool:heldout
visreg_tworoom_lambd4p5_h1_lr1e-4_seed46_150695,tworoom,tworoom,25,2,8191,cem,50,36.0,,,pool:heldout
visreg_tworoom_lambd4p5_h1_lr1e-4_seed46_150695,tworoom,tworoom,25,2,90210,cem,50,28.000000000000004,,,pool:heldout
visreg_tworoom_lambd4p5_h1_lr1e-4_seed46_150695,tworoom,pusht,25,3,42,cem,50,92.0,vis-bs128,46,ground_truth
visreg_tworoom_lambd4p5_h1_lr1e-4_seed46_150695,tworoom,pusht,25,4,42,cem,50,88.0,vis-bs128,46,ground_truth
visreg_tworoom_lambd4p5_h1_lr1e-4_seed46_150695,tworoom,tworoom,25,4,5501,cem,50,92.0,,,pool:heldout
visreg_tworoom_lambd4p5_h1_lr1e-4_seed46_150695,tworoom,tworoom,25,4,60601,cem,50,90.0,,,pool:heldout
visreg_tworoom_lambd4p5_h1_lr1e-4_seed46_150695,tworoom,tworoom,25,4,90210,cem,50,82.0,,,pool:heldout
visreg_tworoom_lambd4p5_h1_lr1e-4_seed46_150695,tworoom,pusht,25,5,0,cem,50,96.0,vis-bs128,46,ground_truth
visreg_tworoom_lambd4p5_h1_lr1e-4_seed46_150695,tworoom,pusht,25,5,123,cem,50,92.0,vis-bs128,46,ground_truth
visreg_tworoom_lambd4p5_h1_lr1e-4_seed46_150695,tworoom,pusht,25,5,2024,cem,50,92.0,vis-bs128,46,ground_truth
visreg_tworoom_lambd4p5_h1_lr1e-4_seed46_150695,tworoom,pusht,25,5,42,cem,50,98.0,vis-bs128,46,ground_truth
visreg_tworoom_lambd4p5_h1_lr1e-4_seed46_150695,tworoom,pusht,25,6,42,cem,50,90.0,vis-bs128,46,ground_truth
visreg_tworoom_lambd4p5_h1_lr1e-4_seed46_150695,tworoom,tworoom,25,6,5501,cem,50,98.0,,,pool:heldout
visreg_tworoom_lambd4p5_h1_lr1e-4_seed46_150695,tworoom,tworoom,25,6,60601,cem,50,92.0,,,pool:heldout
visreg_tworoom_lambd4p5_h1_lr1e-4_seed46_150695,tworoom,tworoom,25,6,90210,cem,50,92.0,,,pool:heldout
visreg_tworoom_lambd4p5_h1_lr1e-4_seed46_150695,tworoom,pusht,25,7,42,cem,50,94.0,vis-bs128,46,ground_truth
visreg_tworoom_lambd4p5_h1_lr1e-4_seed46_150695,tworoom,pusht,25,8,42,cem,50,98.0,vis-bs128,46,ground_truth
visreg_tworoom_lambd4p5_h1_lr1e-4_seed46_150695,tworoom,tworoom,25,8,5501,cem,50,98.0,,,pool:heldout
visreg_tworoom_lambd4p5_h1_lr1e-4_seed46_150695,tworoom,tworoom,25,8,60601,cem,50,94.0,,,pool:heldout
visreg_tworoom_lambd4p5_h1_lr1e-4_seed46_150695,tworoom,tworoom,25,8,90210,cem,50,86.0,,,pool:heldout
visreg_tworoom_lambd4p5_h1_lr1e-4_seed46_150695,tworoom,pusht,25,9,42,cem,50,98.0,vis-bs128,46,ground_truth
visreg_tworoom_lambd4p5_h1_lr1e-4_seed46_150695,tworoom,tworoom,25,9,5501,cem,50,96.0,,,pool:heldout
visreg_tworoom_lambd4p5_h1_lr1e-4_seed46_150695,tworoom,tworoom,25,9,60601,cem,50,92.0,,,pool:heldout
visreg_tworoom_lambd4p5_h1_lr1e-4_seed46_150695,tworoom,tworoom,25,9,90210,cem,50,88.0,,,pool:heldout
visreg_tworoom_lambd4p5_h1_lr1e-4_seed46_150695,tworoom,pusht,25,10,1025,cem,50,92.0,vis-bs128,46,ground_truth
visreg_tworoom_lambd4p5_h1_lr1e-4_seed46_150695,tworoom,pusht,25,10,3014,cem,50,92.0,vis-bs128,46,ground_truth
visreg_tworoom_lambd4p5_h1_lr1e-4_seed46_150695,tworoom,pusht,25,10,42,cem,50,98.0,vis-bs128,46,ground_truth
visreg_tworoom_lambd4p5_h1_lr1e-4_seed46_150695,tworoom,pusht,25,10,5976,cem,50,94.0,vis-bs128,46,ground_truth
visreg_tworoom_lambd4p5_h1_lr1e-4_seed46_150695,tworoom,pusht,50,10,1025,cem,50,84.0,vis-bs128,46,ground_truth
visreg_tworoom_lambd4p5_h1_lr1e-4_seed46_150695,tworoom,pusht,50,10,3014,cem,50,78.0,vis-bs128,46,ground_truth
visreg_tworoom_lambd4p5_h1_lr1e-4_seed46_150695,tworoom,pusht,50,10,5976,cem,50,64.0,vis-bs128,46,ground_truth
visreg_tworoom_lambd4p5_h1_lr1e-4_seed46_150695,tworoom,pusht,75,10,1025,cem,50,68.0,vis-bs128,46,ground_truth
visreg_tworoom_lambd4p5_h1_lr1e-4_seed46_150695,tworoom,pusht,75,10,3014,cem,50,40.0,vis-bs128,46,ground_truth
visreg_tworoom_lambd4p5_h1_lr1e-4_seed46_150695,tworoom,pusht,75,10,5976,cem,50,56.0,vis-bs128,46,ground_truth
visreg_tworoom_lambd4p5_h1_lr1e-4_seed46_150695,tworoom,tworoom,25,10,5501,cem,50,98.0,,,pool:heldout
visreg_tworoom_lambd4p5_h1_lr1e-4_seed46_150695,tworoom,tworoom,25,10,60601,cem,50,92.0,,,pool:heldout
visreg_tworoom_lambd4p5_h1_lr1e-4_seed46_150695,tworoom,tworoom,25,10,90210,cem,50,88.0,,,pool:heldout
visreg_tworoom_lambd4p5_h1_lr1e-4_seed729_150693,tworoom,pusht,25,1,42,cem,50,48.0,vis-bs128,729,ground_truth
visreg_tworoom_lambd4p5_h1_lr1e-4_seed729_150693,tworoom,tworoom,25,1,2027,cem,50,32.0,,,pool:heldout
visreg_tworoom_lambd4p5_h1_lr1e-4_seed729_150693,tworoom,tworoom,25,1,5501,cem,50,54.0,,,pool:heldout
visreg_tworoom_lambd4p5_h1_lr1e-4_seed729_150693,tworoom,tworoom,25,1,60601,cem,50,50.0,,,pool:heldout
visreg_tworoom_lambd4p5_h1_lr1e-4_seed729_150693,tworoom,tworoom,25,1,65537,cem,50,42.0,,,pool:heldout
visreg_tworoom_lambd4p5_h1_lr1e-4_seed729_150693,tworoom,tworoom,25,1,8191,cem,50,46.0,,,pool:heldout
visreg_tworoom_lambd4p5_h1_lr1e-4_seed729_150693,tworoom,tworoom,25,1,90210,cem,50,38.0,,,pool:heldout
visreg_tworoom_lambd4p5_h1_lr1e-4_seed729_150693,tworoom,pusht,25,2,42,cem,50,72.0,vis-bs128,729,ground_truth
visreg_tworoom_lambd4p5_h1_lr1e-4_seed729_150693,tworoom,pusht,25,3,42,cem,50,80.0,vis-bs128,729,ground_truth
visreg_tworoom_lambd4p5_h1_lr1e-4_seed729_150693,tworoom,tworoom,25,3,2027,cem,50,76.0,,,pool:heldout
visreg_tworoom_lambd4p5_h1_lr1e-4_seed729_150693,tworoom,tworoom,25,3,5501,cem,50,90.0,,,pool:heldout
visreg_tworoom_lambd4p5_h1_lr1e-4_seed729_150693,tworoom,tworoom,25,3,60601,cem,50,78.0,,,pool:heldout
visreg_tworoom_lambd4p5_h1_lr1e-4_seed729_150693,tworoom,tworoom,25,3,65537,cem,50,84.0,,,pool:heldout
visreg_tworoom_lambd4p5_h1_lr1e-4_seed729_150693,tworoom,tworoom,25,3,8191,cem,50,76.0,,,pool:heldout
visreg_tworoom_lambd4p5_h1_lr1e-4_seed729_150693,tworoom,tworoom,25,3,90210,cem,50,78.0,,,pool:heldout
visreg_tworoom_lambd4p5_h1_lr1e-4_seed729_150693,tworoom,pusht,25,4,42,cem,50,88.0,vis-bs128,729,ground_truth
visreg_tworoom_lambd4p5_h1_lr1e-4_seed729_150693,tworoom,tworoom,25,4,5501,cem,50,90.0,,,pool:heldout
visreg_tworoom_lambd4p5_h1_lr1e-4_seed729_150693,tworoom,tworoom,25,4,60601,cem,50,88.0,,,pool:heldout
visreg_tworoom_lambd4p5_h1_lr1e-4_seed729_150693,tworoom,tworoom,25,4,90210,cem,50,86.0,,,pool:heldout
visreg_tworoom_lambd4p5_h1_lr1e-4_seed729_150693,tworoom,pusht,25,5,42,cem,50,88.0,vis-bs128,729,ground_truth
visreg_tworoom_lambd4p5_h1_lr1e-4_seed729_150693,tworoom,pusht,25,6,42,cem,50,88.0,vis-bs128,729,ground_truth
visreg_tworoom_lambd4p5_h1_lr1e-4_seed729_150693,tworoom,tworoom,25,6,5501,cem,50,92.0,,,pool:heldout
visreg_tworoom_lambd4p5_h1_lr1e-4_seed729_150693,tworoom,tworoom,25,6,60601,cem,50,90.0,,,pool:heldout
visreg_tworoom_lambd4p5_h1_lr1e-4_seed729_150693,tworoom,tworoom,25,6,90210,cem,50,88.0,,,pool:heldout
visreg_tworoom_lambd4p5_h1_lr1e-4_seed729_150693,tworoom,pusht,25,7,42,cem,50,92.0,vis-bs128,729,ground_truth
visreg_tworoom_lambd4p5_h1_lr1e-4_seed729_150693,tworoom,pusht,25,8,0,cem,50,94.0,vis-bs128,729,ground_truth
visreg_tworoom_lambd4p5_h1_lr1e-4_seed729_150693,tworoom,pusht,25,8,123,cem,50,92.0,vis-bs128,729,ground_truth
visreg_tworoom_lambd4p5_h1_lr1e-4_seed729_150693,tworoom,pusht,25,8,2024,cem,50,92.0,vis-bs128,729,ground_truth
visreg_tworoom_lambd4p5_h1_lr1e-4_seed729_150693,tworoom,pusht,25,8,42,cem,50,96.0,vis-bs128,729,ground_truth
visreg_tworoom_lambd4p5_h1_lr1e-4_seed729_150693,tworoom,tworoom,25,8,5501,cem,50,94.0,,,pool:heldout
visreg_tworoom_lambd4p5_h1_lr1e-4_seed729_150693,tworoom,tworoom,25,8,60601,cem,50,94.0,,,pool:heldout
visreg_tworoom_lambd4p5_h1_lr1e-4_seed729_150693,tworoom,tworoom,25,8,90210,cem,50,90.0,,,pool:heldout
visreg_tworoom_lambd4p5_h1_lr1e-4_seed729_150693,tworoom,pusht,25,9,1025,cem,50,92.0,vis-bs128,729,ground_truth
visreg_tworoom_lambd4p5_h1_lr1e-4_seed729_150693,tworoom,pusht,25,9,3014,cem,50,96.0,vis-bs128,729,ground_truth
visreg_tworoom_lambd4p5_h1_lr1e-4_seed729_150693,tworoom,pusht,25,9,42,cem,50,96.0,vis-bs128,729,ground_truth
visreg_tworoom_lambd4p5_h1_lr1e-4_seed729_150693,tworoom,pusht,25,9,5976,cem,50,96.0,vis-bs128,729,ground_truth
visreg_tworoom_lambd4p5_h1_lr1e-4_seed729_150693,tworoom,pusht,50,9,1025,cem,50,80.0,vis-bs128,729,ground_truth
visreg_tworoom_lambd4p5_h1_lr1e-4_seed729_150693,tworoom,pusht,50,9,3014,cem,50,70.0,vis-bs128,729,ground_truth
visreg_tworoom_lambd4p5_h1_lr1e-4_seed729_150693,tworoom,pusht,50,9,5976,cem,50,62.0,vis-bs128,729,ground_truth
visreg_tworoom_lambd4p5_h1_lr1e-4_seed729_150693,tworoom,pusht,75,9,1025,cem,50,62.0,vis-bs128,729,ground_truth
visreg_tworoom_lambd4p5_h1_lr1e-4_seed729_150693,tworoom,pusht,75,9,3014,cem,50,46.0,vis-bs128,729,ground_truth
visreg_tworoom_lambd4p5_h1_lr1e-4_seed729_150693,tworoom,pusht,75,9,5976,cem,50,60.0,vis-bs128,729,ground_truth
visreg_tworoom_lambd4p5_h1_lr1e-4_seed729_150693,tworoom,tworoom,25,9,5501,cem,50,94.0,,,pool:heldout
visreg_tworoom_lambd4p5_h1_lr1e-4_seed729_150693,tworoom,tworoom,25,9,60601,cem,50,94.0,,,pool:heldout
visreg_tworoom_lambd4p5_h1_lr1e-4_seed729_150693,tworoom,tworoom,25,9,90210,cem,50,90.0,,,pool:heldout
visreg_tworoom_lambd4p5_h1_lr1e-4_seed729_150693,tworoom,pusht,25,10,42,cem,50,94.0,vis-bs128,729,ground_truth
visreg_tworoom_lambd4p5_h1_lr1e-4_seed729_150693,tworoom,tworoom,25,10,5501,cem,50,92.0,,,pool:heldout
visreg_tworoom_lambd4p5_h1_lr1e-4_seed729_150693,tworoom,tworoom,25,10,60601,cem,50,98.0,,,pool:heldout
visreg_tworoom_lambd4p5_h1_lr1e-4_seed729_150693,tworoom,tworoom,25,10,90210,cem,50,88.0,,,pool:heldout
visreg_tworoom_lambd4p5_h1_lr2e-5_102919,tworoom,pusht,25,1,42,cem,50,66.0,vis-bs128,base,ground_truth
visreg_tworoom_lambd4p5_h1_lr2e-5_102919,tworoom,pusht,25,2,42,cem,50,80.0,vis-bs128,base,ground_truth
visreg_tworoom_lambd4p5_h1_lr2e-5_102919,tworoom,pusht,25,3,42,cem,50,88.0,vis-bs128,base,ground_truth
visreg_tworoom_lambd4p5_h1_lr2e-5_102919,tworoom,pusht,25,4,42,cem,50,86.0,vis-bs128,base,ground_truth
visreg_tworoom_lambd4p5_h1_lr2e-5_102919,tworoom,pusht,25,5,42,cem,50,92.0,vis-bs128,base,ground_truth
visreg_tworoom_lambd4p5_h1_lr2e-5_102919,tworoom,pusht,25,6,42,cem,50,88.0,vis-bs128,base,ground_truth
visreg_tworoom_lambd4p5_h1_lr2e-5_102919,tworoom,pusht,25,7,42,cem,50,94.0,vis-bs128,base,ground_truth
visreg_tworoom_lambd4p5_h1_lr2e-5_102919,tworoom,pusht,25,8,42,cem,50,94.0,vis-bs128,base,ground_truth
visreg_tworoom_lambd4p5_h1_lr2e-5_102919,tworoom,pusht,25,9,42,cem,50,90.0,vis-bs128,base,ground_truth
visreg_tworoom_lambd4p5_h1_lr2e-5_102919,tworoom,pusht,25,10,42,cem,50,92.0,vis-bs128,base,ground_truth
visreg_tworoom_lambd4p5_h1_lr3e-5_102918,tworoom,pusht,25,1,42,cem,50,48.0,vis-bs128,base,ground_truth
visreg_tworoom_lambd4p5_h1_lr3e-5_102918,tworoom,tworoom,25,1,2027,cem,50,44.0,,,pool:heldout
visreg_tworoom_lambd4p5_h1_lr3e-5_102918,tworoom,tworoom,25,1,65537,cem,50,54.0,,,pool:heldout
visreg_tworoom_lambd4p5_h1_lr3e-5_102918,tworoom,tworoom,25,1,8191,cem,50,52.0,,,pool:heldout
visreg_tworoom_lambd4p5_h1_lr3e-5_102918,tworoom,pusht,25,2,42,cem,50,78.0,vis-bs128,base,ground_truth
visreg_tworoom_lambd4p5_h1_lr3e-5_102918,tworoom,pusht,25,3,42,cem,50,94.0,vis-bs128,base,ground_truth
visreg_tworoom_lambd4p5_h1_lr3e-5_102918,tworoom,pusht,25,4,42,cem,50,96.0,vis-bs128,base,ground_truth
visreg_tworoom_lambd4p5_h1_lr3e-5_102918,tworoom,pusht,25,5,42,cem,50,88.0,vis-bs128,base,ground_truth
visreg_tworoom_lambd4p5_h1_lr3e-5_102918,tworoom,pusht,25,6,42,cem,50,90.0,vis-bs128,base,ground_truth
visreg_tworoom_lambd4p5_h1_lr3e-5_102918,tworoom,pusht,25,7,42,cem,50,92.0,vis-bs128,base,ground_truth
visreg_tworoom_lambd4p5_h1_lr3e-5_102918,tworoom,pusht,25,8,42,cem,50,94.0,vis-bs128,base,ground_truth
visreg_tworoom_lambd4p5_h1_lr3e-5_102918,tworoom,pusht,25,9,42,cem,50,98.0,vis-bs128,base,ground_truth
visreg_tworoom_lambd4p5_h1_lr3e-5_102918,tworoom,pusht,25,10,42,cem,50,96.0,vis-bs128,base,ground_truth
visreg_tworoom_lambd4p5_h1_lr7e-5_102917,tworoom,pusht,25,1,42,cem,50,86.0,vis-bs128,base,ground_truth
visreg_tworoom_lambd4p5_h1_lr7e-5_102917,tworoom,pusht,25,2,42,cem,50,84.0,vis-bs128,base,ground_truth
visreg_tworoom_lambd4p5_h1_lr7e-5_102917,tworoom,pusht,25,3,42,cem,50,78.0,vis-bs128,base,ground_truth
visreg_tworoom_lambd4p5_h1_lr7e-5_102917,tworoom,pusht,25,4,42,cem,50,90.0,vis-bs128,base,ground_truth
visreg_tworoom_lambd4p5_h1_lr7e-5_102917,tworoom,pusht,25,5,42,cem,50,94.0,vis-bs128,base,ground_truth
visreg_tworoom_lambd4p5_h1_lr7e-5_102917,tworoom,pusht,25,6,42,cem,50,96.0,vis-bs128,base,ground_truth
visreg_tworoom_lambd4p5_h1_lr7e-5_102917,tworoom,pusht,25,7,42,cem,50,96.0,vis-bs128,base,ground_truth
visreg_tworoom_lambd4p5_h1_lr7e-5_102917,tworoom,pusht,25,8,42,cem,50,96.0,vis-bs128,base,ground_truth
visreg_tworoom_lambd4p5_h1_lr7e-5_102917,tworoom,pusht,25,9,42,cem,50,96.0,vis-bs128,base,ground_truth
visreg_tworoom_lambd4p5_h1_lr7e-5_102917,tworoom,pusht,25,10,42,cem,50,96.0,vis-bs128,base,ground_truth
visreg_tworoom_lambd4p5_h1_lr7e-5_102917,tworoom,tworoom,25,10,2027,cem,50,92.0,,,pool:heldout
visreg_tworoom_lambd4p5_h1_lr7e-5_102917,tworoom,tworoom,25,10,5501,cem,50,96.0,,,pool:heldout
visreg_tworoom_lambd4p5_h1_lr7e-5_102917,tworoom,tworoom,25,10,60601,cem,50,98.0,,,pool:heldout
visreg_tworoom_lambd4p5_h1_lr7e-5_102917,tworoom,tworoom,25,10,65537,cem,50,92.0,,,pool:heldout
visreg_tworoom_lambd4p5_h1_lr7e-5_102917,tworoom,tworoom,25,10,8191,cem,50,88.0,,,pool:heldout
visreg_tworoom_lambd4p5_h1_lr7e-5_102917,tworoom,tworoom,25,10,90210,cem,50,92.0,,,pool:heldout
